t_s,pitch_deg,roll_deg,cmd_lineal,cmd_angular,v_ms,w_degs,rtt_ms,periodo_trama_ms,conectado,teclado,boton_agarre,boton_adelante,boton_atras,bateria
0.216,0.0,0.0,0.000,0.000,0.000,0.00,-1.0,0.0,0,1,0,0,0,-1
0.278,0.0,0.0,0.000,0.000,0.000,0.00,-1.0,0.0,0,1,0,0,0,-1
0.430,0.0,0.0,0.000,0.000,0.000,0.00,-1.0,0.0,0,1,0,0,0,-1
0.487,0.0,0.0,0.000,0.000,0.000,0.00,-1.0,0.0,0,1,0,0,0,-1
0.547,0.0,0.0,0.000,0.000,0.000,0.00,-1.0,0.0,0,1,0,0,0,-1
0.615,0.0,0.0,0.000,0.000,0.000,0.00,-1.0,0.0,0,1,0,0,0,-1
0.688,0.0,0.0,0.000,0.000,0.000,0.00,-1.0,0.0,0,1,0,0,0,-1
0.751,0.0,0.0,0.000,0.000,0.000,0.00,-1.0,0.0,0,1,0,0,0,-1
0.810,0.0,0.0,0.000,0.000,0.000,0.00,-1.0,0.0,0,1,0,0,0,-1
0.876,0.0,0.0,0.000,0.000,0.000,0.00,-1.0,0.0,0,1,0,0,0,-1
0.944,0.0,0.0,0.000,0.000,0.000,0.00,-1.0,0.0,0,1,0,0,0,-1
0.998,0.0,0.0,0.000,0.000,0.000,0.00,-1.0,0.0,0,1,0,0,0,-1
1.063,0.0,0.0,0.000,0.000,0.000,0.00,-1.0,0.0,0,1,0,0,0,-1
1.132,0.0,0.0,0.000,0.000,0.000,0.00,-1.0,0.0,0,1,0,0,0,-1
1.195,0.0,0.0,0.000,0.000,0.000,0.00,-1.0,0.0,0,1,0,0,0,-1
1.247,0.0,0.0,0.000,0.000,0.000,0.00,-1.0,0.0,0,1,0,0,0,-1
1.311,0.0,0.0,0.000,0.000,0.000,0.00,-1.0,0.0,0,1,0,0,0,-1
1.363,0.0,0.0,0.000,0.000,0.000,0.00,-1.0,0.0,0,1,0,0,0,-1
1.428,0.0,0.0,0.000,0.000,0.000,0.00,-1.0,0.0,0,1,0,0,0,-1
1.479,0.0,0.0,0.000,0.000,0.000,0.00,-1.0,0.0,0,1,0,0,0,-1
1.546,0.0,0.0,0.000,0.000,0.000,0.00,-1.0,0.0,0,1,0,0,0,-1
1.613,0.0,0.0,0.000,0.000,0.000,0.00,-1.0,0.0,0,1,0,0,0,-1
1.678,0.0,0.0,0.000,0.000,0.000,0.00,-1.0,0.0,0,1,0,0,0,-1
1.745,0.0,0.0,0.000,0.000,0.000,0.00,-1.0,0.0,0,1,0,0,0,-1
1.797,0.0,0.0,0.000,0.000,0.000,0.00,-1.0,0.0,0,1,0,0,0,-1
1.862,0.0,0.0,0.000,0.000,0.000,0.00,-1.0,0.0,0,1,0,0,0,-1
1.912,0.0,0.0,0.000,0.000,0.000,0.00,-1.0,0.0,0,1,0,0,0,-1
1.963,0.0,0.0,0.000,0.000,0.000,0.00,-1.0,0.0,0,1,0,0,0,-1
2.013,0.0,0.0,0.000,0.000,0.000,0.00,-1.0,0.0,0,1,0,0,0,-1
2.063,0.0,0.0,0.000,0.000,0.000,0.00,-1.0,0.0,0,1,0,0,0,-1
2.113,0.0,0.0,0.000,0.000,0.000,0.00,-1.0,0.0,0,1,0,0,0,-1
2.180,0.0,0.0,0.000,0.000,0.000,0.00,-1.0,0.0,0,1,0,0,0,-1
2.231,0.0,0.0,0.000,0.000,0.000,0.00,-1.0,0.0,0,1,0,0,0,-1
2.296,0.0,0.0,0.000,0.000,0.000,0.00,-1.0,0.0,0,1,0,0,0,-1
2.363,0.0,0.0,0.000,0.000,0.000,0.00,-1.0,0.0,0,1,0,0,0,-1
2.430,0.0,0.0,0.000,0.000,0.000,0.00,-1.0,0.0,0,1,0,0,0,-1
2.480,0.0,0.0,0.000,0.000,0.000,0.00,-1.0,0.0,0,1,0,0,0,-1
2.546,0.0,0.0,0.000,0.000,0.000,0.00,-1.0,0.0,0,1,0,0,0,-1
2.596,0.0,0.0,0.000,0.000,0.000,0.00,-1.0,0.0,0,1,0,0,0,-1
2.646,0.0,0.0,0.000,0.000,0.000,0.00,-1.0,0.0,0,1,0,0,0,-1
2.713,0.0,0.0,0.000,0.000,0.000,0.00,-1.0,0.0,0,1,0,0,0,-1
2.763,0.0,0.0,0.000,0.000,0.000,0.00,-1.0,0.0,0,1,0,0,0,-1
2.817,3.0,0.0,0.000,0.000,0.000,0.00,-1.0,0.0,0,1,0,0,0,-1
2.868,7.1,0.0,0.000,0.000,0.000,0.00,-1.0,0.0,0,1,0,0,0,-1
2.926,5.1,0.0,0.032,0.000,0.015,0.00,-1.0,0.0,0,1,0,0,0,-1
2.991,0.0,0.0,0.000,0.000,0.010,0.00,-1.0,0.0,0,1,0,0,0,-1
3.042,0.0,0.0,0.000,0.000,0.007,0.00,-1.0,0.0,0,1,0,0,0,-1
3.108,0.0,0.0,0.000,0.000,0.005,0.00,-1.0,0.0,0,1,0,0,0,-1
3.166,0.0,0.0,0.000,0.000,0.003,0.00,-1.0,0.0,0,1,0,0,0,-1
3.224,0.0,0.0,0.000,0.000,0.002,0.00,-1.0,0.0,0,1,0,0,0,-1
3.290,0.0,0.0,0.000,0.000,0.001,0.00,-1.0,0.0,0,1,0,0,0,-1
3.341,0.0,0.0,0.000,0.000,0.001,0.00,-1.0,0.0,0,1,0,0,0,-1
3.391,0.0,0.0,0.000,0.000,0.001,0.00,-1.0,0.0,0,1,0,0,0,-1
3.457,0.0,0.0,0.000,0.000,0.000,0.00,-1.0,0.0,0,1,0,0,0,-1
3.508,0.0,0.0,0.000,0.000,0.000,0.00,-1.0,0.0,0,1,0,0,0,-1
3.574,0.0,0.0,0.000,0.000,0.000,0.00,-1.0,0.0,0,1,0,0,0,-1
3.625,0.8,0.0,0.000,0.000,0.000,0.00,-1.0,0.0,0,1,0,0,0,-1
3.690,6.0,0.0,0.000,0.000,0.000,0.00,-1.0,0.0,0,1,0,0,0,-1
3.740,10.0,0.0,0.039,0.000,0.012,0.00,-1.0,0.0,0,1,0,0,0,-1
3.807,7.5,0.0,0.042,0.000,0.049,0.00,-1.0,0.0,0,1,0,0,0,-1
3.874,2.1,0.0,0.000,0.000,0.035,0.00,-1.0,0.0,0,1,0,0,0,-1
3.943,0.0,0.0,0.000,0.000,0.021,0.00,-1.0,0.0,0,1,0,0,0,-1
4.008,0.0,0.0,0.000,0.000,0.014,0.00,-1.0,0.0,0,1,0,0,0,-1
4.070,0.0,0.0,0.000,0.000,0.009,0.00,-1.0,0.0,0,1,0,0,0,-1
4.125,0.0,0.0,0.000,0.000,0.006,0.00,-1.0,0.0,0,1,0,0,0,-1
4.175,0.0,0.0,0.000,0.000,0.005,0.00,-1.0,0.0,0,1,0,0,0,-1
4.241,0.0,0.0,0.000,0.000,0.003,0.00,-1.0,0.0,0,1,0,0,0,-1
4.291,0.0,0.0,0.000,0.000,0.002,0.00,-1.0,0.0,0,1,0,0,0,-1
4.342,0.0,0.0,0.000,0.000,0.001,0.00,-1.0,0.0,0,1,0,0,0,-1
4.408,0.0,0.0,0.000,0.000,0.001,0.00,-1.0,0.0,0,1,0,0,0,-1
4.458,0.0,0.0,0.000,0.000,0.001,0.00,-1.0,0.0,0,1,0,0,0,-1
4.509,2.8,0.0,0.000,0.000,0.000,0.00,-1.0,0.0,0,1,0,0,0,-1
4.574,8.0,0.0,0.005,0.000,0.002,0.00,-1.0,0.0,0,1,0,0,0,-1
4.625,12.1,0.0,0.088,0.000,0.035,0.00,-1.0,0.0,0,1,0,0,0,-1
4.691,17.4,0.0,0.269,0.000,0.149,0.00,-1.0,0.0,0,1,0,0,0,-1
4.759,22.8,0.0,0.451,0.000,0.334,0.00,-1.0,0.0,0,1,0,0,0,-1
4.824,25.0,0.0,0.704,0.000,0.693,0.00,-1.0,0.0,0,1,0,0,0,-1
4.874,25.0,0.0,0.704,0.000,0.828,0.00,-1.0,0.0,0,1,0,0,0,-1
4.942,25.0,0.0,0.704,0.000,1.010,0.00,-1.0,0.0,0,1,0,0,0,-1
5.010,25.0,0.0,0.704,0.000,1.095,0.00,-1.0,0.0,0,1,0,0,0,-1
5.075,25.0,0.0,0.704,0.000,1.152,0.00,-1.0,0.0,0,1,0,0,0,-1
5.125,25.0,0.0,0.704,0.000,1.190,0.00,-1.0,0.0,0,1,0,0,0,-1
5.175,25.0,0.0,0.704,0.000,1.208,0.00,-1.0,0.0,0,1,0,0,0,-1
5.250,20.3,0.0,0.562,0.000,1.186,0.00,-1.0,0.0,0,1,0,0,0,-1
5.300,16.2,0.0,0.331,0.000,1.026,0.00,-1.0,0.0,0,1,0,0,0,-1
5.351,12.2,0.0,0.174,0.000,0.869,0.00,-1.0,0.0,0,1,0,0,0,-1
5.419,6.8,0.0,0.054,0.000,0.635,0.00,-1.0,0.0,0,1,0,0,0,-1
5.469,2.8,0.0,0.000,0.000,0.427,0.00,-1.0,0.0,0,1,0,0,0,-1
5.534,0.0,0.0,0.000,0.000,0.286,0.00,-1.0,0.0,0,1,0,0,0,-1
5.601,0.0,0.0,0.000,0.000,0.168,0.00,-1.0,0.0,0,1,0,0,0,-1
5.667,0.0,0.0,0.000,0.000,0.112,0.00,-1.0,0.0,0,1,0,0,0,-1
5.731,0.0,0.0,0.000,0.000,0.075,0.00,-1.0,0.0,0,1,0,0,0,-1
5.784,0.0,0.0,0.000,0.000,0.051,0.00,-1.0,0.0,0,1,0,0,0,-1
5.850,1.3,0.0,0.000,0.000,0.034,0.00,-1.0,0.0,0,1,0,0,0,-1
5.917,1.0,0.0,0.000,0.000,0.023,0.00,-1.0,0.0,0,1,0,0,0,-1
5.968,0.0,0.0,0.000,0.000,0.015,0.00,-1.0,0.0,0,1,0,0,0,-1
6.033,3.8,0.0,0.000,0.000,0.010,0.00,-1.0,0.0,0,1,0,0,0,-1
6.102,9.3,0.0,0.020,0.000,0.011,0.00,-1.0,0.0,0,1,0,0,0,-1
6.167,14.5,0.0,0.162,0.000,0.081,0.00,-1.0,0.0,0,1,0,0,0,-1
6.218,18.6,0.0,0.258,0.000,0.162,0.00,-1.0,0.0,0,1,0,0,0,-1
6.285,24.0,0.0,0.567,0.000,0.454,0.00,-1.0,0.0,0,1,0,0,0,-1
6.337,25.0,0.0,0.704,0.000,0.633,0.00,-1.0,0.0,0,1,0,0,0,-1
6.400,25.0,0.0,0.704,0.000,0.896,0.00,-1.0,0.0,0,1,0,0,0,-1
6.453,25.0,0.0,0.704,0.000,0.983,0.00,-1.0,0.0,0,1,0,0,0,-1
6.519,25.0,0.0,0.704,0.000,1.077,0.00,-1.0,0.0,0,1,0,0,0,-1
6.584,25.0,0.0,0.704,0.000,1.156,0.00,-1.0,0.0,0,1,0,0,0,-1
6.637,25.0,0.0,0.704,0.000,1.182,0.00,-1.0,0.0,0,1,0,0,0,-1
6.700,25.0,0.0,0.704,0.000,1.210,0.00,-1.0,0.0,0,1,0,0,0,-1
6.750,25.0,0.0,0.704,0.000,1.229,0.00,-1.0,0.0,0,1,0,0,0,-1
6.817,25.0,0.0,0.704,0.000,1.242,0.00,-1.0,0.0,0,1,0,0,0,-1
6.884,25.0,0.0,0.704,0.000,1.253,0.00,-1.0,0.0,0,1,0,0,0,-1
6.938,25.0,0.0,0.704,0.000,1.256,0.00,-1.0,0.0,0,1,0,0,0,-1
6.990,25.0,0.0,0.704,0.000,1.260,0.00,-1.0,0.0,0,1,0,0,0,-1
7.051,21.0,0.0,0.563,0.000,1.217,0.00,-1.0,0.0,0,1,0,0,0,-1
7.117,15.7,0.0,0.347,0.000,1.063,0.00,-1.0,0.0,0,1,0,0,0,-1
7.183,10.4,0.0,0.117,0.000,0.756,0.00,-1.0,0.0,0,1,0,0,0,-1
7.234,6.4,0.0,0.018,0.000,0.599,0.00,-1.0,0.0,0,1,0,0,0,-1
7.284,2.3,0.0,0.000,0.000,0.402,0.00,-1.0,0.0,0,1,0,0,0,-1
7.351,0.0,0.0,0.000,0.000,0.269,0.00,-1.0,0.0,0,1,0,0,0,-1
7.401,0.0,0.0,0.000,0.000,0.180,0.00,-1.0,0.0,0,1,0,0,0,-1
7.467,-4.0,0.0,0.000,0.000,0.121,0.00,-1.0,0.0,0,1,0,0,0,-1
7.517,-8.0,0.0,0.000,0.000,0.093,0.00,-1.0,0.0,0,1,0,0,0,-1
7.584,-13.4,0.0,-0.124,0.000,-0.002,0.00,-1.0,0.0,0,1,0,0,0,-1
7.651,-18.7,0.0,-0.325,0.000,-0.164,0.00,-1.0,0.0,0,1,0,0,0,-1
7.717,-24.1,0.0,-0.578,0.000,-0.395,0.00,-1.0,0.0,0,1,0,0,0,-1
7.783,-25.0,0.0,-0.704,0.000,-0.748,0.00,-1.0,0.0,0,1,0,0,0,-1
7.833,-25.0,0.0,-0.704,0.000,-0.870,0.00,-1.0,0.0,0,1,0,0,0,-1
7.883,-25.0,0.0,-0.704,0.000,-1.001,0.00,-1.0,0.0,0,1,0,0,0,-1
7.934,-25.0,0.0,-0.704,0.000,-1.063,0.00,-1.0,0.0,0,1,0,0,0,-1
7.984,-25.0,0.0,-0.704,0.000,-1.131,0.00,-1.0,0.0,0,1,0,0,0,-1
8.049,-25.0,0.0,-0.704,0.000,-1.176,0.00,-1.0,0.0,0,1,0,0,0,-1
8.101,-25.0,0.0,-0.704,0.000,-1.206,0.00,-1.0,0.0,0,1,0,0,0,-1
8.167,-25.0,0.0,-0.704,0.000,-1.227,0.00,-1.0,0.0,0,1,0,0,0,-1
8.219,-25.0,0.0,-0.704,0.000,-1.236,0.00,-1.0,0.0,0,1,0,0,0,-1
8.283,-25.0,0.0,-0.704,0.000,-1.249,0.00,-1.0,0.0,0,1,0,0,0,-1
8.333,-25.0,0.0,-0.704,0.000,-1.254,0.00,-1.0,0.0,0,1,0,0,0,-1
8.400,-25.0,0.0,-0.704,0.000,-1.260,0.00,-1.0,0.0,0,1,0,0,0,-1
8.452,-25.0,0.0,-0.704,0.000,-1.262,0.00,-1.0,0.0,0,1,0,0,0,-1
8.518,-21.0,0.0,-0.632,0.000,-1.247,0.00,-1.0,0.0,0,1,0,0,0,-1
8.584,-15.7,-4.1,-0.311,0.000,-1.023,0.00,-1.0,0.0,0,1,0,0,0,-1
8.635,-11.6,-8.1,-0.160,-0.005,-0.870,-0.05,-1.0,0.0,0,1,0,0,0,-1
8.701,-6.3,-13.4,-0.019,-0.126,-0.554,-2.96,-1.0,0.0,0,1,0,0,0,-1
8.753,-2.1,-17.6,0.000,-0.269,-0.424,-7.42,-1.0,0.0,0,1,0,0,0,-1
8.817,0.0,-22.7,0.000,-0.449,-0.284,-16.68,-1.0,0.0,0,1,0,0,0,-1
8.868,0.0,-25.0,0.000,-0.704,-0.191,-30.51,-1.0,0.0,0,1,0,0,0,-1
8.933,0.0,-21.0,0.000,-0.562,-0.128,-39.75,-1.0,0.0,0,1,0,0,0,-1
8.984,0.0,-17.0,0.000,-0.367,-0.086,-39.20,-1.0,0.0,0,1,0,0,0,-1
9.052,0.0,-11.5,0.000,-0.157,-0.057,-32.27,-1.0,0.0,0,1,0,0,0,-1
9.117,0.0,-6.3,0.000,-0.044,-0.038,-23.79,-1.0,0.0,0,1,0,0,0,-1
9.167,0.0,-2.3,0.000,0.000,-0.026,-15.96,-1.0,0.0,0,1,0,0,0,-1
9.233,4.0,0.0,0.000,0.000,-0.017,-10.70,-1.0,0.0,0,1,0,0,0,-1
9.300,9.3,0.0,0.023,0.000,-0.004,-6.27,-1.0,0.0,0,1,0,0,0,-1
9.354,13.6,0.0,0.125,0.000,0.041,-4.81,-1.0,0.0,0,1,0,0,0,-1
9.416,18.6,0.0,0.271,0.000,0.163,-3.22,-1.0,0.0,0,1,0,0,0,-1
9.469,22.8,0.0,0.513,0.000,0.379,-2.16,-1.0,0.0,0,1,0,0,0,-1
9.532,25.0,0.0,0.704,0.000,0.641,-1.45,-1.0,0.0,0,1,0,0,0,-1
9.583,25.0,0.0,0.704,0.000,0.848,-0.97,-1.0,0.0,0,1,0,0,0,-1
9.634,25.0,0.0,0.704,0.000,0.946,-0.74,-1.0,0.0,0,1,0,0,0,-1
9.684,25.0,0.0,0.704,0.000,1.052,-0.50,-1.0,0.0,0,1,0,0,0,-1
9.751,25.0,-4.0,0.704,0.000,1.123,-0.33,-1.0,0.0,0,1,0,0,0,-1
9.817,25.0,-9.4,0.704,-0.005,1.171,-0.28,-1.0,0.0,0,1,0,0,0,-1
9.885,25.0,-14.8,0.704,-0.170,1.211,-4.46,-1.0,0.0,0,1,0,0,0,-1
9.955,25.0,-20.4,0.704,-0.385,1.230,-12.41,-1.0,0.0,0,1,0,0,0,-1
10.017,25.0,-25.0,0.704,-0.584,1.242,-23.81,-1.0,0.0,0,1,0,0,0,-1
10.084,25.0,-25.0,0.704,-0.704,1.253,-40.17,-1.0,0.0,0,1,0,0,0,-1
10.134,25.0,-25.0,0.704,-0.704,1.256,-45.61,-1.0,0.0,0,1,0,0,0,-1
10.185,25.0,-23.6,0.704,-0.704,1.260,-51.47,-1.0,0.0,0,1,0,0,0,-1
10.250,25.0,-18.4,0.704,-0.431,1.263,-49.62,-1.0,0.0,0,1,0,0,0,-1
10.316,25.0,-13.1,0.704,-0.209,1.264,-41.90,-1.0,0.0,0,1,0,0,0,-1
10.367,25.0,-9.0,0.704,-0.077,1.266,-31.49,-1.0,0.0,0,1,0,0,0,-1
10.434,25.0,-3.7,0.704,0.000,1.266,-21.68,-1.0,0.0,0,1,0,0,0,-1
10.499,25.0,0.0,0.704,0.000,1.267,-14.53,-1.0,0.0,0,1,0,0,0,-1
10.550,25.0,0.0,0.704,0.000,1.267,-9.74,-1.0,0.0,0,1,0,0,0,-1
10.601,25.0,0.0,0.704,0.000,1.267,-6.53,-1.0,0.0,0,1,0,0,0,-1
10.668,25.0,0.0,0.704,0.000,1.268,-4.38,-1.0,0.0,0,1,0,0,0,-1
10.734,20.9,0.0,0.561,0.000,1.236,-2.93,-1.0,0.0,0,1,0,0,0,-1
10.784,16.9,0.0,0.365,0.000,1.079,-1.97,-1.0,0.0,0,1,0,0,0,-1
10.834,12.9,0.0,0.204,0.000,0.933,-1.51,-1.0,0.0,0,1,0,0,0,-1
10.899,7.7,0.0,0.072,0.000,0.691,-1.01,-1.0,0.0,0,1,0,0,0,-1
10.951,3.6,0.0,0.000,0.000,0.467,-0.68,-1.0,0.0,0,1,0,0,0,-1
11.020,0.0,0.0,0.000,0.000,0.313,-0.45,-1.0,0.0,0,1,0,0,0,-1
11.083,0.0,0.0,0.000,0.000,0.184,-0.27,-1.0,0.0,0,1,0,0,0,-1
11.135,0.0,0.0,0.000,0.000,0.141,-0.20,-1.0,0.0,0,1,0,0,0,-1
11.201,0.0,0.0,0.000,0.000,0.082,-0.12,-1.0,0.0,0,1,0,0,0,-1
11.267,0.0,0.0,0.000,0.000,0.055,-0.08,-1.0,0.0,0,1,0,0,0,-1
11.322,0.0,0.0,0.000,0.000,0.037,-0.05,-1.0,0.0,0,1,0,0,0,-1
11.383,0.0,0.0,0.000,0.000,0.025,-0.04,-1.0,0.0,0,1,0,0,0,-1
11.434,0.0,0.0,0.000,0.000,0.019,-0.03,-1.0,0.0,0,1,0,0,0,-1
11.484,0.0,0.0,0.000,0.000,0.013,-0.02,-1.0,0.0,0,1,0,0,0,-1
11.551,-4.0,0.0,0.000,0.000,0.009,-0.01,-1.0,0.0,0,1,0,0,0,-1
11.622,-9.7,0.0,-0.024,0.000,-0.005,-0.01,-1.0,0.0,0,1,0,0,0,-1
11.684,-14.7,0.0,-0.169,0.000,-0.081,0.00,-1.0,0.0,0,1,0,0,0,-1
11.734,-18.7,0.0,-0.326,0.000,-0.178,0.00,-1.0,0.0,0,1,0,0,0,-1
11.799,-23.9,0.0,-0.529,0.000,-0.392,0.00,-1.0,0.0,0,1,0,0,0,-1
11.851,-25.0,0.0,-0.704,0.000,-0.671,0.00,-1.0,0.0,0,1,0,0,0,-1
11.902,-25.0,0.0,-0.704,0.000,-0.868,0.00,-1.0,0.0,0,1,0,0,0,-1
11.967,-25.0,0.0,-0.704,0.000,-1.000,0.00,-1.0,0.0,0,1,0,0,0,-1
12.034,-25.0,0.0,-0.704,0.000,-1.088,0.00,-1.0,0.0,0,1,0,0,0,-1
12.086,-25.0,0.0,-0.704,0.000,-1.147,0.00,-1.0,0.0,0,1,0,0,0,-1
12.152,-25.0,0.0,-0.704,0.000,-1.187,0.00,-1.0,0.0,0,1,0,0,0,-1
12.224,-25.0,0.0,-0.704,0.000,-1.221,0.00,-1.0,0.0,0,1,0,0,0,-1
12.283,-25.0,0.0,-0.704,0.000,-1.236,0.00,-1.0,0.0,0,1,0,0,0,-1
12.335,-25.0,0.0,-0.704,0.000,-1.244,0.00,-1.0,0.0,0,1,0,0,0,-1
12.401,-25.0,0.0,-0.704,0.000,-1.254,0.00,-1.0,0.0,0,1,0,0,0,-1
12.467,-25.0,5.3,-0.704,0.000,-1.258,0.00,-1.0,0.0,0,1,0,0,0,-1
12.518,-25.0,9.3,-0.704,0.023,-1.261,0.25,-1.0,0.0,0,1,0,0,0,-1
12.568,-25.0,13.3,-0.704,0.124,-1.263,2.84,-1.0,0.0,0,1,0,0,0,-1
12.633,-25.0,18.6,-0.704,0.321,-1.265,9.59,-1.0,0.0,0,1,0,0,0,-1
12.700,-25.0,24.0,-0.704,0.566,-1.266,23.69,-1.0,0.0,0,1,0,0,0,-1
12.767,-25.0,25.0,-0.704,0.704,-1.267,36.78,-1.0,0.0,0,1,0,0,0,-1
12.818,-25.0,25.0,-0.704,0.704,-1.267,43.01,-1.0,0.0,0,1,0,0,0,-1
12.884,-25.0,25.0,-0.704,0.704,-1.267,51.44,-1.0,0.0,0,1,0,0,0,-1
12.934,-25.0,25.0,-0.704,0.704,-1.267,54.24,-1.0,0.0,0,1,0,0,0,-1
12.987,-25.0,25.0,-0.704,0.704,-1.268,57.26,-1.0,0.0,0,1,0,0,0,-1
13.050,-25.0,25.0,-0.704,0.704,-1.268,59.28,-1.0,0.0,0,1,0,0,0,-1
13.102,-25.0,25.0,-0.704,0.704,-1.268,60.64,-1.0,0.0,0,1,0,0,0,-1
13.167,-25.0,21.0,-0.704,0.557,-1.268,59.89,-1.0,0.0,0,1,0,0,0,-1
13.234,-19.7,15.7,-0.496,0.312,-1.207,52.15,-1.0,0.0,0,1,0,0,0,-1
13.289,-15.3,11.3,-0.312,0.159,-1.026,40.98,-1.0,0.0,0,1,0,0,0,-1
13.351,-10.3,6.3,-0.116,0.019,-0.786,28.98,-1.0,0.0,0,1,0,0,0,-1
13.401,-6.3,2.3,-0.019,0.000,-0.553,19.44,-1.0,0.0,0,1,0,0,0,-1
13.467,-1.0,0.0,0.000,0.000,-0.371,13.03,-1.0,0.0,0,1,0,0,0,-1
13.533,0.0,0.0,0.000,0.000,-0.248,8.73,-1.0,0.0,0,1,0,0,0,-1
13.590,0.0,0.0,0.000,0.000,-0.166,5.85,-1.0,0.0,0,1,0,0,0,-1
13.650,0.0,0.0,0.000,0.000,-0.112,3.92,-1.0,0.0,0,1,0,0,0,-1
13.701,0.0,0.0,0.000,0.000,-0.075,2.63,-1.0,0.0,0,1,0,0,0,-1
13.751,0.0,0.0,0.000,0.000,-0.057,2.01,-1.0,0.0,0,1,0,0,0,-1
13.816,0.0,0.0,0.000,0.000,-0.038,1.35,-1.0,0.0,0,1,0,0,0,-1
13.867,0.0,0.0,0.000,0.000,-0.026,0.91,-1.0,0.0,0,1,0,0,0,-1
13.918,0.0,0.0,0.000,0.000,-0.020,0.69,-1.0,0.0,0,1,0,0,0,-1
13.983,0.0,0.0,0.000,0.000,-0.012,0.41,-1.0,0.0,0,1,0,0,0,-1
14.050,0.0,0.0,0.000,0.000,-0.008,0.27,-1.0,0.0,0,1,0,0,0,-1
14.101,0.0,0.0,0.000,0.000,-0.005,0.18,-1.0,0.0,0,1,0,0,0,-1
14.167,0.0,0.0,0.000,0.000,-0.003,0.12,-1.0,0.0,0,1,0,0,0,-1
14.217,0.0,0.0,0.000,0.000,-0.003,0.09,-1.0,0.0,0,1,0,0,0,-1
14.268,0.0,0.0,0.000,0.000,-0.002,0.06,-1.0,0.0,0,1,0,0,0,-1
14.334,0.0,0.0,0.000,0.000,-0.001,0.04,-1.0,0.0,0,1,0,0,0,-1
14.402,0.0,0.0,0.000,0.000,-0.001,0.02,-1.0,0.0,0,1,0,0,0,-1
14.466,0.0,0.0,0.000,0.000,0.000,0.02,-1.0,0.0,0,1,0,0,0,-1
14.516,0.0,0.0,0.000,0.000,0.000,0.01,-1.0,0.0,0,1,0,0,0,-1
14.567,0.0,0.0,0.000,0.000,0.000,0.01,-1.0,0.0,0,1,0,0,0,-1
14.635,1.6,0.0,0.000,0.000,0.000,0.01,-1.0,0.0,0,1,0,0,0,-1
14.700,6.7,0.0,0.000,0.000,0.000,0.00,-1.0,0.0,0,1,0,0,0,-1
14.751,10.8,0.0,0.055,0.000,0.018,0.00,-1.0,0.0,0,1,0,0,0,-1
14.802,14.9,0.0,0.177,0.000,0.093,0.00,-1.0,0.0,0,1,0,0,0,-1
14.868,20.2,0.0,0.390,0.000,0.263,0.00,-1.0,0.0,0,1,0,0,0,-1
14.918,24.2,0.0,0.583,0.000,0.422,0.00,-1.0,0.0,0,1,0,0,0,-1
14.983,25.0,0.0,0.704,0.000,0.765,0.00,-1.0,0.0,0,1,0,0,0,-1
15.035,25.0,0.0,0.704,0.000,0.883,0.00,-1.0,0.0,0,1,0,0,0,-1
15.102,25.0,4.1,0.704,0.000,1.042,0.00,-1.0,0.0,0,1,0,0,0,-1
15.166,25.0,9.2,0.704,0.021,1.116,0.27,-1.0,0.0,0,1,0,0,0,-1
15.218,25.0,13.4,0.704,0.083,1.152,1.62,-1.0,0.0,0,1,0,0,0,-1
15.283,25.0,18.5,0.704,0.323,1.200,10.51,-1.0,0.0,0,1,0,0,0,-1
15.333,25.0,22.6,0.704,0.502,1.216,17.38,-1.0,0.0,0,1,0,0,0,-1
15.384,25.0,25.0,0.704,0.704,1.233,30.82,-1.0,0.0,0,1,0,0,0,-1
15.450,25.0,25.0,0.704,0.704,1.244,41.56,-1.0,0.0,0,1,0,0,0,-1
15.501,25.0,25.0,0.704,0.704,1.252,48.76,-1.0,0.0,0,1,0,0,0,-1
15.557,25.0,25.0,0.704,0.704,1.256,52.18,-1.0,0.0,0,1,0,0,0,-1
15.616,25.0,25.0,0.704,0.704,1.260,55.88,-1.0,0.0,0,1,0,0,0,-1
15.669,25.0,25.0,0.704,0.704,1.262,58.36,-1.0,0.0,0,1,0,0,0,-1
15.733,25.0,25.0,0.704,0.704,1.264,60.02,-1.0,0.0,0,1,0,0,0,-1
15.800,25.0,25.0,0.704,0.704,1.266,61.41,-1.0,0.0,0,1,0,0,0,-1
15.858,25.0,23.0,0.704,0.704,1.266,61.88,-1.0,0.0,0,1,0,0,0,-1
15.916,25.0,18.4,0.704,0.432,1.267,56.96,-1.0,0.0,0,1,0,0,0,-1
15.967,25.0,14.3,0.704,0.250,1.267,47.23,-1.0,0.0,0,1,0,0,0,-1
16.017,25.0,10.3,0.704,0.156,1.267,39.94,-1.0,0.0,0,1,0,0,0,-1
16.084,21.2,5.0,0.572,0.002,1.225,24.54,-1.0,0.0,0,1,0,0,0,-1
16.134,17.1,0.9,0.376,0.000,1.109,18.79,-1.0,0.0,0,1,0,0,0,-1
16.200,11.9,0.0,0.209,0.000,0.896,12.60,-1.0,0.0,0,1,0,0,0,-1
16.250,7.8,-1.3,0.048,0.000,0.649,8.44,-1.0,0.0,0,1,0,0,0,-1
16.300,3.8,-5.3,0.000,0.000,0.439,5.66,-1.0,0.0,0,1,0,0,0,-1
16.367,0.0,-10.6,0.000,-0.052,0.294,2.94,-1.0,0.0,0,1,0,0,0,-1
16.418,0.0,-14.8,0.000,-0.126,0.225,-0.01,-1.0,0.0,0,1,0,0,0,-1
16.484,0.0,-20.0,0.000,-0.370,0.132,-11.33,-1.0,0.0,0,1,0,0,0,-1
16.550,0.0,-25.0,0.000,-0.650,0.089,-24.45,-1.0,0.0,0,1,0,0,0,-1
16.615,0.0,-25.0,0.000,-0.704,0.059,-37.29,-1.0,0.0,0,1,0,0,0,-1
16.667,-2.7,-25.0,0.000,-0.704,0.040,-45.89,-1.0,0.0,0,1,0,0,0,-1
16.734,-8.0,-25.0,-0.005,-0.704,0.026,-51.66,-1.0,0.0,0,1,0,0,0,-1
16.784,-12.0,-25.0,-0.088,-0.704,-0.017,-55.53,-1.0,0.0,0,1,0,0,0,-1
16.834,-16.1,-25.0,-0.218,-0.704,-0.087,-57.37,-1.0,0.0,0,1,0,0,0,-1
16.885,-20.1,-25.0,-0.383,-0.704,-0.255,-59.36,-1.0,0.0,0,1,0,0,0,-1
16.951,-25.0,-25.0,-0.651,-0.704,-0.510,-60.69,-1.0,0.0,0,1,0,0,0,-1
17.017,-22.3,-25.0,-0.704,-0.704,-0.760,-61.58,-1.0,0.0,0,1,0,0,0,-1
17.069,-18.2,-20.8,-0.429,-0.562,-0.800,-59.86,-1.0,0.0,0,1,0,0,0,-1
17.134,-13.0,-15.6,-0.203,-0.308,-0.705,-52.01,-1.0,0.0,0,1,0,0,0,-1
17.206,-7.2,-9.9,-0.044,-0.115,-0.481,-37.01,-1.0,0.0,0,1,0,0,0,-1
17.267,-2.3,-5.0,0.000,-0.001,-0.324,-25.57,-1.0,0.0,0,1,0,0,0,-1
17.317,0.0,-1.0,0.000,0.000,-0.249,-19.59,-1.0,0.0,0,1,0,0,0,-1
17.371,-4.3,0.0,0.000,0.000,-0.167,-13.13,-1.0,0.0,0,1,0,0,0,-1
17.434,-9.4,0.0,-0.024,0.000,-0.118,-8.80,-1.0,0.0,0,1,0,0,0,-1
17.500,-14.7,-4.0,-0.170,0.000,-0.155,-5.16,-1.0,0.0,0,1,0,0,0,-1
17.551,-18.7,-8.1,-0.327,-0.005,-0.235,-4.01,-1.0,0.0,0,1,0,0,0,-1
17.601,-22.7,-12.1,-0.510,-0.085,-0.426,-4.39,-1.0,0.0,0,1,0,0,0,-1
17.674,-25.0,-17.9,-0.704,-0.270,-0.694,-9.58,-1.0,0.0,0,1,0,0,0,-1
17.734,-25.0,-22.7,-0.704,-0.513,-0.883,-18.97,-1.0,0.0,0,1,0,0,0,-1
17.784,-25.0,-25.0,-0.704,-0.704,-1.010,-32.04,-1.0,0.0,0,1,0,0,0,-1
17.852,-25.0,-25.0,-0.704,-0.704,-1.095,-42.37,-1.0,0.0,0,1,0,0,0,-1
17.917,-25.0,-25.0,-0.704,-0.704,-1.152,-49.30,-1.0,0.0,0,1,0,0,0,-1
17.984,-25.0,-25.0,-0.704,-0.704,-1.200,-55.13,-1.0,0.0,0,1,0,0,0,-1
18.050,-25.0,-25.0,-0.704,-0.704,-1.222,-57.85,-1.0,0.0,0,1,0,0,0,-1
18.100,-21.0,-21.0,-0.560,-0.560,-1.191,-57.34,-1.0,0.0,0,1,0,0,0,-1
18.151,-16.9,-16.9,-0.369,-0.369,-1.079,-52.26,-1.0,0.0,0,1,0,0,0,-1
18.202,-12.8,-12.8,-0.203,-0.203,-0.871,-42.44,-1.0,0.0,0,1,0,0,0,-1
18.266,-7.7,-7.7,-0.042,-0.042,-0.627,-30.61,-1.0,0.0,0,1,0,0,0,-1
18.318,-3.5,-3.5,-0.004,-0.004,-0.482,-23.53,-1.0,0.0,0,1,0,0,0,-1
18.385,1.5,0.0,0.000,0.000,-0.283,-13.80,-1.0,0.0,0,1,0,0,0,-1
18.450,6.7,0.0,0.000,0.000,-0.190,-9.25,-1.0,0.0,0,1,0,0,0,-1
18.517,12.0,0.0,0.085,0.000,-0.102,-6.20,-1.0,0.0,0,1,0,0,0,-1
18.568,16.1,0.0,0.220,0.000,0.036,-4.16,-1.0,0.0,0,1,0,0,0,-1
18.634,21.4,0.0,0.445,0.000,0.246,-2.79,-1.0,0.0,0,1,0,0,0,-1
18.701,25.0,0.0,0.704,0.000,0.608,-1.63,-1.0,0.0,0,1,0,0,0,-1
18.751,25.0,0.0,0.704,0.000,0.762,-1.25,-1.0,0.0,0,1,0,0,0,-1
18.802,25.0,0.0,0.704,0.000,0.929,-0.84,-1.0,0.0,0,1,0,0,0,-1
18.868,25.0,0.0,0.704,0.000,1.041,-0.56,-1.0,0.0,0,1,0,0,0,-1
18.934,25.0,0.0,0.704,0.000,1.116,-0.38,-1.0,0.0,0,1,0,0,0,-1
19.001,25.0,0.0,0.704,0.000,1.179,-0.22,-1.0,0.0,0,1,0,0,0,-1
19.069,25.0,0.0,0.704,0.000,1.208,-0.15,-1.0,0.0,0,1,0,0,0,-1
19.135,25.0,0.0,0.704,0.000,1.228,-0.10,-1.0,0.0,0,1,0,0,0,-1
19.186,25.0,0.0,0.704,0.000,1.241,-0.07,-1.0,0.0,0,1,0,0,0,-1
19.250,25.0,0.0,0.704,0.000,1.250,-0.04,-1.0,0.0,0,1,0,0,0,-1
19.304,25.0,0.0,0.704,0.000,1.256,-0.03,-1.0,0.0,0,1,0,0,0,-1
19.366,25.0,1.2,0.704,0.000,1.260,-0.02,-1.0,0.0,0,1,0,0,0,-1
19.417,25.0,5.3,0.704,0.000,1.262,-0.02,-1.0,0.0,0,1,0,0,0,-1
19.468,25.0,9.3,0.704,0.023,1.264,0.29,-1.0,0.0,0,1,0,0,0,-1
19.533,25.0,14.6,0.704,0.167,1.265,3.70,-1.0,0.0,0,1,0,0,0,-1
19.584,25.0,18.6,0.704,0.325,1.266,10.60,-1.0,0.0,0,1,0,0,0,-1
19.639,25.0,23.0,0.704,0.508,1.266,17.57,-1.0,0.0,0,1,0,0,0,-1
19.700,25.0,25.0,0.704,0.704,1.267,31.19,-1.0,0.0,0,1,0,0,0,-1
19.768,25.0,25.0,0.704,0.704,1.267,44.50,-1.0,0.0,0,1,0,0,0,-1
19.818,25.0,25.0,0.704,0.704,1.267,48.92,-1.0,0.0,0,1,0,0,0,-1
19.883,25.0,25.0,0.704,0.704,1.268,54.90,-1.0,0.0,0,1,0,0,0,-1
19.934,25.0,25.0,0.704,0.704,1.268,56.89,-1.0,0.0,0,1,0,0,0,-1
19.985,25.0,25.0,0.704,0.704,1.268,59.04,-1.0,0.0,0,1,0,0,0,-1
20.035,25.0,25.0,0.704,0.704,1.268,60.06,-1.0,0.0,0,1,0,0,0,-1
20.092,25.0,23.1,0.704,0.704,1.268,61.16,-1.0,0.0,0,1,0,0,0,-1
20.150,25.0,18.4,0.704,0.432,1.268,55.88,-1.0,0.0,0,1,0,0,0,-1
20.201,25.0,14.4,0.704,0.258,1.268,46.61,-1.0,0.0,0,1,0,0,0,-1
20.267,25.0,9.0,0.704,0.078,1.268,34.65,-1.0,0.0,0,1,0,0,0,-1
20.333,25.0,3.7,0.704,0.000,1.268,23.81,-1.0,0.0,0,1,0,0,0,-1
20.384,25.0,0.0,0.704,0.000,1.268,15.96,-1.0,0.0,0,1,0,0,0,-1
20.450,25.0,0.0,0.704,0.000,1.268,10.70,-1.0,0.0,0,1,0,0,0,-1
20.501,25.0,0.0,0.704,0.000,1.268,7.17,-1.0,0.0,0,1,0,0,0,-1
20.567,25.0,0.0,0.704,0.000,1.268,4.81,-1.0,0.0,0,1,0,0,0,-1
20.634,25.0,0.0,0.704,0.000,1.268,3.22,-1.0,0.0,0,1,0,0,0,-1
20.701,25.0,0.0,0.704,0.000,1.268,1.89,-1.0,0.0,0,1,0,0,0,-1
20.751,25.0,0.0,0.704,0.000,1.268,1.45,-1.0,0.0,0,1,0,0,0,-1
20.818,25.0,0.0,0.704,0.000,1.268,0.97,-1.0,0.0,0,1,0,0,0,-1
20.884,25.0,-4.0,0.704,0.000,1.268,0.57,-1.0,0.0,0,1,0,0,0,-1
20.934,25.0,-8.0,0.704,-0.004,1.268,0.39,-1.0,0.0,0,1,0,0,0,-1
20.986,25.0,-9.2,0.704,-0.086,1.268,-1.43,-1.0,0.0,0,1,0,0,0,-1
21.051,25.0,-4.0,0.704,0.000,1.268,-1.41,-1.0,0.0,0,1,0,0,0,-1
21.117,25.0,0.0,0.704,0.000,1.268,-0.94,-1.0,0.0,0,1,0,0,0,-1
21.167,25.0,0.0,0.704,0.000,1.268,-0.63,-1.0,0.0,0,1,0,0,0,-1
21.217,25.0,0.0,0.704,0.000,1.268,-0.48,-1.0,0.0,0,1,0,0,0,-1
21.268,25.0,0.0,0.704,0.000,1.268,-0.32,-1.0,0.0,0,1,0,0,0,-1
21.318,25.0,0.0,0.704,0.000,1.268,-0.25,-1.0,0.0,0,1,0,0,0,-1
21.384,25.0,0.0,0.704,0.000,1.268,-0.15,-1.0,0.0,0,1,0,0,0,-1
21.451,25.0,0.0,0.704,0.000,1.268,-0.10,-1.0,0.0,0,1,0,0,0,-1
21.518,25.0,-1.4,0.704,0.000,1.268,-0.07,-1.0,0.0,0,1,0,0,0,-1
21.583,25.0,-6.6,0.704,0.000,1.268,-0.04,-1.0,0.0,0,1,0,0,0,-1
21.633,25.0,-10.6,0.704,-0.053,1.268,-0.66,-1.0,0.0,0,1,0,0,0,-1
21.684,22.5,-6.6,0.647,-0.026,1.255,-1.93,-1.0,0.0,0,1,0,0,0,-1
21.753,16.9,-1.1,0.377,0.000,1.099,-1.29,-1.0,0.0,0,1,0,0,0,-1
21.817,11.8,0.0,0.165,0.000,0.878,-0.87,-1.0,0.0,0,1,0,0,0,-1
21.885,6.4,0.0,0.021,0.000,0.561,-0.51,-1.0,0.0,0,1,0,0,0,-1
21.950,1.2,0.0,0.000,0.000,0.376,-0.34,-1.0,0.0,0,1,0,0,0,-1
22.017,0.0,0.0,0.000,0.000,0.252,-0.23,-1.0,0.0,0,1,0,0,0,-1
22.084,0.0,0.0,0.000,0.000,0.148,-0.13,-1.0,0.0,0,1,0,0,0,-1
22.151,0.0,0.0,0.000,0.000,0.099,-0.09,-1.0,0.0,0,1,0,0,0,-1
22.206,0.0,0.0,0.000,0.000,0.066,-0.06,-1.0,0.0,0,1,0,0,0,-1
22.268,0.0,0.0,0.000,0.000,0.045,-0.04,-1.0,0.0,0,1,0,0,0,-1
22.334,0.0,0.0,0.000,0.000,0.030,-0.03,-1.0,0.0,0,1,0,0,0,-1
22.400,0.0,0.0,0.000,0.000,0.018,-0.02,-1.0,0.0,0,1,0,0,0,-1
22.452,-2.8,0.0,0.000,0.000,0.013,-0.01,-1.0,0.0,0,1,0,0,0,-1
22.506,-7.1,0.0,0.000,0.000,0.009,-0.01,-1.0,0.0,0,1,0,0,0,-1
22.567,-12.0,0.0,-0.088,0.000,-0.028,-0.01,-1.0,0.0,0,1,0,0,0,-1
22.633,-17.3,0.0,-0.268,0.000,-0.134,0.00,-1.0,0.0,0,1,0,0,0,-1
22.684,-21.3,0.0,-0.442,0.000,-0.320,0.00,-1.0,0.0,0,1,0,0,0,-1
22.735,-25.0,0.0,-0.576,0.000,-0.487,0.00,-1.0,0.0,0,1,0,0,0,-1
22.802,-25.0,0.0,-0.704,0.000,-0.810,0.00,-1.0,0.0,0,1,0,0,0,-1
22.867,-25.0,0.0,-0.704,0.000,-0.961,0.00,-1.0,0.0,0,1,0,0,0,-1
22.933,-25.0,0.0,-0.704,0.000,-1.062,0.00,-1.0,0.0,0,1,0,0,0,-1
22.984,-25.0,0.0,-0.704,0.000,-1.130,0.00,-1.0,0.0,0,1,0,0,0,-1
23.051,-25.0,0.0,-0.704,0.000,-1.175,0.00,-1.0,0.0,0,1,0,0,0,-1
23.114,-25.0,0.0,-0.704,0.000,-1.206,0.00,-1.0,0.0,0,1,0,0,0,-1
23.167,-25.0,0.0,-0.704,0.000,-1.226,0.00,-1.0,0.0,0,1,0,0,0,-1
23.233,-25.0,0.0,-0.704,0.000,-1.240,0.00,-1.0,0.0,0,1,0,0,0,-1
23.284,-25.0,0.0,-0.704,0.000,-1.249,0.00,-1.0,0.0,0,1,0,0,0,-1
23.334,-25.0,0.0,-0.704,0.000,-1.254,0.00,-1.0,0.0,0,1,0,0,0,-1
23.384,-25.0,0.0,-0.704,0.000,-1.258,0.00,-1.0,0.0,0,1,0,0,0,-1
23.449,-25.0,0.0,-0.704,0.000,-1.261,0.00,-1.0,0.0,0,1,0,0,0,-1
23.500,-25.0,0.0,-0.704,0.000,-1.264,0.00,-1.0,0.0,0,1,0,0,0,-1
23.552,-25.0,0.0,-0.704,0.000,-1.265,0.00,-1.0,0.0,0,1,0,0,0,-1
23.617,-25.0,0.0,-0.704,0.000,-1.266,0.00,-1.0,0.0,0,1,0,0,0,-1
23.668,-25.0,0.0,-0.704,0.000,-1.266,0.00,-1.0,0.0,0,1,0,0,0,-1
23.734,-25.0,0.0,-0.704,0.000,-1.267,0.00,-1.0,0.0,0,1,0,0,0,-1
23.802,-25.0,0.0,-0.704,0.000,-1.267,0.00,-1.0,0.0,0,1,0,0,0,-1
23.867,-25.0,0.0,-0.704,0.000,-1.268,0.00,-1.0,0.0,0,1,0,0,0,-1
23.918,-25.0,0.0,-0.704,0.000,-1.268,0.00,-1.0,0.0,0,1,0,0,0,-1
23.968,-25.0,0.0,-0.704,0.000,-1.268,0.00,-1.0,0.0,0,1,0,0,0,-1
24.034,-25.0,0.0,-0.704,0.000,-1.268,0.00,-1.0,0.0,0,1,0,0,0,-1
24.100,-25.0,0.0,-0.704,0.000,-1.268,0.00,-1.0,0.0,0,1,0,0,0,-1
24.169,-25.0,0.0,-0.704,0.000,-1.268,0.00,-1.0,0.0,0,1,0,0,0,-1
24.236,-25.0,0.0,-0.704,0.000,-1.268,0.00,-1.0,0.0,0,1,0,0,0,-1
24.302,-25.0,0.0,-0.704,0.000,-1.268,0.00,-1.0,0.0,0,1,0,0,0,-1
24.366,-25.0,0.0,-0.704,0.000,-1.268,0.00,-1.0,0.0,0,1,0,0,0,-1
24.417,-25.0,0.0,-0.704,0.000,-1.268,0.00,-1.0,0.0,0,1,0,0,0,-1
24.471,-25.0,0.0,-0.704,0.000,-1.268,0.00,-1.0,0.0,0,1,0,0,0,-1
24.535,-25.0,0.0,-0.704,0.000,-1.268,0.00,-1.0,0.0,0,1,0,0,0,-1
24.602,-25.0,-1.5,-0.704,0.000,-1.268,0.00,-1.0,0.0,0,1,0,0,0,-1
24.667,-25.0,-6.7,-0.704,0.000,-1.268,0.00,-1.0,0.0,0,1,0,0,0,-1
24.734,-25.0,-12.1,-0.704,-0.087,-1.268,-1.26,-1.0,0.0,0,1,0,0,0,-1
24.801,-25.0,-17.4,-0.704,-0.271,-1.268,-8.50,-1.0,0.0,0,1,0,0,0,-1
24.866,-25.0,-14.7,-0.704,-0.265,-1.268,-15.11,-1.0,0.0,0,1,0,0,0,-1
24.922,-25.0,-10.2,-0.704,-0.118,-1.268,-14.96,-1.0,0.0,0,1,0,0,0,-1
24.984,-25.0,-5.3,-0.704,-0.004,-1.268,-10.72,-1.0,0.0,0,1,0,0,0,-1
25.050,-25.0,0.0,-0.704,0.000,-1.268,-7.18,-1.0,0.0,0,1,0,0,0,-1
25.100,-25.0,0.0,-0.704,0.000,-1.268,-4.82,-1.0,0.0,0,1,0,0,0,-1
25.151,-25.0,0.0,-0.704,0.000,-1.268,-3.69,-1.0,0.0,0,1,0,0,0,-1
25.201,-25.0,0.0,-0.704,0.000,-1.268,-2.47,-1.0,0.0,0,1,0,0,0,-1
25.268,-25.0,-5.3,-0.704,0.000,-1.268,-1.66,-1.0,0.0,0,1,0,0,0,-1
25.333,-25.0,-10.5,-0.704,-0.049,-1.268,-1.70,-1.0,0.0,0,1,0,0,0,-1
25.384,-25.0,-14.6,-0.704,-0.183,-1.268,-5.10,-1.0,0.0,0,1,0,0,0,-1
25.450,-25.0,-17.1,-0.704,-0.377,-1.268,-12.67,-1.0,0.0,0,1,0,0,0,-1
25.500,-25.0,-13.1,-0.704,-0.209,-1.268,-16.16,-1.0,0.0,0,1,0,0,0,-1
25.567,-25.0,-7.8,-0.704,-0.048,-1.268,-13.56,-1.0,0.0,0,1,0,0,0,-1
25.633,-25.0,-2.5,-0.704,0.000,-1.268,-9.30,-1.0,0.0,0,1,0,0,0,-1
25.686,-23.5,0.0,-0.704,0.000,-1.268,-6.23,-1.0,0.0,0,1,0,0,0,-1
25.750,-18.4,0.0,-0.424,0.000,-1.149,-4.18,-1.0,0.0,0,1,0,0,0,-1
25.817,-13.0,0.0,-0.257,0.000,-0.952,-2.80,-1.0,0.0,0,1,0,0,0,-1
25.868,-9.0,0.0,-0.075,0.000,-0.707,-1.88,-1.0,0.0,0,1,0,0,0,-1
25.933,-3.7,0.0,0.000,0.000,-0.485,-1.26,-1.0,0.0,0,1,0,0,0,-1
26.000,0.0,0.0,0.000,0.000,-0.325,-0.84,-1.0,0.0,0,1,0,0,0,-1
26.051,0.0,0.0,0.000,0.000,-0.218,-0.57,-1.0,0.0,0,1,0,0,0,-1
26.117,0.0,0.0,0.000,0.000,-0.146,-0.38,-1.0,0.0,0,1,0,0,0,-1
26.184,0.0,0.0,0.000,0.000,-0.086,-0.22,-1.0,0.0,0,1,0,0,0,-1
26.234,0.0,0.0,0.000,0.000,-0.066,-0.17,-1.0,0.0,0,1,0,0,0,-1
26.301,0.0,0.0,0.000,0.000,-0.039,-0.10,-1.0,0.0,0,1,0,0,0,-1
26.367,0.0,0.0,0.000,0.000,-0.026,-0.07,-1.0,0.0,0,1,0,0,0,-1
26.443,0.0,0.0,0.000,0.000,-0.015,-0.04,-1.0,0.0,0,1,0,0,0,-1
26.495,0.0,0.0,0.000,0.000,-0.012,-0.03,-1.0,0.0,0,1,0,0,0,-1
26.546,0.0,0.0,0.000,0.000,-0.008,-0.02,-1.0,0.0,0,1,0,0,0,-1
26.613,0.0,0.0,0.000,0.000,-0.005,-0.01,-1.0,0.0,0,1,0,0,0,-1
26.680,0.0,0.0,0.000,0.000,-0.003,-0.01,-1.0,0.0,0,1,0,0,0,-1
26.746,0.0,0.0,0.000,0.000,-0.002,-0.01,-1.0,0.0,0,1,0,0,0,-1
26.812,0.0,0.0,0.000,0.000,-0.001,0.00,-1.0,0.0,0,1,0,0,0,-1
26.863,0.0,0.0,0.000,0.000,-0.001,0.00,-1.0,0.0,0,1,0,0,0,-1
26.929,0.0,0.0,0.000,0.000,-0.001,0.00,-1.0,0.0,0,1,0,0,0,-1
26.980,0.0,0.0,0.000,0.000,0.000,0.00,-1.0,0.0,0,1,0,0,0,-1
27.046,0.0,0.0,0.000,0.000,0.000,0.00,-1.0,0.0,0,1,0,0,0,-1
27.113,0.0,0.0,0.000,0.000,0.000,0.00,-1.0,0.0,0,1,0,0,0,-1
27.180,0.0,0.0,0.000,0.000,0.000,0.00,-1.0,0.0,0,1,0,0,0,-1
27.230,0.0,0.0,0.000,0.000,0.000,0.00,-1.0,0.0,0,1,0,0,0,-1
27.280,0.0,0.0,0.000,0.000,0.000,0.00,-1.0,0.0,0,1,0,0,0,-1
27.331,0.0,0.0,0.000,0.000,0.000,0.00,-1.0,0.0,0,1,0,0,0,-1
27.396,0.0,0.0,0.000,0.000,0.000,0.00,-1.0,0.0,0,1,0,0,0,-1
27.446,0.0,0.0,0.000,0.000,0.000,0.00,-1.0,0.0,0,1,0,0,0,-1
27.499,0.0,0.0,0.000,0.000,0.000,0.00,-1.0,0.0,0,1,0,0,0,-1
27.562,0.0,0.0,0.000,0.000,0.000,0.00,-1.0,0.0,0,1,0,0,0,-1
27.613,0.0,0.0,0.000,0.000,0.000,0.00,-1.0,0.0,0,1,0,0,0,-1
27.679,0.0,0.0,0.000,0.000,0.000,0.00,-1.0,0.0,0,1,0,0,0,-1
27.730,0.0,0.0,0.000,0.000,0.000,0.00,-1.0,0.0,0,1,0,0,0,-1
27.780,0.0,0.0,0.000,0.000,0.000,0.00,-1.0,0.0,0,1,0,0,0,-1
27.834,0.0,0.0,0.000,0.000,0.000,0.00,-1.0,0.0,0,1,0,0,0,-1
27.896,0.0,0.0,0.000,0.000,0.000,0.00,-1.0,0.0,0,1,0,0,0,-1
27.946,0.0,0.0,0.000,0.000,0.000,0.00,-1.0,0.0,0,1,0,0,0,-1
28.013,0.0,0.0,0.000,0.000,0.000,0.00,-1.0,0.0,0,1,0,0,0,-1
28.063,0.0,0.0,0.000,0.000,0.000,0.00,-1.0,0.0,0,1,0,0,0,-1
28.130,0.0,0.0,0.000,0.000,0.000,0.00,-1.0,0.0,0,1,0,0,0,-1
28.196,0.0,0.0,0.000,0.000,0.000,0.00,-1.0,0.0,0,1,0,0,0,-1
28.246,0.0,0.0,0.000,0.000,0.000,0.00,-1.0,0.0,0,1,0,0,0,-1
28.296,0.0,0.0,0.000,0.000,0.000,0.00,-1.0,0.0,0,1,0,0,0,-1
28.347,0.0,0.0,0.000,0.000,0.000,0.00,-1.0,0.0,0,1,0,0,0,-1
28.413,0.0,0.0,0.000,0.000,0.000,0.00,-1.0,0.0,0,1,0,0,0,-1
28.464,0.0,0.0,0.000,0.000,0.000,0.00,-1.0,0.0,0,1,0,0,0,-1
28.530,0.0,0.0,0.000,0.000,0.000,0.00,-1.0,0.0,0,1,0,0,0,-1
28.596,0.0,0.0,0.000,0.000,0.000,0.00,-1.0,0.0,0,1,0,0,0,-1
28.647,0.0,0.0,0.000,0.000,0.000,0.00,-1.0,0.0,0,1,0,0,0,-1
28.697,0.0,0.0,0.000,0.000,0.000,0.00,-1.0,0.0,0,1,0,0,0,-1
28.763,0.0,0.0,0.000,0.000,0.000,0.00,-1.0,0.0,0,1,0,0,0,-1
28.814,0.0,0.0,0.000,0.000,0.000,0.00,-1.0,0.0,0,1,0,0,0,-1
28.866,0.0,0.0,0.000,0.000,0.000,0.00,-1.0,0.0,0,1,0,0,0,-1
28.929,0.0,0.0,0.000,0.000,0.000,0.00,-1.0,0.0,0,1,0,0,0,-1
28.979,0.0,0.0,0.000,0.000,0.000,0.00,-1.0,0.0,0,1,0,0,0,-1
29.030,0.0,0.0,0.000,0.000,0.000,0.00,-1.0,0.0,0,1,0,0,0,-1
29.080,0.0,0.0,0.000,0.000,0.000,0.00,-1.0,0.0,0,1,0,0,0,-1
29.146,0.0,0.0,0.000,0.000,0.000,0.00,-1.0,0.0,0,1,0,0,0,-1
29.199,0.0,0.0,0.000,0.000,0.000,0.00,-1.0,0.0,0,1,0,0,0,-1
29.263,0.0,0.0,0.000,0.000,0.000,0.00,-1.0,0.0,0,1,0,0,0,-1
29.317,0.0,0.0,0.000,0.000,0.000,0.00,-1.0,0.0,0,1,0,0,0,-1
29.380,0.0,0.0,0.000,0.000,0.000,0.00,-1.0,0.0,0,1,0,0,0,-1
29.445,0.0,0.0,0.000,0.000,0.000,0.00,-1.0,0.0,0,1,0,0,0,-1
29.497,0.0,0.0,0.000,0.000,0.000,0.00,-1.0,0.0,0,1,0,0,0,-1
29.563,0.0,0.0,0.000,0.000,0.000,0.00,-1.0,0.0,0,1,0,0,0,-1
29.629,0.0,0.0,0.000,0.000,0.000,0.00,-1.0,0.0,0,1,0,0,0,-1
29.679,0.0,0.0,0.000,0.000,0.000,0.00,-1.0,0.0,0,1,0,0,0,-1
29.746,0.0,0.0,0.000,0.000,0.000,0.00,-1.0,0.0,0,1,0,0,0,-1
29.797,0.0,0.0,0.000,0.000,0.000,0.00,-1.0,0.0,0,1,0,0,0,-1
29.862,0.0,0.0,0.000,0.000,0.000,0.00,-1.0,0.0,0,1,0,0,0,-1
29.929,0.0,0.0,0.000,0.000,0.000,0.00,-1.0,0.0,0,1,0,0,0,-1
29.980,0.0,0.0,0.000,0.000,0.000,0.00,-1.0,0.0,0,1,0,0,0,-1
30.044,0.0,0.0,0.000,0.000,0.000,0.00,-1.0,0.0,0,1,0,0,0,-1
30.096,0.0,0.0,0.000,0.000,0.000,0.00,-1.0,0.0,0,1,0,0,0,-1
30.146,0.0,0.0,0.000,0.000,0.000,0.00,-1.0,0.0,0,1,0,0,0,-1
30.212,0.0,0.0,0.000,0.000,0.000,0.00,-1.0,0.0,0,1,0,0,0,-1
30.263,0.0,0.0,0.000,0.000,0.000,0.00,-1.0,0.0,0,1,0,0,0,-1
30.329,0.0,0.0,0.000,0.000,0.000,0.00,-1.0,0.0,0,1,0,0,0,-1
30.396,0.0,0.0,0.000,0.000,0.000,0.00,-1.0,0.0,0,1,0,0,0,-1
30.447,0.0,0.0,0.000,0.000,0.000,0.00,-1.0,0.0,0,1,0,0,0,-1
30.512,0.0,0.0,0.000,0.000,0.000,0.00,-1.0,0.0,0,1,0,0,0,-1
30.562,0.0,0.0,0.000,0.000,0.000,0.00,-1.0,0.0,0,1,0,0,0,-1
30.628,0.0,0.0,0.000,0.000,0.000,0.00,-1.0,0.0,0,1,0,0,0,-1
30.680,0.0,0.0,0.000,0.000,0.000,0.00,-1.0,0.0,0,1,0,0,0,-1
30.746,0.0,0.0,0.000,0.000,0.000,0.00,-1.0,0.0,0,1,0,0,0,-1
30.813,0.0,0.0,0.000,0.000,0.000,0.00,-1.0,0.0,0,1,0,0,0,-1
30.879,0.0,0.0,0.000,0.000,0.000,0.00,-1.0,0.0,0,1,0,0,0,-1
30.930,0.0,0.0,0.000,0.000,0.000,0.00,-1.0,0.0,0,1,0,0,0,-1
30.997,0.0,0.0,0.000,0.000,0.000,0.00,-1.0,0.0,0,1,0,0,0,-1
31.063,0.0,0.0,0.000,0.000,0.000,0.00,-1.0,0.0,0,1,0,0,0,-1
31.129,0.0,0.0,0.000,0.000,0.000,0.00,-1.0,0.0,0,1,0,0,0,-1
31.195,0.0,0.0,0.000,0.000,0.000,0.00,-1.0,0.0,0,1,0,0,0,-1
31.246,0.0,0.0,0.000,0.000,0.000,0.00,-1.0,0.0,0,1,0,0,0,-1
31.312,0.0,0.0,0.000,0.000,0.000,0.00,-1.0,0.0,0,1,0,0,0,-1
31.362,0.0,0.0,0.000,0.000,0.000,0.00,-1.0,0.0,0,1,0,0,0,-1
31.413,0.0,0.0,0.000,0.000,0.000,0.00,-1.0,0.0,0,1,0,0,0,-1
31.479,0.0,0.0,0.000,0.000,0.000,0.00,-1.0,0.0,0,1,0,0,0,-1
31.530,0.0,0.0,0.000,0.000,0.000,0.00,-1.0,0.0,0,1,0,0,0,-1
31.595,0.0,0.0,0.000,0.000,0.000,0.00,-1.0,0.0,0,1,0,0,0,-1
31.645,0.0,0.0,0.000,0.000,0.000,0.00,-1.0,0.0,0,1,0,0,0,-1
31.695,0.0,0.0,0.000,0.000,0.000,0.00,-1.0,0.0,0,1,0,0,0,-1
31.762,0.0,0.0,0.000,0.000,0.000,0.00,-1.0,0.0,0,1,0,0,0,-1
31.813,0.0,0.0,0.000,0.000,0.000,0.00,-1.0,0.0,0,1,0,0,0,-1
31.879,0.0,0.0,0.000,0.000,0.000,0.00,-1.0,0.0,0,1,0,0,0,-1
31.929,0.0,0.0,0.000,0.000,0.000,0.00,-1.0,0.0,0,1,0,0,0,-1
31.997,0.0,0.0,0.000,0.000,0.000,0.00,-1.0,0.0,0,1,0,0,0,-1
32.062,0.0,0.0,0.000,0.000,0.000,0.00,-1.0,0.0,0,1,0,0,0,-1
32.130,0.0,0.0,0.000,0.000,0.000,0.00,-1.0,0.0,0,1,0,0,0,-1
32.196,0.0,0.0,0.000,0.000,0.000,0.00,-1.0,0.0,0,1,0,0,0,-1
32.262,0.0,0.0,0.000,0.000,0.000,0.00,-1.0,0.0,0,1,0,0,0,-1
32.331,0.0,0.0,0.000,0.000,0.000,0.00,-1.0,0.0,0,1,0,0,0,-1
32.394,0.0,0.0,0.000,0.000,0.000,0.00,-1.0,0.0,0,1,0,0,0,-1
32.445,0.0,0.0,0.000,0.000,0.000,0.00,-1.0,0.0,0,1,0,0,0,-1
32.496,0.0,0.0,0.000,0.000,0.000,0.00,-1.0,0.0,0,1,0,0,0,-1
32.546,0.0,0.0,0.000,0.000,0.000,0.00,-1.0,0.0,0,1,0,0,0,-1
32.611,0.0,0.0,0.000,0.000,0.000,0.00,-1.0,0.0,0,1,0,0,0,-1
32.662,0.0,0.0,0.000,0.000,0.000,0.00,-1.0,0.0,0,1,1,0,0,-1
32.729,0.0,0.0,0.000,0.000,0.000,0.00,-1.0,0.0,0,1,1,0,0,-1
32.797,0.0,0.0,0.000,0.000,0.000,0.00,-1.0,0.0,0,1,0,0,0,-1
32.863,0.0,0.0,0.000,0.000,0.000,0.00,-1.0,0.0,0,1,0,0,0,-1
32.927,0.0,0.0,0.000,0.000,0.000,0.00,-1.0,0.0,0,1,0,0,0,-1
32.981,0.0,0.0,0.000,0.000,0.000,0.00,-1.0,0.0,0,1,0,0,0,-1
33.045,0.0,0.0,0.000,0.000,0.000,0.00,-1.0,0.0,0,1,0,0,0,-1
33.095,0.0,0.0,0.000,0.000,0.000,0.00,-1.0,0.0,0,1,0,0,0,-1
33.162,0.0,0.0,0.000,0.000,0.000,0.00,-1.0,0.0,0,1,0,0,0,-1
33.229,0.0,0.0,0.000,0.000,0.000,0.00,-1.0,0.0,0,1,0,0,0,-1
33.279,0.0,0.0,0.000,0.000,0.000,0.00,-1.0,0.0,0,1,0,0,0,-1
33.347,0.0,0.0,0.000,0.000,0.000,0.00,-1.0,0.0,0,1,0,0,0,-1
33.398,0.0,0.0,0.000,0.000,0.000,0.00,-1.0,0.0,0,1,0,0,0,-1
33.461,0.0,0.0,0.000,0.000,0.000,0.00,-1.0,0.0,0,1,0,0,0,-1
33.513,0.0,0.0,0.000,0.000,0.000,0.00,-1.0,0.0,0,1,0,0,0,-1
33.563,0.0,0.0,0.000,0.000,0.000,0.00,-1.0,0.0,0,1,0,0,0,-1
33.615,2.9,0.0,0.000,0.000,0.000,0.00,-1.0,0.0,0,1,0,0,0,-1
33.679,8.0,0.0,0.000,0.000,0.000,0.00,-1.0,0.0,0,1,0,0,0,-1
33.729,12.1,0.0,0.087,0.000,0.029,0.00,-1.0,0.0,0,1,0,0,0,-1
33.779,16.1,0.0,0.168,0.000,0.085,0.00,-1.0,0.0,0,1,0,0,0,-1
33.853,21.9,0.0,0.447,0.000,0.323,0.00,-1.0,0.0,0,1,0,0,0,-1
33.912,25.0,0.0,0.704,0.000,0.596,0.00,-1.0,0.0,0,1,0,0,0,-1
33.963,25.0,0.0,0.704,0.000,0.817,0.00,-1.0,0.0,0,1,0,0,0,-1
34.029,25.0,0.0,0.704,0.000,0.966,0.00,-1.0,0.0,0,1,0,0,0,-1
34.079,25.0,0.0,0.704,0.000,1.037,0.00,-1.0,0.0,0,1,0,0,0,-1
34.129,25.0,0.0,0.704,0.000,1.113,0.00,-1.0,0.0,0,1,0,0,0,-1
34.195,25.0,0.0,0.704,0.000,1.164,0.00,-1.0,0.0,0,1,0,0,0,-1
34.262,25.0,0.0,0.704,0.000,1.207,0.00,-1.0,0.0,0,1,0,0,0,-1
34.313,25.0,0.0,0.704,0.000,1.221,0.00,-1.0,0.0,0,1,0,0,0,-1
34.380,25.0,0.0,0.704,0.000,1.237,0.00,-1.0,0.0,0,1,0,0,0,-1
34.446,25.0,0.0,0.704,0.000,1.250,0.00,-1.0,0.0,0,1,0,0,0,-1
34.512,25.0,0.0,0.704,0.000,1.256,0.00,-1.0,0.0,0,1,0,0,0,-1
34.564,25.0,0.0,0.704,0.000,1.260,0.00,-1.0,0.0,0,1,0,0,0,-1
34.616,25.0,0.0,0.704,0.000,1.262,0.00,-1.0,0.0,0,1,0,0,0,-1
34.679,25.0,0.0,0.704,0.000,1.264,0.00,-1.0,0.0,0,1,0,0,0,-1
34.744,25.0,2.6,0.704,0.000,1.265,0.00,-1.0,0.0,0,1,0,0,0,-1
34.795,25.0,6.6,0.704,0.000,1.266,0.00,-1.0,0.0,0,1,0,0,0,-1
34.845,25.0,10.7,0.704,0.052,1.267,0.86,-1.0,0.0,0,1,0,0,0,-1
34.916,25.0,16.3,0.704,0.215,1.267,4.95,-1.0,0.0,0,1,0,0,0,-1
34.984,25.0,21.8,0.704,0.448,1.267,16.64,-1.0,0.0,0,1,0,0,0,-1
35.048,25.0,25.0,0.704,0.704,1.268,30.43,-1.0,0.0,0,1,0,0,0,-1
35.112,25.0,25.0,0.704,0.704,1.268,41.30,-1.0,0.0,0,1,0,0,0,-1
35.162,25.0,25.0,0.704,0.704,1.268,48.58,-1.0,0.0,0,1,0,0,0,-1
35.217,25.0,25.0,0.704,0.704,1.268,52.05,-1.0,0.0,0,1,0,0,0,-1
35.281,25.0,25.0,0.704,0.704,1.268,56.74,-1.0,0.0,0,1,0,0,0,-1
35.345,25.0,25.0,0.704,0.704,1.268,58.93,-1.0,0.0,0,1,0,0,0,-1
35.412,25.0,25.0,0.704,0.704,1.268,60.40,-1.0,0.0,0,1,0,0,0,-1
35.479,25.0,25.0,0.704,0.704,1.268,61.39,-1.0,0.0,0,1,0,0,0,-1
35.546,25.0,25.0,0.704,0.704,1.268,62.22,-1.0,0.0,0,1,0,0,0,-1
35.612,25.0,25.0,0.704,0.704,1.268,62.61,-1.0,0.0,0,1,0,0,0,-1
35.681,25.0,25.0,0.704,0.704,1.268,62.93,-1.0,0.0,0,1,0,0,0,-1
35.732,25.0,25.0,0.704,0.704,1.268,63.04,-1.0,0.0,0,1,0,0,0,-1
35.796,25.0,23.6,0.704,0.704,1.268,63.16,-1.0,0.0,0,1,0,0,0,-1
35.862,25.0,18.3,0.704,0.432,1.268,56.32,-1.0,0.0,0,1,0,0,0,-1
35.912,25.0,14.3,0.704,0.257,1.268,49.05,-1.0,0.0,0,1,0,0,0,-1
35.962,25.0,10.3,0.704,0.115,1.268,37.46,-1.0,0.0,0,1,0,0,0,-1
36.012,25.0,14.3,0.704,0.157,1.268,31.49,-1.0,0.0,0,1,0,0,0,-1
36.078,25.0,19.6,0.704,0.307,1.268,28.86,-1.0,0.0,0,1,0,0,0,-1
36.129,25.0,23.6,0.704,0.559,1.268,34.14,-1.0,0.0,0,1,0,0,0,-1
36.195,25.0,25.0,0.704,0.704,1.268,43.07,-1.0,0.0,0,1,0,0,0,-1
36.265,25.0,25.0,0.704,0.704,1.268,51.47,-1.0,0.0,0,1,0,0,0,-1
36.329,25.0,25.0,0.704,0.704,1.268,55.40,-1.0,0.0,0,1,0,0,0,-1
36.395,25.0,25.0,0.704,0.704,1.268,58.04,-1.0,0.0,0,1,0,0,0,-1
36.462,25.0,25.0,0.704,0.704,1.268,60.25,-1.0,0.0,0,1,0,0,0,-1
36.531,25.0,25.0,0.704,0.704,1.268,61.29,-1.0,0.0,0,1,0,0,0,-1
36.594,25.0,25.0,0.704,0.704,1.268,61.98,-1.0,0.0,0,1,0,0,0,-1
36.647,25.0,23.5,0.704,0.704,1.268,62.45,-1.0,0.0,0,1,0,0,0,-1
36.712,25.0,18.3,0.704,0.432,1.268,56.90,-1.0,0.0,0,1,0,0,0,-1
36.778,25.0,13.0,0.704,0.252,1.268,47.10,-1.0,0.0,0,1,0,0,0,-1
36.845,25.0,7.6,0.704,0.045,1.268,31.08,-1.0,0.0,0,1,0,0,0,-1
36.914,25.0,2.2,0.704,0.000,1.268,21.01,-1.0,0.0,0,1,0,0,0,-1
36.983,25.0,0.0,0.704,0.000,1.268,12.32,-1.0,0.0,0,1,0,0,0,-1
37.034,25.0,0.0,0.704,0.000,1.268,9.44,-1.0,0.0,0,1,0,0,0,-1
37.095,25.0,0.0,0.704,0.000,1.268,6.33,-1.0,0.0,0,1,0,0,0,-1
37.145,25.0,0.0,0.704,0.000,1.268,4.24,-1.0,0.0,0,1,0,0,0,-1
37.200,25.0,4.4,0.704,0.000,1.268,3.25,-1.0,0.0,0,1,0,0,0,-1
37.260,25.0,9.2,0.704,0.005,1.268,2.24,-1.0,0.0,0,1,0,0,0,-1
37.313,25.0,13.5,0.704,0.124,1.268,4.17,-1.0,0.0,0,1,0,0,0,-1
37.378,25.0,13.3,0.704,0.269,1.268,9.66,-1.0,0.0,0,1,0,0,0,-1
37.429,20.9,9.3,0.562,0.086,1.223,10.15,-1.0,0.0,0,1,0,0,0,-1
37.479,16.9,5.2,0.427,0.023,1.129,8.52,-1.0,0.0,0,1,0,0,0,-1
37.545,11.7,0.0,0.155,0.000,0.827,5.00,-1.0,0.0,0,1,0,0,0,-1
37.596,7.6,0.0,0.045,0.000,0.666,3.83,-1.0,0.0,0,1,0,0,0,-1
37.646,3.6,0.0,0.000,0.000,0.450,2.57,-1.0,0.0,0,1,0,0,0,-1
37.712,0.0,0.0,0.000,0.000,0.301,1.72,-1.0,0.0,0,1,0,0,0,-1
37.779,0.0,0.0,0.000,0.000,0.202,1.15,-1.0,0.0,0,1,0,0,0,-1
37.829,0.0,0.0,0.000,0.000,0.135,0.77,-1.0,0.0,0,1,0,0,0,-1
37.880,0.0,0.0,0.000,0.000,0.091,0.52,-1.0,0.0,0,1,0,0,0,-1
37.943,0.0,0.0,0.000,0.000,0.061,0.35,-1.0,0.0,0,1,0,0,0,-1
37.995,0.0,0.0,0.000,0.000,0.047,0.27,-1.0,0.0,0,1,0,0,0,-1
38.045,0.0,0.0,0.000,0.000,0.031,0.18,-1.0,0.0,0,1,0,0,0,-1
38.113,0.0,0.0,0.000,0.000,0.021,0.12,-1.0,0.0,0,1,0,0,0,-1
38.179,0.0,0.0,0.000,0.000,0.014,0.08,-1.0,0.0,0,1,0,0,0,-1
38.231,0.0,0.0,0.000,0.000,0.009,0.05,-1.0,0.0,0,1,0,0,0,-1
38.295,0.0,0.0,0.000,0.000,0.006,0.04,-1.0,0.0,0,1,0,0,0,-1
38.361,0.0,0.0,0.000,0.000,0.004,0.02,-1.0,0.0,0,1,0,0,0,-1
38.412,0.0,0.0,0.000,0.000,0.003,0.02,-1.0,0.0,0,1,0,0,0,-1
38.462,0.0,0.0,0.000,0.000,0.002,0.01,-1.0,0.0,0,1,0,0,0,-1
38.514,0.0,0.0,0.000,0.000,0.001,0.01,-1.0,0.0,0,1,0,0,0,-1
38.578,0.0,0.0,0.000,0.000,0.001,0.01,-1.0,0.0,0,1,0,0,0,-1
38.630,0.0,0.0,0.000,0.000,0.001,0.00,-1.0,0.0,0,1,0,0,0,-1
38.698,0.0,0.0,0.000,0.000,0.000,0.00,-1.0,0.0,0,1,0,0,0,-1
38.761,0.0,0.0,0.000,0.000,0.000,0.00,-1.0,0.0,0,1,0,0,0,-1
38.812,0.0,0.0,0.000,0.000,0.000,0.00,-1.0,0.0,0,1,0,0,0,-1
38.880,0.0,0.0,0.000,0.000,0.000,0.00,-1.0,0.0,0,1,0,0,0,-1
38.947,0.0,0.0,0.000,0.000,0.000,0.00,-1.0,0.0,0,1,0,0,0,-1
39.000,0.0,0.0,0.000,0.000,0.000,0.00,-1.0,0.0,0,1,0,0,0,-1
39.062,0.0,0.0,0.000,0.000,0.000,0.00,-1.0,0.0,0,1,0,0,0,-1
39.112,0.0,0.0,0.000,0.000,0.000,0.00,-1.0,0.0,0,1,0,0,0,-1
39.163,0.0,0.0,0.000,0.000,0.000,0.00,-1.0,0.0,0,1,0,0,0,-1
39.229,0.0,0.0,0.000,0.000,0.000,0.00,-1.0,0.0,0,1,0,0,0,-1
39.280,0.0,0.0,0.000,0.000,0.000,0.00,-1.0,0.0,0,1,0,0,0,-1
39.346,0.0,0.0,0.000,0.000,0.000,0.00,-1.0,0.0,0,1,0,0,0,-1
39.411,0.0,0.0,0.000,0.000,0.000,0.00,-1.0,0.0,0,1,0,0,0,-1
39.462,0.0,0.0,0.000,0.000,0.000,0.00,-1.0,0.0,0,1,0,0,0,-1
39.528,0.0,0.0,0.000,0.000,0.000,0.00,-1.0,0.0,0,1,0,0,0,-1
39.581,0.0,0.0,0.000,0.000,0.000,0.00,-1.0,0.0,0,1,0,0,0,-1
39.646,0.0,0.0,0.000,0.000,0.000,0.00,-1.0,0.0,0,1,0,0,0,-1
39.696,0.0,0.0,0.000,0.000,0.000,0.00,-1.0,0.0,0,1,0,0,0,-1
39.760,0.0,0.0,0.000,0.000,0.000,0.00,-1.0,0.0,0,1,0,0,0,-1
39.812,0.0,0.0,0.000,0.000,0.000,0.00,-1.0,0.0,0,1,0,0,0,-1
39.863,0.0,0.0,0.000,0.000,0.000,0.00,-1.0,0.0,0,1,0,0,0,-1
39.929,0.0,0.0,0.000,0.000,0.000,0.00,-1.0,0.0,0,1,0,0,0,-1
39.979,0.0,0.0,0.000,0.000,0.000,0.00,-1.0,0.0,0,1,0,0,0,-1
40.029,0.0,0.0,0.000,0.000,0.000,0.00,-1.0,0.0,0,1,0,0,0,-1
40.140,0.0,0.0,0.000,0.000,0.000,0.00,-1.0,0.0,0,1,1,0,0,-1
40.198,0.0,0.0,0.000,0.000,0.000,0.00,-1.0,0.0,0,1,1,0,0,-1
40.248,0.0,0.0,0.000,0.000,0.000,0.00,-1.0,0.0,0,1,1,0,0,-1
40.341,0.0,0.0,0.000,0.000,0.000,0.00,-1.0,0.0,0,1,1,0,0,-1
40.402,0.0,0.0,0.000,0.000,0.000,0.00,-1.0,0.0,0,1,1,0,0,-1
40.469,0.0,0.0,0.000,0.000,0.000,0.00,-1.0,0.0,0,1,1,0,0,-1
40.519,0.0,0.0,0.000,0.000,0.000,0.00,-1.0,0.0,0,1,1,0,0,-1
40.569,0.0,0.0,0.000,0.000,0.000,0.00,-1.0,0.0,0,1,0,0,0,-1
40.636,0.0,0.0,0.000,0.000,0.000,0.00,-1.0,0.0,0,1,0,0,0,-1
40.703,0.0,0.0,0.000,0.000,0.000,0.00,-1.0,0.0,0,1,0,0,0,-1
40.753,0.0,0.0,0.000,0.000,0.000,0.00,-1.0,0.0,0,1,0,0,0,-1
40.816,0.0,0.0,0.000,0.000,0.000,0.00,-1.0,0.0,0,1,0,0,0,-1
40.869,0.0,0.0,0.000,0.000,0.000,0.00,-1.0,0.0,0,1,0,0,0,-1
40.936,0.0,-1.4,0.000,0.000,0.000,0.00,-1.0,0.0,0,1,0,0,0,-1
40.987,0.0,-5.5,0.000,0.000,0.000,0.00,-1.0,0.0,0,1,0,0,0,-1
41.052,0.0,-10.7,0.000,-0.052,0.000,-0.81,-1.0,0.0,0,1,0,0,0,-1
41.118,0.0,-15.9,0.000,-0.168,0.000,-4.39,-1.0,0.0,0,1,0,0,0,-1
41.169,0.0,-20.0,0.000,-0.382,0.000,-12.74,-1.0,0.0,0,1,0,0,0,-1
41.219,0.0,-24.0,0.000,-0.508,0.000,-19.84,-1.0,0.0,0,1,0,0,0,-1
41.287,0.0,-25.0,0.000,-0.704,0.000,-37.44,-1.0,0.0,0,1,0,0,0,-1
41.352,0.0,-25.0,0.000,-0.704,0.000,-46.00,-1.0,0.0,0,1,0,0,0,-1
41.419,0.0,-25.0,0.000,-0.704,0.000,-51.73,-1.0,0.0,0,1,0,0,0,-1
41.469,0.0,-25.0,0.000,-0.704,0.000,-55.58,-1.0,0.0,0,1,0,0,0,-1
41.521,0.0,-25.0,0.000,-0.704,0.000,-58.15,-1.0,0.0,0,1,0,0,0,-1
41.586,0.0,-25.0,0.000,-0.704,0.000,-59.88,-1.0,0.0,0,1,0,0,0,-1
41.652,0.0,-25.0,0.000,-0.704,0.000,-61.04,-1.0,0.0,0,1,0,0,0,-1
41.704,0.0,-25.0,0.000,-0.704,0.000,-61.82,-1.0,0.0,0,1,0,0,0,-1
41.772,0.0,-25.0,0.000,-0.704,0.000,-62.34,-1.0,0.0,0,1,0,0,0,-1
41.836,0.0,-25.0,0.000,-0.704,0.000,-62.69,-1.0,0.0,0,1,0,0,0,-1
41.903,0.0,-25.0,0.000,-0.704,0.000,-62.98,-1.0,0.0,0,1,0,0,0,-1
41.953,0.0,-25.0,0.000,-0.704,0.000,-63.08,-1.0,0.0,0,1,0,0,0,-1
42.005,0.0,-25.0,0.000,-0.704,0.000,-63.18,-1.0,0.0,0,1,0,0,0,-1
42.070,0.0,-25.0,0.000,-0.704,0.000,-63.25,-1.0,0.0,0,1,0,0,0,-1
42.136,0.0,-25.0,0.000,-0.704,0.000,-63.30,-1.0,0.0,0,1,0,0,0,-1
42.186,0.0,-25.0,0.000,-0.704,0.000,-63.33,-1.0,0.0,0,1,0,0,0,-1
42.253,0.0,-25.0,0.000,-0.704,0.000,-63.35,-1.0,0.0,0,1,0,0,0,-1
42.303,0.0,-25.0,0.000,-0.704,0.000,-63.37,-1.0,0.0,0,1,0,0,0,-1
42.370,0.0,-25.0,0.000,-0.704,0.000,-63.38,-1.0,0.0,0,1,0,0,0,-1
42.436,0.0,-25.0,0.000,-0.704,0.000,-63.38,-1.0,0.0,0,1,0,0,0,-1
42.504,0.0,-25.0,0.000,-0.704,0.000,-63.39,-1.0,0.0,0,1,0,0,0,-1
42.569,0.0,-25.0,0.000,-0.704,0.000,-63.39,-1.0,0.0,0,1,0,0,0,-1
42.620,0.0,-25.0,0.000,-0.704,0.000,-63.39,-1.0,0.0,0,1,0,0,0,-1
42.686,0.0,-25.0,0.000,-0.704,0.000,-63.39,-1.0,0.0,0,1,0,0,0,-1
42.738,0.0,-25.0,0.000,-0.704,0.000,-63.39,-1.0,0.0,0,1,0,0,0,-1
42.803,0.0,-25.0,0.000,-0.704,0.000,-63.39,-1.0,0.0,0,1,0,0,0,-1
42.868,0.0,-25.0,0.000,-0.704,0.000,-63.39,-1.0,0.0,0,1,0,0,0,-1
42.919,0.0,-25.0,0.000,-0.704,0.000,-63.39,-1.0,0.0,0,1,0,0,0,-1
42.987,0.0,-25.0,0.000,-0.704,0.000,-63.39,-1.0,0.0,0,1,0,0,0,-1
43.037,0.0,-25.0,0.000,-0.704,0.000,-63.39,-1.0,0.0,0,1,0,0,0,-1
43.103,0.0,-25.0,0.000,-0.704,0.000,-63.40,-1.0,0.0,0,1,0,0,0,-1
43.170,0.0,-25.0,0.000,-0.704,0.000,-63.40,-1.0,0.0,0,1,0,0,0,-1
43.233,0.0,-25.0,0.000,-0.704,0.000,-63.40,-1.0,0.0,0,1,0,0,0,-1
43.286,0.0,-25.0,0.000,-0.704,0.000,-63.40,-1.0,0.0,0,1,0,0,0,-1
43.337,0.0,-25.0,0.000,-0.704,0.000,-63.40,-1.0,0.0,0,1,0,0,0,-1
43.402,0.0,-25.0,0.000,-0.704,0.000,-63.40,-1.0,0.0,0,1,0,0,0,-1
43.469,0.0,-25.0,0.000,-0.704,0.000,-63.40,-1.0,0.0,0,1,0,0,0,-1
43.519,0.0,-25.0,0.000,-0.704,0.000,-63.40,-1.0,0.0,0,1,0,0,0,-1
43.585,0.0,-25.0,0.000,-0.704,0.000,-63.40,-1.0,0.0,0,1,0,0,0,-1
43.636,0.0,-25.0,0.000,-0.704,0.000,-63.40,-1.0,0.0,0,1,0,0,0,-1
43.702,0.0,-25.0,0.000,-0.704,0.000,-63.40,-1.0,0.0,0,1,0,0,0,-1
43.754,0.0,-25.0,0.000,-0.704,0.000,-63.40,-1.0,0.0,0,1,0,0,0,-1
43.819,0.0,-25.0,0.000,-0.704,0.000,-63.40,-1.0,0.0,0,1,0,0,0,-1
43.869,0.0,-25.0,0.000,-0.704,0.000,-63.40,-1.0,0.0,0,1,0,0,0,-1
43.919,0.0,-25.0,0.000,-0.704,0.000,-63.40,-1.0,0.0,0,1,0,0,0,-1
43.988,0.0,-25.0,0.000,-0.704,0.000,-63.40,-1.0,0.0,0,1,0,0,0,-1
44.051,0.0,-25.0,0.000,-0.704,0.000,-63.40,-1.0,0.0,0,1,0,0,0,-1
44.102,0.0,-20.9,0.000,-0.555,0.000,-60.93,-1.0,0.0,0,1,0,0,0,-1
44.153,0.0,-22.2,0.000,-0.490,0.000,-56.34,-1.0,0.0,0,1,0,0,0,-1
44.203,0.0,-25.0,0.000,-0.694,0.000,-56.48,-1.0,0.0,0,1,0,0,0,-1
44.269,0.0,-25.0,0.000,-0.704,0.000,-58.76,-1.0,0.0,0,1,0,0,0,-1
44.319,0.0,-25.0,0.000,-0.704,0.000,-59.85,-1.0,0.0,0,1,0,0,0,-1
44.386,0.0,-25.0,0.000,-0.704,0.000,-61.31,-1.0,0.0,0,1,0,0,0,-1
44.438,0.0,-25.0,0.000,-0.704,0.000,-61.80,-1.0,0.0,0,1,0,0,0,-1
44.503,0.0,-22.4,0.000,-0.638,0.000,-61.72,-1.0,0.0,0,1,1,0,0,-1
44.553,0.0,-18.4,0.000,-0.438,0.000,-57.12,-1.0,0.0,0,1,1,0,0,-1
44.603,0.0,-14.4,0.000,-0.256,0.000,-47.47,-1.0,0.0,0,1,1,0,0,-1
44.669,0.0,-9.1,0.000,-0.080,0.000,-35.31,-1.0,0.0,0,1,1,0,0,-1
44.739,0.0,-3.5,0.000,0.000,0.000,-24.28,-1.0,0.0,0,1,1,0,0,-1
44.804,0.0,0.0,0.000,0.000,0.000,-14.24,-1.0,0.0,0,1,1,0,0,-1
44.870,0.0,0.0,0.000,0.000,0.000,-9.55,-1.0,0.0,0,1,1,0,0,-1
44.935,0.0,0.0,0.000,0.000,0.000,-6.40,-1.0,0.0,0,1,1,0,0,-1
44.987,0.0,0.0,0.000,0.000,0.000,-4.29,-1.0,0.0,0,1,1,0,0,-1
45.040,0.0,0.0,0.000,0.000,0.000,-3.29,-1.0,0.0,0,1,0,0,0,-1
45.102,0.0,0.0,0.000,0.000,0.000,-1.93,-1.0,0.0,0,1,0,0,0,-1
45.169,0.0,0.0,0.000,0.000,0.000,-1.29,-1.0,0.0,0,1,0,0,0,-1
45.220,0.0,0.0,0.000,0.000,0.000,-0.87,-1.0,0.0,0,1,1,0,0,-1
45.285,0.0,0.0,0.000,0.000,0.000,-0.58,-1.0,0.0,0,1,1,0,0,-1
45.341,0.0,0.0,0.000,0.000,0.000,-0.39,-1.0,0.0,0,1,1,0,0,-1
45.402,0.0,0.0,0.000,0.000,0.000,-0.26,-1.0,0.0,0,1,1,0,0,-1
45.452,0.0,0.0,0.000,0.000,0.000,-0.20,-1.0,0.0,0,1,1,0,0,-1
45.503,0.0,0.0,0.000,0.000,0.000,-0.13,-1.0,0.0,0,1,1,0,0,-1
45.571,0.0,0.0,0.000,0.000,0.000,-0.09,-1.0,0.0,0,1,1,0,0,-1
45.639,0.0,0.0,0.000,0.000,0.000,-0.06,-1.0,0.0,0,1,1,0,0,-1
45.703,0.0,0.0,0.000,0.000,0.000,-0.04,-1.0,0.0,0,1,1,0,0,-1
45.769,0.0,0.0,0.000,0.000,0.000,-0.02,-1.0,0.0,0,1,1,0,0,-1
45.820,0.0,0.0,0.000,0.000,0.000,-0.02,-1.0,0.0,0,1,1,0,0,-1
45.870,0.0,0.0,0.000,0.000,0.000,-0.01,-1.0,0.0,0,1,1,0,0,-1
45.941,0.0,0.0,0.000,0.000,0.000,-0.01,-1.0,0.0,0,1,1,0,0,-1
46.002,0.0,0.0,0.000,0.000,0.000,0.00,-1.0,0.0,0,1,1,0,0,-1
46.054,0.0,0.0,0.000,0.000,0.000,0.00,-1.0,0.0,0,1,1,0,0,-1
46.120,0.0,0.0,0.000,0.000,0.000,0.00,-1.0,0.0,0,1,1,0,0,-1
46.170,0.0,0.0,0.000,0.000,0.000,0.00,-1.0,0.0,0,1,1,0,0,-1
46.236,0.0,0.0,0.000,0.000,0.000,0.00,-1.0,0.0,0,1,1,0,0,-1
46.286,0.0,0.0,0.000,0.000,0.000,0.00,-1.0,0.0,0,1,1,0,0,-1
46.354,0.0,0.0,0.000,0.000,0.000,0.00,-1.0,0.0,0,1,1,0,0,-1
46.419,0.0,0.0,0.000,0.000,0.000,0.00,-1.0,0.0,0,1,1,0,0,-1
46.486,0.0,0.0,0.000,0.000,0.000,0.00,-1.0,0.0,0,1,1,0,0,-1
46.536,0.0,0.0,0.000,0.000,0.000,0.00,-1.0,0.0,0,1,1,0,0,-1
46.588,0.0,0.0,0.000,0.000,0.000,0.00,-1.0,0.0,0,1,1,0,0,-1
46.654,0.0,0.0,0.000,0.000,0.000,0.00,-1.0,0.0,0,1,1,0,0,-1
46.719,0.0,0.0,0.000,0.000,0.000,0.00,-1.0,0.0,0,1,1,0,0,-1
46.770,0.0,0.0,0.000,0.000,0.000,0.00,-1.0,0.0,0,1,1,0,0,-1
46.835,0.0,0.0,0.000,0.000,0.000,0.00,-1.0,0.0,0,1,1,0,0,-1
46.887,0.0,0.0,0.000,0.000,0.000,0.00,-1.0,0.0,0,1,1,0,0,-1
46.952,0.0,0.0,0.000,0.000,0.000,0.00,-1.0,0.0,0,1,1,0,0,-1
47.004,0.0,0.0,0.000,0.000,0.000,0.00,-1.0,0.0,0,1,1,0,0,-1
47.068,0.0,0.0,0.000,0.000,0.000,0.00,-1.0,0.0,0,1,1,0,0,-1
47.122,0.0,0.0,0.000,0.000,0.000,0.00,-1.0,0.0,0,1,1,0,0,-1
47.187,0.0,0.0,0.000,0.000,0.000,0.00,-1.0,0.0,0,1,1,0,0,-1
47.253,0.0,0.0,0.000,0.000,0.000,0.00,-1.0,0.0,0,1,1,0,0,-1
47.305,0.0,0.0,0.000,0.000,0.000,0.00,-1.0,0.0,0,1,0,0,0,-1
47.369,0.0,0.0,0.000,0.000,0.000,0.00,-1.0,0.0,0,1,0,0,0,-1
47.419,0.0,0.0,0.000,0.000,0.000,0.00,-1.0,0.0,0,1,0,0,0,-1
47.485,0.0,0.0,0.000,0.000,0.000,0.00,-1.0,0.0,0,1,0,0,0,-1
47.535,0.0,0.0,0.000,0.000,0.000,0.00,-1.0,0.0,0,1,0,0,0,-1
47.586,0.0,0.0,0.000,0.000,0.000,0.00,-1.0,0.0,0,1,0,0,0,-1
47.637,0.0,0.0,0.000,0.000,0.000,0.00,-1.0,0.0,0,1,0,0,0,-1
47.702,0.0,0.0,0.000,0.000,0.000,0.00,-1.0,0.0,0,1,0,0,0,-1
47.758,0.0,0.0,0.000,0.000,0.000,0.00,-1.0,0.0,0,1,0,0,0,-1
47.818,0.0,0.0,0.000,0.000,0.000,0.00,-1.0,0.0,0,1,0,0,0,-1
47.870,0.0,0.0,0.000,0.000,0.000,0.00,-1.0,0.0,0,1,0,0,0,-1
47.921,0.0,0.0,0.000,0.000,0.000,0.00,-1.0,0.0,0,1,0,0,0,-1
47.971,0.0,0.0,0.000,0.000,0.000,0.00,-1.0,0.0,0,1,0,0,0,-1
48.036,0.0,0.0,0.000,0.000,0.000,0.00,-1.0,0.0,0,1,0,0,0,-1
48.103,0.0,0.0,0.000,0.000,0.000,0.00,-1.0,0.0,0,1,0,0,0,-1
48.169,0.0,0.0,0.000,0.000,0.000,0.00,-1.0,0.0,0,1,0,0,0,-1
48.219,0.0,0.0,0.000,0.000,0.000,0.00,-1.0,0.0,0,1,0,0,0,-1
48.285,0.0,0.0,0.000,0.000,0.000,0.00,-1.0,0.0,0,1,0,0,0,-1
48.336,0.0,0.0,0.000,0.000,0.000,0.00,-1.0,0.0,0,1,0,0,0,-1
48.402,0.0,0.0,0.000,0.000,0.000,0.00,-1.0,0.0,0,1,0,0,0,-1
48.468,0.0,0.0,0.000,0.000,0.000,0.00,-1.0,0.0,0,1,0,0,0,-1
48.519,0.0,0.0,0.000,0.000,0.000,0.00,-1.0,0.0,0,1,0,0,0,-1
48.569,0.0,0.0,0.000,0.000,0.000,0.00,-1.0,0.0,0,1,0,0,0,-1
48.636,0.0,0.0,0.000,0.000,0.000,0.00,-1.0,0.0,0,1,0,0,0,-1
48.703,0.0,0.0,0.000,0.000,0.000,0.00,-1.0,0.0,0,1,0,0,0,-1
48.769,0.0,0.0,0.000,0.000,0.000,0.00,-1.0,0.0,0,1,0,0,0,-1
48.835,0.0,0.0,0.000,0.000,0.000,0.00,-1.0,0.0,0,1,0,0,0,-1
48.887,0.0,0.0,0.000,0.000,0.000,0.00,-1.0,0.0,0,1,0,0,0,-1
48.952,0.0,0.0,0.000,0.000,0.000,0.00,-1.0,0.0,0,1,0,0,0,-1
49.003,0.0,0.0,0.000,0.000,0.000,0.00,-1.0,0.0,0,1,0,0,0,-1
49.069,0.0,0.0,0.000,0.000,0.000,0.00,-1.0,0.0,0,1,0,0,0,-1
49.136,0.0,0.0,0.000,0.000,0.000,0.00,-1.0,0.0,0,1,0,0,0,-1
49.203,0.0,-5.3,0.000,0.000,0.000,0.00,-1.0,0.0,0,1,0,0,0,-1
49.268,0.0,-10.6,0.000,-0.051,0.000,-0.83,-1.0,0.0,0,1,0,0,0,-1
49.318,0.0,-14.6,0.000,-0.124,0.000,-2.85,-1.0,0.0,0,1,0,0,0,-1
49.386,0.0,-20.0,0.000,-0.379,0.000,-13.01,-1.0,0.0,0,1,0,0,0,-1
49.453,0.0,-25.0,0.000,-0.647,0.000,-25.47,-1.0,0.0,0,1,0,0,0,-1
49.520,0.0,-25.0,0.000,-0.704,0.000,-37.98,-1.0,0.0,0,1,0,0,0,-1
49.570,0.0,-25.0,0.000,-0.704,0.000,-46.36,-1.0,0.0,0,1,0,0,0,-1
49.636,0.0,-25.0,0.000,-0.704,0.000,-51.97,-1.0,0.0,0,1,0,0,0,-1
49.686,0.0,-25.0,0.000,-0.704,0.000,-55.74,-1.0,0.0,0,1,0,0,0,-1
49.738,0.0,-25.0,0.000,-0.704,0.000,-57.53,-1.0,0.0,0,1,0,0,0,-1
49.803,0.0,-25.0,0.000,-0.704,0.000,-59.96,-1.0,0.0,0,1,0,0,0,-1
49.871,0.0,-19.6,0.000,-0.496,0.000,-56.77,-1.0,0.0,0,1,0,0,0,-1
49.936,0.0,-14.3,0.000,-0.259,0.000,-48.24,-1.0,0.0,0,1,0,0,0,-1
49.987,2.7,-10.3,0.000,-0.112,0.000,-36.91,-1.0,0.0,0,1,0,0,0,-1
50.052,7.9,-5.1,0.004,-0.002,0.001,-25.87,-1.0,0.0,0,1,0,0,0,-1
50.103,12.0,-1.0,0.085,0.000,0.033,-17.34,-1.0,0.0,0,1,0,0,0,-1
50.172,17.5,0.0,0.269,0.000,0.154,-11.62,-1.0,0.0,0,1,0,0,0,-1
50.236,22.7,0.0,0.444,0.000,0.336,-7.79,-1.0,0.0,0,1,0,0,0,-1
50.303,25.0,0.0,0.704,0.000,0.694,-4.57,-1.0,0.0,0,1,0,0,0,-1
50.353,25.0,0.0,0.704,0.000,0.828,-3.50,-1.0,0.0,0,1,0,0,0,-1
50.419,25.0,0.0,0.704,0.000,0.973,-2.35,-1.0,0.0,0,1,0,0,0,-1
50.471,25.0,0.0,0.704,0.000,1.070,-1.57,-1.0,0.0,0,1,0,0,0,-1
50.537,25.0,0.0,0.704,0.000,1.136,-1.05,-1.0,0.0,0,1,0,0,0,-1
50.602,25.0,0.0,0.704,0.000,1.190,-0.62,-1.0,0.0,0,1,0,0,0,-1
50.653,25.0,0.0,0.704,0.000,1.208,-0.47,-1.0,0.0,0,1,0,0,0,-1
50.719,25.0,0.0,0.704,0.000,1.228,-0.32,-1.0,0.0,0,1,0,0,0,-1
50.769,25.0,0.0,0.704,0.000,1.241,-0.21,-1.0,0.0,0,1,0,0,0,-1
50.835,25.0,0.0,0.704,0.000,1.250,-0.14,-1.0,0.0,0,1,0,0,0,-1
50.885,25.0,0.0,0.704,0.000,1.256,-0.10,-1.0,0.0,0,1,0,0,0,-1
50.953,25.0,0.0,0.704,0.000,1.260,-0.06,-1.0,0.0,0,1,0,0,0,-1
51.020,25.0,0.0,0.704,0.000,1.263,-0.04,-1.0,0.0,0,1,0,0,0,-1
51.084,25.0,0.0,0.704,0.000,1.265,-0.03,-1.0,0.0,0,1,0,0,0,-1
51.136,25.0,0.0,0.704,0.000,1.265,-0.02,-1.0,0.0,0,1,0,0,0,-1
51.203,25.0,0.0,0.704,0.000,1.266,-0.01,-1.0,0.0,0,1,0,0,0,-1
51.255,25.0,0.0,0.704,0.000,1.267,-0.01,-1.0,0.0,0,1,0,0,0,-1
51.318,25.0,0.0,0.704,0.000,1.267,-0.01,-1.0,0.0,0,1,0,0,0,-1
51.368,25.0,0.0,0.704,0.000,1.267,0.00,-1.0,0.0,0,1,0,0,0,-1
51.420,25.0,0.0,0.704,0.000,1.268,0.00,-1.0,0.0,0,1,0,0,0,-1
51.486,25.0,0.0,0.704,0.000,1.268,0.00,-1.0,0.0,0,1,0,0,0,-1
51.537,25.0,0.0,0.704,0.000,1.268,0.00,-1.0,0.0,0,1,0,0,0,-1
51.604,25.0,0.0,0.704,0.000,1.268,0.00,-1.0,0.0,0,1,0,0,0,-1
51.671,25.0,0.0,0.704,0.000,1.268,0.00,-1.0,0.0,0,1,0,0,0,-1
51.736,25.0,0.0,0.704,0.000,1.268,0.00,-1.0,0.0,0,1,0,0,0,-1
51.786,25.0,0.0,0.704,0.000,1.268,0.00,-1.0,0.0,0,1,0,0,0,-1
51.838,25.0,0.0,0.704,0.000,1.268,0.00,-1.0,0.0,0,1,0,0,0,-1
51.905,25.0,0.0,0.704,0.000,1.268,0.00,-1.0,0.0,0,1,0,0,0,-1
51.970,25.0,0.0,0.704,0.000,1.268,0.00,-1.0,0.0,0,1,0,0,0,-1
52.020,25.0,0.0,0.704,0.000,1.268,0.00,-1.0,0.0,0,1,0,0,0,-1
52.085,25.0,0.0,0.704,0.000,1.268,0.00,-1.0,0.0,0,1,1,0,0,-1
52.140,25.0,0.0,0.704,0.000,1.268,0.00,-1.0,0.0,0,1,1,0,0,-1
52.202,25.0,0.0,0.704,0.000,1.268,0.00,-1.0,0.0,0,1,1,0,0,-1
52.253,25.0,0.0,0.704,0.000,1.268,0.00,-1.0,0.0,0,1,1,0,0,-1
52.319,25.0,0.0,0.704,0.000,1.268,0.00,-1.0,0.0,0,1,1,0,0,-1
52.369,25.0,0.0,0.704,0.000,1.268,0.00,-1.0,0.0,0,1,1,0,0,-1
52.441,25.0,0.0,0.704,0.000,1.268,0.00,-1.0,0.0,0,1,1,0,0,-1
52.503,25.0,0.0,0.704,0.000,1.268,0.00,-1.0,0.0,0,1,1,0,0,-1
52.569,25.0,0.0,0.704,0.000,1.268,0.00,-1.0,0.0,0,1,0,0,0,-1
52.619,22.8,0.0,0.704,0.000,1.268,0.00,-1.0,0.0,0,1,0,0,0,-1
52.669,18.8,0.0,0.453,0.000,1.155,0.00,-1.0,0.0,0,1,0,0,0,-1
52.742,13.0,0.0,0.224,0.000,0.888,0.00,-1.0,0.0,0,1,0,0,0,-1
52.803,8.1,0.0,0.056,0.000,0.648,0.00,-1.0,0.0,0,1,0,0,0,-1
52.870,2.8,0.0,0.000,0.000,0.435,0.00,-1.0,0.0,0,1,0,0,0,-1
52.938,0.0,0.0,0.000,0.000,0.292,0.00,-1.0,0.0,0,1,1,0,0,-1
53.003,0.0,0.0,0.000,0.000,0.171,0.00,-1.0,0.0,0,1,1,0,0,-1
53.068,0.0,0.0,0.000,0.000,0.115,0.00,-1.0,0.0,0,1,1,0,0,-1
53.119,0.0,0.0,0.000,0.000,0.088,0.00,-1.0,0.0,0,1,1,0,0,-1
53.185,0.0,0.0,0.000,0.000,0.052,0.00,-1.0,0.0,0,1,1,0,0,-1
53.252,0.0,0.0,0.000,0.000,0.035,0.00,-1.0,0.0,0,1,1,0,0,-1
53.319,0.0,0.0,0.000,0.000,0.023,0.00,-1.0,0.0,0,1,1,0,0,-1
53.371,0.0,0.0,0.000,0.000,0.016,0.00,-1.0,0.0,0,1,1,0,0,-1
53.421,0.0,0.0,0.000,0.000,0.010,0.00,-1.0,0.0,0,1,1,0,0,-1
53.484,0.0,0.0,0.000,0.000,0.007,0.00,-1.0,0.0,0,1,1,0,0,-1
53.536,0.0,0.0,0.000,0.000,0.005,0.00,-1.0,0.0,0,1,1,0,0,-1
53.604,0.0,0.0,0.000,0.000,0.003,0.00,-1.0,0.0,0,1,1,0,0,-1
53.654,0.0,0.0,0.000,0.000,0.002,0.00,-1.0,0.0,0,1,1,0,0,-1
53.719,0.0,0.0,0.000,0.000,0.002,0.00,-1.0,0.0,0,1,1,0,0,-1
53.769,0.0,0.0,0.000,0.000,0.001,0.00,-1.0,0.0,0,1,1,0,0,-1
53.819,0.0,0.0,0.000,0.000,0.001,0.00,-1.0,0.0,0,1,1,0,0,-1
53.888,0.0,0.0,0.000,0.000,0.000,0.00,-1.0,0.0,0,1,1,0,0,-1
53.951,0.0,0.0,0.000,0.000,0.000,0.00,-1.0,0.0,0,1,1,0,0,-1
54.003,0.0,0.0,0.000,0.000,0.000,0.00,-1.0,0.0,0,1,1,0,0,-1
54.069,0.0,0.0,0.000,0.000,0.000,0.00,-1.0,0.0,0,1,1,0,0,-1
54.122,0.0,0.0,0.000,0.000,0.000,0.00,-1.0,0.0,0,1,1,0,0,-1
54.185,0.0,0.0,0.000,0.000,0.000,0.00,-1.0,0.0,0,1,0,0,0,-1
54.235,0.0,0.0,0.000,0.000,0.000,0.00,-1.0,0.0,0,1,0,0,0,-1
54.286,0.0,0.0,0.000,0.000,0.000,0.00,-1.0,0.0,0,1,0,0,0,-1
54.336,0.0,0.0,0.000,0.000,0.000,0.00,-1.0,0.0,0,1,0,0,0,-1
54.403,0.0,0.0,0.000,0.000,0.000,0.00,-1.0,0.0,0,1,0,0,0,-1
54.470,0.0,0.0,0.000,0.000,0.000,0.00,-1.0,0.0,0,1,0,0,0,-1
54.535,0.0,0.0,0.000,0.000,0.000,0.00,-1.0,0.0,0,1,0,0,0,-1
54.586,0.0,0.0,0.000,0.000,0.000,0.00,-1.0,0.0,0,1,1,0,0,-1
54.639,0.0,0.0,0.000,0.000,0.000,0.00,-1.0,0.0,0,1,1,0,0,-1
54.705,0.0,0.0,0.000,0.000,0.000,0.00,-1.0,0.0,0,1,1,0,0,-1
54.772,1.5,0.0,0.000,0.000,0.000,0.00,-1.0,0.0,0,1,1,0,0,-1
54.836,6.7,0.0,0.000,0.000,0.000,0.00,-1.0,0.0,0,1,0,0,0,-1
54.903,12.0,-4.0,0.084,0.000,0.034,0.00,-1.0,0.0,0,1,0,0,0,-1
54.969,17.3,-9.3,0.267,-0.024,0.153,-0.31,-1.0,0.0,0,1,0,0,0,-1
55.019,21.3,-13.3,0.384,-0.088,0.267,-1.72,-1.0,0.0,0,1,0,0,0,-1
55.069,25.0,-17.4,0.646,-0.268,0.524,-7.74,-1.0,0.0,0,1,0,0,0,-1
55.121,25.0,-21.5,0.704,-0.444,0.770,-16.73,-1.0,0.0,0,1,0,0,0,-1
55.187,25.0,-25.0,0.704,-0.704,0.934,-30.74,-1.0,0.0,0,1,0,0,0,-1
55.253,25.0,-25.0,0.704,-0.704,1.044,-41.51,-1.0,0.0,0,1,0,0,0,-1
55.306,25.0,-25.0,0.704,-0.704,1.118,-48.72,-1.0,0.0,0,1,0,0,0,-1
55.369,25.0,-22.4,0.704,-0.629,1.167,-52.72,-1.0,0.0,0,1,0,0,0,-1
55.419,25.0,-18.3,0.704,-0.490,1.191,-51.43,-1.0,0.0,0,1,0,0,0,-1
55.486,19.7,-13.0,0.495,-0.204,1.131,-40.22,-1.0,0.0,0,1,0,0,0,-1
55.553,14.3,-7.6,0.259,-0.045,0.952,-29.57,-1.0,0.0,0,1,0,0,0,-1
55.607,10.0,-3.3,0.114,0.000,0.730,-19.99,-1.0,0.0,0,1,0,0,0,-1
55.669,5.0,0.0,0.002,0.000,0.501,-13.40,-1.0,0.0,0,1,0,0,0,-1
55.720,1.0,0.0,0.000,0.000,0.384,-10.26,-1.0,0.0,0,1,0,0,0,-1
55.787,0.0,1.4,0.000,0.000,0.225,-6.02,-1.0,0.0,0,1,0,0,0,-1
55.853,0.0,6.7,0.000,0.000,0.151,-4.03,-1.0,0.0,0,1,0,0,0,-1
55.909,0.0,11.2,0.000,0.053,0.101,-1.82,-1.0,0.0,0,1,0,0,0,-1
55.969,4.1,16.0,0.000,0.217,0.068,3.96,-1.0,0.0,0,1,0,0,0,-1
56.019,8.1,20.0,0.000,0.327,0.052,9.36,-1.0,0.0,0,1,0,0,0,-1
56.086,13.4,25.0,0.127,0.651,0.089,26.25,-1.0,0.0,0,1,0,0,0,-1
56.152,18.7,25.0,0.325,0.704,0.215,38.50,-1.0,0.0,0,1,0,0,0,-1
56.202,22.7,25.0,0.515,0.704,0.414,46.71,-1.0,0.0,0,1,0,0,0,-1
56.270,19.8,25.0,0.505,0.704,0.616,52.21,-1.0,0.0,0,1,0,0,0,-1
56.335,14.5,25.0,0.262,0.704,0.621,55.90,-1.0,0.0,0,1,0,0,0,-1
56.386,10.5,25.0,0.121,0.704,0.512,58.37,-1.0,0.0,0,1,0,0,0,-1
56.453,5.2,25.0,0.003,0.704,0.362,60.03,-1.0,0.0,0,1,0,0,0,-1
56.519,0.0,25.0,0.000,0.704,0.243,61.14,-1.0,0.0,0,1,0,0,0,-1
56.570,0.0,25.0,0.000,0.704,0.163,61.88,-1.0,0.0,0,1,0,0,0,-1
56.637,0.0,25.0,0.000,0.704,0.109,62.38,-1.0,0.0,0,1,0,0,0,-1
56.702,0.0,25.0,0.000,0.704,0.064,62.80,-1.0,0.0,0,1,0,0,0,-1
56.769,0.0,25.0,0.000,0.704,0.043,63.00,-1.0,0.0,0,1,0,0,0,-1
56.835,0.0,25.0,0.000,0.704,0.029,63.13,-1.0,0.0,0,1,0,0,0,-1
56.886,0.0,25.0,0.000,0.704,0.019,63.22,-1.0,0.0,0,1,0,0,0,-1
56.936,0.0,25.0,0.000,0.704,0.015,63.26,-1.0,0.0,0,1,0,0,0,-1
56.986,0.0,25.0,0.000,0.704,0.010,63.30,-1.0,0.0,0,1,0,0,0,-1
57.053,0.0,25.0,0.000,0.704,0.007,63.33,-1.0,0.0,0,1,0,0,0,-1
57.103,0.0,25.0,0.000,0.704,0.004,63.35,-1.0,0.0,0,1,0,0,0,-1
57.154,0.0,25.0,0.000,0.704,0.003,63.36,-1.0,0.0,0,1,0,0,0,-1
57.218,0.0,25.0,0.000,0.704,0.002,63.37,-1.0,0.0,0,1,0,0,0,-1
57.287,0.0,25.0,0.000,0.704,0.001,63.38,-1.0,0.0,0,1,0,0,0,-1
57.352,0.0,25.0,0.000,0.704,0.001,63.39,-1.0,0.0,0,1,0,0,0,-1
57.419,0.0,25.0,0.000,0.704,0.001,63.39,-1.0,0.0,0,1,0,0,0,-1
57.469,0.0,25.0,0.000,0.704,0.000,63.39,-1.0,0.0,0,1,0,0,0,-1
57.535,0.0,25.0,0.000,0.704,0.000,63.39,-1.0,0.0,0,1,0,0,0,-1
57.585,0.0,25.0,0.000,0.704,0.000,63.39,-1.0,0.0,0,1,0,0,0,-1
57.636,0.0,25.0,0.000,0.704,0.000,63.39,-1.0,0.0,0,1,0,0,0,-1
57.702,0.0,25.0,0.000,0.704,0.000,63.39,-1.0,0.0,0,1,0,0,0,-1
57.769,0.0,25.0,0.000,0.704,0.000,63.39,-1.0,0.0,0,1,0,0,0,-1
57.819,0.0,25.0,0.000,0.704,0.000,63.39,-1.0,0.0,0,1,0,0,0,-1
57.871,0.0,25.0,0.000,0.704,0.000,63.39,-1.0,0.0,0,1,0,0,0,-1
57.936,0.0,25.0,0.000,0.704,0.000,63.39,-1.0,0.0,0,1,0,0,0,-1
58.003,0.0,25.0,0.000,0.704,0.000,63.40,-1.0,0.0,0,1,0,0,0,-1
58.053,0.0,25.0,0.000,0.704,0.000,63.40,-1.0,0.0,0,1,0,0,0,-1
58.119,0.0,25.0,0.000,0.704,0.000,63.40,-1.0,0.0,0,1,0,0,0,-1
58.171,4.2,25.0,0.000,0.704,0.000,63.40,-1.0,0.0,0,1,0,0,0,-1
58.236,9.4,21.0,0.025,0.562,0.006,61.80,-1.0,0.0,0,1,0,0,0,-1
58.286,13.4,17.0,0.127,0.367,0.058,54.04,-1.0,0.0,0,1,0,0,0,-1
58.353,18.8,11.6,0.328,0.157,0.185,43.15,-1.0,0.0,0,1,0,0,0,-1
58.419,24.0,6.3,0.515,0.043,0.394,31.15,-1.0,0.0,0,1,0,0,0,-1
58.472,25.0,2.1,0.704,0.000,0.673,20.89,-1.0,0.0,0,1,0,0,0,-1
58.535,25.0,0.0,0.704,0.000,0.869,14.00,-1.0,0.0,0,1,0,0,0,-1
58.602,25.0,-4.0,0.704,0.000,1.034,8.22,-1.0,0.0,0,1,0,0,0,-1
58.653,25.0,-8.1,0.704,-0.004,1.089,6.24,-1.0,0.0,0,1,0,0,0,-1
58.718,25.0,-13.3,0.704,-0.087,1.148,2.47,-1.0,0.0,0,1,0,0,0,-1
58.773,25.0,-11.7,0.704,-0.169,1.187,-3.83,-1.0,0.0,0,1,0,0,0,-1
58.835,25.0,-6.7,0.704,-0.025,1.214,-4.72,-1.0,0.0,0,1,0,0,0,-1
58.885,25.0,-2.7,0.704,0.000,1.232,-3.21,-1.0,0.0,0,1,0,0,0,-1
58.936,25.0,0.0,0.704,0.000,1.240,-2.46,-1.0,0.0,0,1,0,0,0,-1
58.988,25.0,1.3,0.704,0.000,1.249,-1.65,-1.0,0.0,0,1,0,0,0,-1
59.056,25.0,6.8,0.704,0.000,1.255,-1.11,-1.0,0.0,0,1,0,0,0,-1
59.122,25.0,12.1,0.704,0.081,1.261,0.97,-1.0,0.0,0,1,0,0,0,-1
59.186,25.0,17.2,0.704,0.260,1.263,7.05,-1.0,0.0,0,1,0,0,0,-1
59.253,25.0,22.5,0.704,0.502,1.265,17.42,-1.0,0.0,0,1,0,0,0,-1
59.320,25.0,25.0,0.704,0.704,1.266,30.85,-1.0,0.0,0,1,0,0,0,-1
59.372,25.0,25.0,0.704,0.704,1.266,41.58,-1.0,0.0,0,1,0,0,0,-1
59.436,25.0,25.0,0.704,0.704,1.267,48.77,-1.0,0.0,0,1,0,0,0,-1
59.502,25.0,25.0,0.704,0.704,1.267,54.82,-1.0,0.0,0,1,0,0,0,-1
59.552,25.0,25.0,0.704,0.704,1.267,56.82,-1.0,0.0,0,1,0,0,0,-1
59.605,25.0,25.0,0.704,0.704,1.268,58.99,-1.0,0.0,0,1,0,0,0,-1
59.669,25.0,25.0,0.704,0.704,1.268,60.44,-1.0,0.0,0,1,0,0,0,-1
59.737,25.0,22.2,0.704,0.632,1.268,60.60,-1.0,0.0,0,1,0,0,0,-1
59.803,25.0,17.0,0.704,0.369,1.268,52.35,-1.0,0.0,0,1,0,0,0,-1
59.869,25.0,11.7,0.704,0.158,1.268,41.12,-1.0,0.0,0,1,0,0,0,-1
59.919,25.0,7.6,0.704,0.078,1.268,33.50,-1.0,0.0,0,1,0,0,0,-1
59.986,25.0,2.3,0.704,0.000,1.268,19.80,-1.0,0.0,0,1,0,0,0,-1
60.053,25.0,0.0,0.704,0.000,1.268,13.27,-1.0,0.0,0,1,0,0,0,-1
60.120,25.0,0.0,0.704,0.000,1.268,7.79,-1.0,0.0,0,1,0,0,0,-1
60.185,25.0,0.0,0.704,0.000,1.268,5.22,-1.0,0.0,0,1,0,0,0,-1
60.236,25.0,0.0,0.704,0.000,1.268,4.00,-1.0,0.0,0,1,0,0,0,-1
60.302,25.0,0.0,0.704,0.000,1.268,2.35,-1.0,0.0,0,1,0,0,0,-1
60.353,25.0,-4.1,0.704,0.000,1.268,1.80,-1.0,0.0,0,1,0,0,0,-1
60.419,25.0,-9.3,0.704,-0.005,1.268,1.15,-1.0,0.0,0,1,0,0,0,-1
60.470,25.0,-5.2,0.704,-0.003,1.268,0.09,-1.0,0.0,0,1,0,0,0,-1
60.535,25.0,0.0,0.704,0.000,1.268,0.06,-1.0,0.0,0,1,0,0,0,-1
60.593,25.0,0.0,0.704,0.000,1.268,0.04,-1.0,0.0,0,1,0,0,0,-1
60.653,25.0,0.0,0.704,0.000,1.268,0.03,-1.0,0.0,0,1,0,0,0,-1
60.720,25.0,0.0,0.704,0.000,1.268,0.02,-1.0,0.0,0,1,0,0,0,-1
60.786,25.0,-3.6,0.704,0.000,1.268,0.01,-1.0,0.0,0,1,0,0,0,-1
60.837,25.0,-7.7,0.704,-0.002,1.268,-0.01,-1.0,0.0,0,1,0,0,0,-1
60.891,25.0,-12.0,0.704,-0.077,1.268,-1.49,-1.0,0.0,0,1,0,0,0,-1
60.952,25.0,-16.9,0.704,-0.252,1.268,-6.88,-1.0,0.0,0,1,0,0,0,-1
61.002,25.0,-18.2,0.704,-0.425,1.268,-15.64,-1.0,0.0,0,1,0,0,0,-1
61.053,25.0,-14.1,0.704,-0.304,1.268,-18.39,-1.0,0.0,0,1,0,0,0,-1
61.103,25.0,-10.1,0.704,-0.112,1.268,-16.76,-1.0,0.0,0,1,0,0,0,-1
61.154,25.0,-6.1,0.704,-0.014,1.268,-13.41,-1.0,0.0,0,1,0,0,0,-1
61.204,25.0,-2.1,0.704,0.000,1.268,-8.99,-1.0,0.0,0,1,0,0,0,-1
61.271,25.0,0.0,0.704,0.000,1.268,-6.03,-1.0,0.0,0,1,0,0,0,-1
61.342,25.0,0.0,0.704,0.000,1.268,-3.54,-1.0,0.0,0,1,0,0,0,-1
61.403,25.0,0.0,0.704,0.000,1.268,-2.37,-1.0,0.0,0,1,0,0,0,-1
61.469,25.0,0.0,0.704,0.000,1.268,-1.59,-1.0,0.0,0,1,0,0,0,-1
61.537,25.0,0.0,0.704,0.000,1.268,-1.06,-1.0,0.0,0,1,0,0,0,-1
61.588,25.0,0.0,0.704,0.000,1.268,-0.71,-1.0,0.0,0,1,0,0,0,-1
61.649,25.0,0.0,0.704,0.000,1.268,-0.48,-1.0,0.0,0,1,0,0,0,-1
61.702,25.0,0.0,0.704,0.000,1.268,-0.32,-1.0,0.0,0,1,0,0,0,-1
61.770,19.6,0.0,0.497,0.000,1.194,-0.21,-1.0,0.0,0,1,0,0,0,-1
61.820,15.6,0.0,0.313,0.000,1.017,-0.14,-1.0,0.0,0,1,0,0,0,-1
61.888,10.2,0.0,0.113,0.000,0.773,-0.10,-1.0,0.0,0,1,0,0,0,-1
61.949,5.3,0.0,0.001,0.000,0.534,-0.06,-1.0,0.0,0,1,0,0,0,-1
62.002,1.0,0.0,0.000,0.000,0.358,-0.04,-1.0,0.0,0,1,0,0,0,-1
62.054,0.0,0.0,0.000,0.000,0.274,-0.03,-1.0,0.0,0,1,0,0,0,-1
62.120,0.0,0.0,0.000,0.000,0.184,-0.02,-1.0,0.0,0,1,0,0,0,-1
62.186,0.0,0.0,0.000,0.000,0.108,-0.01,-1.0,0.0,0,1,0,0,0,-1
62.236,0.0,0.0,0.000,0.000,0.083,-0.01,-1.0,0.0,0,1,0,0,0,-1
62.304,0.0,0.0,0.000,0.000,0.048,-0.01,-1.0,0.0,0,1,0,0,0,-1
62.369,0.0,0.0,0.000,0.000,0.032,0.00,-1.0,0.0,0,1,0,0,0,-1
62.419,0.0,0.0,0.000,0.000,0.025,0.00,-1.0,0.0,0,1,0,0,0,-1
62.470,0.0,0.0,0.000,0.000,0.017,0.00,-1.0,0.0,0,1,0,0,0,-1
62.536,0.0,0.0,0.000,0.000,0.011,0.00,-1.0,0.0,0,1,0,0,0,-1
62.603,0.0,0.0,0.000,0.000,0.007,0.00,-1.0,0.0,0,1,0,0,0,-1
62.669,0.0,0.0,0.000,0.000,0.004,0.00,-1.0,0.0,0,1,0,0,0,-1
62.719,0.0,0.0,0.000,0.000,0.003,0.00,-1.0,0.0,0,1,0,0,0,-1
62.786,0.0,0.0,0.000,0.000,0.002,0.00,-1.0,0.0,0,1,0,0,0,-1
62.836,0.0,0.0,0.000,0.000,0.002,0.00,-1.0,0.0,0,1,0,0,0,-1
62.902,0.0,0.0,0.000,0.000,0.001,0.00,-1.0,0.0,0,1,0,0,0,-1
62.953,0.0,0.0,0.000,0.000,0.001,0.00,-1.0,0.0,0,1,0,0,0,-1
63.019,0.0,0.0,0.000,0.000,0.000,0.00,-1.0,0.0,0,1,0,0,0,-1
63.070,0.0,0.0,0.000,0.000,0.000,0.00,-1.0,0.0,0,1,0,0,0,-1
63.135,0.0,0.0,0.000,0.000,0.000,0.00,-1.0,0.0,0,1,0,0,0,-1
63.186,0.0,0.0,0.000,0.000,0.000,0.00,-1.0,0.0,0,1,0,0,0,-1
63.253,0.0,0.0,0.000,0.000,0.000,0.00,-1.0,0.0,0,1,0,0,0,-1
63.319,0.0,0.0,0.000,0.000,0.000,0.00,-1.0,0.0,0,1,0,0,0,-1
63.386,0.0,0.0,0.000,0.000,0.000,0.00,-1.0,0.0,0,1,0,0,0,-1
63.436,0.0,0.0,0.000,0.000,0.000,0.00,-1.0,0.0,0,1,0,0,0,-1
63.502,0.0,0.0,0.000,0.000,0.000,0.00,-1.0,0.0,0,1,0,0,0,-1
63.553,0.0,0.0,0.000,0.000,0.000,0.00,-1.0,0.0,0,1,0,0,0,-1
63.603,0.0,0.0,0.000,0.000,0.000,0.00,-1.0,0.0,0,1,0,0,0,-1
63.669,0.0,0.0,0.000,0.000,0.000,0.00,-1.0,0.0,0,1,0,0,0,-1
63.720,0.0,0.0,0.000,0.000,0.000,0.00,-1.0,0.0,0,1,0,0,0,-1
63.770,0.0,0.0,0.000,0.000,0.000,0.00,-1.0,0.0,0,1,0,0,0,-1
63.835,0.0,0.0,0.000,0.000,0.000,0.00,-1.0,0.0,0,1,0,0,0,-1
63.886,0.0,0.0,0.000,0.000,0.000,0.00,-1.0,0.0,0,1,0,0,0,-1
63.936,0.0,0.0,0.000,0.000,0.000,0.00,-1.0,0.0,0,1,0,0,0,-1
64.003,0.0,0.0,0.000,0.000,0.000,0.00,-1.0,0.0,0,1,0,0,0,-1
64.056,0.0,0.0,0.000,0.000,0.000,0.00,-1.0,0.0,0,1,0,0,0,-1
64.119,0.0,0.0,0.000,0.000,0.000,0.00,-1.0,0.0,0,1,0,0,0,-1
64.169,0.0,0.0,0.000,0.000,0.000,0.00,-1.0,0.0,0,1,0,0,0,-1
64.220,0.0,0.0,0.000,0.000,0.000,0.00,-1.0,0.0,0,1,0,0,0,-1
64.287,0.0,0.0,0.000,0.000,0.000,0.00,-1.0,0.0,0,1,0,0,0,-1
64.359,0.0,0.0,0.000,0.000,0.000,0.00,-1.0,0.0,0,1,0,0,0,-1
64.418,0.0,0.0,0.000,0.000,0.000,0.00,-1.0,0.0,0,1,0,0,0,-1
64.470,0.0,0.0,0.000,0.000,0.000,0.00,-1.0,0.0,0,1,0,0,0,-1
64.520,0.0,0.0,0.000,0.000,0.000,0.00,-1.0,0.0,0,1,0,0,0,-1
64.586,0.0,0.0,0.000,0.000,0.000,0.00,-1.0,0.0,0,1,0,0,0,-1
64.652,0.0,0.0,0.000,0.000,0.000,0.00,-1.0,0.0,0,1,0,0,0,-1
64.702,0.0,0.0,0.000,0.000,0.000,0.00,-1.0,0.0,0,1,0,0,0,-1
64.769,0.0,0.0,0.000,0.000,0.000,0.00,-1.0,0.0,0,1,0,0,0,-1
64.836,0.0,0.0,0.000,0.000,0.000,0.00,-1.0,0.0,0,1,0,0,0,-1
64.887,0.0,0.0,0.000,0.000,0.000,0.00,-1.0,0.0,0,1,0,0,0,-1
64.952,0.0,0.0,0.000,0.000,0.000,0.00,-1.0,0.0,0,1,0,0,0,-1
65.003,0.0,0.0,0.000,0.000,0.000,0.00,-1.0,0.0,0,1,0,0,0,-1
65.068,0.0,0.0,0.000,0.000,0.000,0.00,-1.0,0.0,0,1,0,0,0,-1
65.119,0.0,0.0,0.000,0.000,0.000,0.00,-1.0,0.0,0,1,0,0,0,-1
65.169,0.0,0.0,0.000,0.000,0.000,0.00,-1.0,0.0,0,1,0,0,0,-1
65.236,0.0,0.0,0.000,0.000,0.000,0.00,-1.0,0.0,0,1,0,0,0,-1
65.286,0.0,0.0,0.000,0.000,0.000,0.00,-1.0,0.0,0,1,0,0,0,-1
65.336,0.0,0.0,0.000,0.000,0.000,0.00,-1.0,0.0,0,1,0,0,0,-1
65.386,0.0,0.0,0.000,0.000,0.000,0.00,-1.0,0.0,0,1,0,0,0,-1
65.452,0.0,0.0,0.000,0.000,0.000,0.00,-1.0,0.0,0,1,0,0,0,-1
65.518,0.0,0.0,0.000,0.000,0.000,0.00,-1.0,0.0,0,1,0,0,0,-1
65.586,0.0,0.0,0.000,0.000,0.000,0.00,-1.0,0.0,0,1,0,0,0,-1
65.636,0.0,0.0,0.000,0.000,0.000,0.00,-1.0,0.0,0,1,0,0,0,-1
65.703,0.0,0.0,0.000,0.000,0.000,0.00,-1.0,0.0,0,1,0,0,0,-1
65.770,0.0,0.0,0.000,0.000,0.000,0.00,-1.0,0.0,0,1,0,0,0,-1
65.836,0.0,0.0,0.000,0.000,0.000,0.00,-1.0,0.0,0,1,0,0,0,-1
65.886,0.0,0.0,0.000,0.000,0.000,0.00,-1.0,0.0,0,1,0,0,0,-1
65.953,0.0,0.0,0.000,0.000,0.000,0.00,-1.0,0.0,0,1,0,0,0,-1
66.017,0.0,0.0,0.000,0.000,0.000,0.00,-1.0,0.0,0,1,0,0,0,-1
66.069,0.0,0.0,0.000,0.000,0.000,0.00,-1.0,0.0,0,1,0,0,0,-1
66.136,0.0,0.0,0.000,0.000,0.000,0.00,-1.0,0.0,0,1,0,0,0,-1
66.203,0.0,0.0,0.000,0.000,0.000,0.00,-1.0,0.0,0,1,0,0,0,-1
66.253,0.0,0.0,0.000,0.000,0.000,0.00,-1.0,0.0,0,1,0,0,0,-1
66.319,0.0,0.0,0.000,0.000,0.000,0.00,-1.0,0.0,0,1,0,0,0,-1
66.370,0.0,0.0,0.000,0.000,0.000,0.00,-1.0,0.0,0,1,0,0,0,-1
66.436,0.0,0.0,0.000,0.000,0.000,0.00,-1.0,0.0,0,1,0,0,0,-1
66.486,0.0,0.0,0.000,0.000,0.000,0.00,-1.0,0.0,0,1,0,0,0,-1
66.552,0.0,0.0,0.000,0.000,0.000,0.00,-1.0,0.0,0,1,0,0,0,-1
66.604,0.0,0.0,0.000,0.000,0.000,0.00,-1.0,0.0,0,1,0,0,0,-1
66.670,0.0,0.0,0.000,0.000,0.000,0.00,-1.0,0.0,0,1,0,0,0,-1
66.736,0.0,0.0,0.000,0.000,0.000,0.00,-1.0,0.0,0,1,0,0,0,-1
66.786,0.0,0.0,0.000,0.000,0.000,0.00,-1.0,0.0,0,1,0,0,0,-1
66.854,0.0,0.0,0.000,0.000,0.000,0.00,-1.0,0.0,0,1,0,0,0,-1
66.922,0.0,0.0,0.000,0.000,0.000,0.00,-1.0,0.0,0,1,0,0,0,-1
66.985,0.0,0.0,0.000,0.000,0.000,0.00,-1.0,0.0,0,1,0,0,0,-1
67.053,0.0,0.0,0.000,0.000,0.000,0.00,-1.0,0.0,0,1,0,0,0,-1
67.119,0.0,0.0,0.000,0.000,0.000,0.00,-1.0,0.0,0,1,0,0,0,-1
67.186,0.0,0.0,0.000,0.000,0.000,0.00,-1.0,0.0,0,1,0,0,0,-1
67.253,0.0,0.0,0.000,0.000,0.000,0.00,-1.0,0.0,0,1,0,0,0,-1
67.319,0.0,0.0,0.000,0.000,0.000,0.00,-1.0,0.0,0,1,0,0,0,-1
67.375,0.0,0.0,0.000,0.000,0.000,0.00,-1.0,0.0,0,1,0,0,0,-1
67.436,0.0,0.0,0.000,0.000,0.000,0.00,-1.0,0.0,0,1,0,0,0,-1
67.503,0.0,0.0,0.000,0.000,0.000,0.00,-1.0,0.0,0,1,0,0,0,-1
67.570,0.0,0.0,0.000,0.000,0.000,0.00,-1.0,0.0,0,1,0,0,0,-1
67.635,0.0,0.0,0.000,0.000,0.000,0.00,-1.0,0.0,0,1,0,0,0,-1
67.686,0.0,0.0,0.000,0.000,0.000,0.00,-1.0,0.0,0,1,0,0,0,-1
67.736,0.0,0.0,0.000,0.000,0.000,0.00,-1.0,0.0,0,1,0,0,0,-1
67.802,0.0,0.0,0.000,0.000,0.000,0.00,-1.0,0.0,0,1,0,0,0,-1
67.853,0.0,0.0,0.000,0.000,0.000,0.00,-1.0,0.0,0,1,0,0,0,-1
67.919,0.0,0.0,0.000,0.000,0.000,0.00,-1.0,0.0,0,1,0,0,0,-1
67.969,0.0,0.0,0.000,0.000,0.000,0.00,-1.0,0.0,0,1,0,0,0,-1
68.036,0.0,0.0,0.000,0.000,0.000,0.00,-1.0,0.0,0,1,0,0,0,-1
68.102,0.0,0.0,0.000,0.000,0.000,0.00,-1.0,0.0,0,1,0,0,0,-1
68.153,0.0,0.0,0.000,0.000,0.000,0.00,-1.0,0.0,0,1,0,0,0,-1
68.220,0.0,0.0,0.000,0.000,0.000,0.00,-1.0,0.0,0,1,0,0,0,-1
68.287,0.0,0.0,0.000,0.000,0.000,0.00,-1.0,0.0,0,1,0,0,0,-1
68.352,0.0,0.0,0.000,0.000,0.000,0.00,-1.0,0.0,0,1,0,0,0,-1
68.404,0.0,0.0,0.000,0.000,0.000,0.00,-1.0,0.0,0,1,0,0,0,-1
68.470,0.0,0.0,0.000,0.000,0.000,0.00,-1.0,0.0,0,1,0,0,0,-1
68.535,0.0,0.0,0.000,0.000,0.000,0.00,-1.0,0.0,0,1,0,0,0,-1
68.586,0.0,0.0,0.000,0.000,0.000,0.00,-1.0,0.0,0,1,0,0,0,-1
68.652,0.0,0.0,0.000,0.000,0.000,0.00,-1.0,0.0,0,1,0,0,0,-1
68.703,0.0,0.0,0.000,0.000,0.000,0.00,-1.0,0.0,0,1,0,0,0,-1
68.770,0.0,0.0,0.000,0.000,0.000,0.00,-1.0,0.0,0,1,0,0,0,-1
68.836,0.0,0.0,0.000,0.000,0.000,0.00,-1.0,0.0,0,1,0,0,0,-1
68.903,0.0,0.0,0.000,0.000,0.000,0.00,-1.0,0.0,0,1,0,0,0,-1
68.970,0.0,0.0,0.000,0.000,0.000,0.00,-1.0,0.0,0,1,0,0,0,-1
69.033,0.0,0.0,0.000,0.000,0.000,0.00,-1.0,0.0,0,1,0,0,0,-1
69.086,0.0,0.0,0.000,0.000,0.000,0.00,-1.0,0.0,0,1,0,0,0,-1
69.151,0.0,0.0,0.000,0.000,0.000,0.00,-1.0,0.0,0,1,0,0,0,-1
69.202,0.0,0.0,0.000,0.000,0.000,0.00,-1.0,0.0,0,1,0,0,0,-1
69.254,0.0,0.0,0.000,0.000,0.000,0.00,-1.0,0.0,0,1,0,0,0,-1
69.320,0.0,0.0,0.000,0.000,0.000,0.00,-1.0,0.0,0,1,0,0,0,-1
69.386,0.0,0.0,0.000,0.000,0.000,0.00,-1.0,0.0,0,1,0,0,0,-1
69.452,0.0,0.0,0.000,0.000,0.000,0.00,-1.0,0.0,0,1,0,0,0,-1
69.520,0.0,0.0,0.000,0.000,0.000,0.00,-1.0,0.0,0,1,0,0,0,-1
69.585,0.0,0.0,0.000,0.000,0.000,0.00,-1.0,0.0,0,1,0,0,0,-1
69.637,0.0,0.0,0.000,0.000,0.000,0.00,-1.0,0.0,0,1,0,0,0,-1
69.703,0.0,0.0,0.000,0.000,0.000,0.00,-1.0,0.0,0,1,0,0,0,-1
69.755,0.0,0.0,0.000,0.000,0.000,0.00,-1.0,0.0,0,1,0,0,0,-1
69.826,0.0,0.0,0.000,0.000,0.000,0.00,-1.0,0.0,0,1,0,0,0,-1
69.887,0.0,0.0,0.000,0.000,0.000,0.00,-1.0,0.0,0,1,0,0,0,-1
69.940,0.0,0.0,0.000,0.000,0.000,0.00,-1.0,0.0,0,1,0,0,0,-1
70.003,0.0,0.0,0.000,0.000,0.000,0.00,-1.0,0.0,0,1,0,0,0,-1
70.070,0.0,0.0,0.000,0.000,0.000,0.00,-1.0,0.0,0,1,0,0,0,-1
70.136,0.0,0.0,0.000,0.000,0.000,0.00,-1.0,0.0,0,1,0,0,0,-1
70.186,0.0,0.0,0.000,0.000,0.000,0.00,-1.0,0.0,0,1,0,0,0,-1
70.241,0.0,0.0,0.000,0.000,0.000,0.00,-1.0,0.0,0,1,0,0,0,-1
70.303,0.0,0.0,0.000,0.000,0.000,0.00,-1.0,0.0,0,1,0,0,0,-1
70.353,0.0,0.0,0.000,0.000,0.000,0.00,-1.0,0.0,0,1,0,0,0,-1
70.403,0.0,0.0,0.000,0.000,0.000,0.00,-1.0,0.0,0,1,0,0,0,-1
70.469,0.0,0.0,0.000,0.000,0.000,0.00,-1.0,0.0,0,1,0,0,0,-1
70.519,0.0,0.0,0.000,0.000,0.000,0.00,-1.0,0.0,0,1,0,0,0,-1
70.586,0.0,0.0,0.000,0.000,0.000,0.00,-1.0,0.0,0,1,0,0,0,-1
70.653,0.0,0.0,0.000,0.000,0.000,0.00,-1.0,0.0,0,1,0,0,0,-1
70.719,0.0,0.0,0.000,0.000,0.000,0.00,-1.0,0.0,0,1,0,0,0,-1
70.770,0.0,0.0,0.000,0.000,0.000,0.00,-1.0,0.0,0,1,0,0,0,-1
70.837,0.0,0.0,0.000,0.000,0.000,0.00,-1.0,0.0,0,1,0,0,0,-1
70.903,0.0,0.0,0.000,0.000,0.000,0.00,-1.0,0.0,0,1,0,0,0,-1
70.970,0.0,0.0,0.000,0.000,0.000,0.00,-1.0,0.0,0,1,0,0,0,-1
71.021,0.0,0.0,0.000,0.000,0.000,0.00,-1.0,0.0,0,1,0,0,0,-1
71.086,0.0,0.0,0.000,0.000,0.000,0.00,-1.0,0.0,0,1,0,0,0,-1
71.149,0.0,0.0,0.000,0.000,0.000,0.00,-1.0,0.0,0,1,0,0,0,-1
71.204,0.0,0.0,0.000,0.000,0.000,0.00,-1.0,0.0,0,1,0,0,0,-1
71.270,0.0,0.0,0.000,0.000,0.000,0.00,-1.0,0.0,0,1,0,0,0,-1
71.337,0.0,0.0,0.000,0.000,0.000,0.00,-1.0,0.0,0,1,0,0,0,-1
71.402,0.0,0.0,0.000,0.000,0.000,0.00,-1.0,0.0,0,1,0,0,0,-1
71.469,0.0,0.0,0.000,0.000,0.000,0.00,-1.0,0.0,0,1,0,0,0,-1
71.521,0.0,0.0,0.000,0.000,0.000,0.00,-1.0,0.0,0,1,0,0,0,-1
71.586,0.0,0.0,0.000,0.000,0.000,0.00,-1.0,0.0,0,1,0,0,0,-1
71.637,0.0,0.0,0.000,0.000,0.000,0.00,-1.0,0.0,0,1,0,0,0,-1
71.704,0.0,0.0,0.000,0.000,0.000,0.00,-1.0,0.0,0,1,0,0,0,-1
71.769,0.0,0.0,0.000,0.000,0.000,0.00,-1.0,0.0,0,1,0,0,0,-1
71.836,0.0,0.0,0.000,0.000,0.000,0.00,-1.0,0.0,0,1,0,0,0,-1
71.886,0.0,0.0,0.000,0.000,0.000,0.00,-1.0,0.0,0,1,0,0,0,-1
71.953,0.0,0.0,0.000,0.000,0.000,0.00,-1.0,0.0,0,1,0,0,0,-1
72.019,0.0,0.0,0.000,0.000,0.000,0.00,-1.0,0.0,0,1,0,0,0,-1
72.070,0.0,0.0,0.000,0.000,0.000,0.00,-1.0,0.0,0,1,0,0,0,-1
72.136,0.0,0.0,0.000,0.000,0.000,0.00,-1.0,0.0,0,1,0,0,0,-1
72.187,0.0,0.0,0.000,0.000,0.000,0.00,-1.0,0.0,0,1,0,0,0,-1
72.238,0.0,0.0,0.000,0.000,0.000,0.00,-1.0,0.0,0,1,0,0,0,-1
72.303,0.0,0.0,0.000,0.000,0.000,0.00,-1.0,0.0,0,1,0,0,0,-1
72.359,0.0,0.0,0.000,0.000,0.000,0.00,-1.0,0.0,0,1,0,0,0,-1
72.419,0.0,0.0,0.000,0.000,0.000,0.00,-1.0,0.0,0,1,0,0,0,-1
72.469,0.0,0.0,0.000,0.000,0.000,0.00,-1.0,0.0,0,1,0,0,0,-1
72.521,0.0,0.0,0.000,0.000,0.000,0.00,-1.0,0.0,0,1,0,0,0,-1
72.589,0.0,0.0,0.000,0.000,0.000,0.00,-1.0,0.0,0,1,0,0,0,-1
72.653,0.0,0.0,0.000,0.000,0.000,0.00,-1.0,0.0,0,1,0,0,0,-1
72.720,0.0,0.0,0.000,0.000,0.000,0.00,-1.0,0.0,0,1,0,0,0,-1
73.087,0.0,0.0,0.000,0.000,0.000,0.00,-1.0,0.0,0,1,0,0,0,-1
73.139,0.0,0.0,0.000,0.000,0.000,0.00,-1.0,0.0,0,1,0,0,0,-1
73.206,0.0,0.0,0.000,0.000,0.000,0.00,-1.0,0.0,0,1,0,0,0,-1
73.274,0.0,0.0,0.000,0.000,0.000,0.00,-1.0,0.0,0,1,0,0,0,-1
73.339,0.0,0.0,0.000,0.000,0.000,0.00,-1.0,0.0,0,1,0,0,0,-1
73.407,0.0,0.0,0.000,0.000,0.000,0.00,-1.0,0.0,0,1,0,0,0,-1
73.474,0.0,0.0,0.000,0.000,0.000,0.00,-1.0,0.0,0,1,0,0,0,-1
73.545,0.0,0.0,0.000,0.000,0.000,0.00,-1.0,0.0,0,1,0,0,0,-1
73.608,0.0,0.0,0.000,0.000,0.000,0.00,-1.0,0.0,0,1,0,0,0,-1
73.673,0.0,0.0,0.000,0.000,0.000,0.00,-1.0,0.0,0,1,0,0,0,-1
73.723,0.0,0.0,0.000,0.000,0.000,0.00,-1.0,0.0,0,1,0,0,0,-1
73.789,0.0,0.0,0.000,0.000,0.000,0.00,-1.0,0.0,0,1,0,0,0,-1
73.844,0.0,0.0,0.000,0.000,0.000,0.00,-1.0,0.0,0,1,0,0,0,-1
73.907,0.0,0.0,0.000,0.000,0.000,0.00,-1.0,0.0,0,1,0,0,0,-1
73.957,0.0,0.0,0.000,0.000,0.000,0.00,-1.0,0.0,0,1,0,0,0,-1
74.022,0.0,0.0,0.000,0.000,0.000,0.00,-1.0,0.0,0,1,0,0,0,-1
74.072,0.0,0.0,0.000,0.000,0.000,0.00,-1.0,0.0,0,1,0,0,0,-1
74.146,0.0,0.0,0.000,0.000,0.000,0.00,-1.0,0.0,0,1,0,0,0,-1
74.206,0.0,0.0,0.000,0.000,0.000,0.00,-1.0,0.0,0,1,0,0,0,-1
74.257,0.0,0.0,0.000,0.000,0.000,0.00,-1.0,0.0,0,1,0,0,0,-1
74.322,0.0,0.0,0.000,0.000,0.000,0.00,-1.0,0.0,0,1,0,0,0,-1
74.373,0.0,0.0,0.000,0.000,0.000,0.00,-1.0,0.0,0,1,0,0,0,-1
74.447,0.0,0.0,0.000,0.000,0.000,0.00,-1.0,0.0,0,1,0,0,0,-1
74.507,0.0,0.0,0.000,0.000,0.000,0.00,-1.0,0.0,0,1,0,0,0,-1
74.573,0.0,0.0,0.000,0.000,0.000,0.00,-1.0,0.0,0,1,0,0,0,-1
74.639,0.0,0.0,0.000,0.000,0.000,0.00,-1.0,0.0,0,1,0,0,0,-1
74.690,0.0,0.0,0.000,0.000,0.000,0.00,-1.0,0.0,0,1,0,0,0,-1
74.756,0.0,0.0,0.000,0.000,0.000,0.00,-1.0,0.0,0,1,0,0,0,-1
74.807,0.0,0.0,0.000,0.000,0.000,0.00,-1.0,0.0,0,1,0,0,0,-1
74.872,0.0,0.0,0.000,0.000,0.000,0.00,-1.0,0.0,0,1,0,0,0,-1
74.925,0.0,0.0,0.000,0.000,0.000,0.00,-1.0,0.0,0,1,0,0,0,-1
74.989,0.0,0.0,0.000,0.000,0.000,0.00,-1.0,0.0,0,1,0,0,0,-1
75.055,0.0,0.0,0.000,0.000,0.000,0.00,-1.0,0.0,0,1,0,0,0,-1
75.105,0.0,0.0,0.000,0.000,0.000,0.00,-1.0,0.0,0,1,0,0,0,-1
75.156,0.0,0.0,0.000,0.000,0.000,0.00,-1.0,0.0,0,1,0,0,0,-1
75.222,0.0,0.0,0.000,0.000,0.000,0.00,-1.0,0.0,0,1,0,0,0,-1
75.272,0.0,0.0,0.000,0.000,0.000,0.00,-1.0,0.0,0,1,0,0,0,-1
75.323,0.0,0.0,0.000,0.000,0.000,0.00,-1.0,0.0,0,1,0,0,0,-1
75.373,0.0,0.0,0.000,0.000,0.000,0.00,-1.0,0.0,0,1,0,0,0,-1
75.441,0.0,0.0,0.000,0.000,0.000,0.00,-1.0,0.0,0,1,0,0,0,-1
75.505,0.0,0.0,0.000,0.000,0.000,0.00,-1.0,0.0,0,1,0,0,0,-1
75.556,0.0,0.0,0.000,0.000,0.000,0.00,-1.0,0.0,0,1,0,0,0,-1
75.621,0.0,0.0,0.000,0.000,0.000,0.00,-1.0,0.0,0,1,0,0,0,-1
75.671,0.0,0.0,0.000,0.000,0.000,0.00,-1.0,0.0,0,1,0,0,0,-1
75.723,0.0,0.0,0.000,0.000,0.000,0.00,-1.0,0.0,0,1,0,0,0,-1
75.773,0.0,0.0,0.000,0.000,0.000,0.00,-1.0,0.0,0,1,0,0,0,-1
75.825,0.0,0.0,0.000,0.000,0.000,0.00,-1.0,0.0,0,1,0,0,0,-1
75.889,0.0,0.0,0.000,0.000,0.000,0.00,-1.0,0.0,0,1,0,0,0,-1
75.956,0.0,0.0,0.000,0.000,0.000,0.00,-1.0,0.0,0,1,0,0,0,-1
76.006,0.0,0.0,0.000,0.000,0.000,0.00,-1.0,0.0,0,1,0,0,0,-1
76.057,0.0,0.0,0.000,0.000,0.000,0.00,-1.0,0.0,0,1,0,0,0,-1
76.123,0.0,0.0,0.000,0.000,0.000,0.00,-1.0,0.0,0,1,0,0,0,-1
76.190,0.0,0.0,0.000,0.000,0.000,0.00,-1.0,0.0,0,1,0,0,0,-1
76.260,0.0,0.0,0.000,0.000,0.000,0.00,-1.0,0.0,0,1,0,0,0,-1
76.323,0.0,0.0,0.000,0.000,0.000,0.00,-1.0,0.0,0,1,0,0,0,-1
76.389,0.0,0.0,0.000,0.000,0.000,0.00,-1.0,0.0,0,1,0,0,0,-1
76.455,0.0,0.0,0.000,0.000,0.000,0.00,-1.0,0.0,0,1,0,0,0,-1
76.507,0.0,0.0,0.000,0.000,0.000,0.00,-1.0,0.0,0,1,0,0,0,-1
76.572,0.0,0.0,0.000,0.000,0.000,0.00,-1.0,0.0,0,1,0,0,0,-1
76.622,0.0,0.0,0.000,0.000,0.000,0.00,-1.0,0.0,0,1,0,0,0,-1
76.687,0.0,0.0,0.000,0.000,0.000,0.00,-1.0,0.0,0,1,0,0,0,-1
76.742,0.0,0.0,0.000,0.000,0.000,0.00,-1.0,0.0,0,1,0,0,0,-1
76.806,0.0,0.0,0.000,0.000,0.000,0.00,-1.0,0.0,0,1,0,0,0,-1
76.872,0.0,0.0,0.000,0.000,0.000,0.00,-1.0,0.0,0,1,0,0,0,-1
76.922,0.0,0.0,0.000,0.000,0.000,0.00,-1.0,0.0,0,1,0,0,0,-1
76.974,0.0,0.0,0.000,0.000,0.000,0.00,-1.0,0.0,0,1,0,0,0,-1
77.039,0.0,0.0,0.000,0.000,0.000,0.00,-1.0,0.0,0,1,0,0,0,-1
77.115,0.0,0.0,0.000,0.000,0.000,0.00,-1.0,0.0,0,1,0,0,0,-1
77.177,0.0,0.0,0.000,0.000,0.000,0.00,-1.0,0.0,0,1,0,0,0,-1
77.234,0.0,0.0,0.000,0.000,0.000,0.00,-1.0,0.0,0,1,0,0,0,-1
77.285,0.0,0.0,0.000,0.000,0.000,0.00,-1.0,0.0,0,1,0,0,0,-1
77.339,0.0,0.0,0.000,0.000,0.000,0.00,-1.0,0.0,0,1,0,0,0,-1
77.402,0.0,0.0,0.000,0.000,0.000,0.00,-1.0,0.0,0,1,0,0,0,-1
77.469,0.0,0.0,0.000,0.000,0.000,0.00,-1.0,0.0,0,1,0,0,0,-1
77.537,0.0,0.0,0.000,0.000,0.000,0.00,-1.0,0.0,0,1,0,0,0,-1
77.601,0.0,0.0,0.000,0.000,0.000,0.00,-1.0,0.0,0,1,0,0,0,-1
77.652,0.0,0.0,0.000,0.000,0.000,0.00,-1.0,0.0,0,1,0,0,0,-1
77.703,0.0,0.0,0.000,0.000,0.000,0.00,-1.0,0.0,0,1,0,0,0,-1
77.769,0.0,0.0,0.000,0.000,0.000,0.00,-1.0,0.0,0,1,0,0,0,-1
77.835,0.0,0.0,0.000,0.000,0.000,0.00,-1.0,0.0,0,1,0,0,0,-1
77.886,0.0,0.0,0.000,0.000,0.000,0.00,-1.0,0.0,0,1,0,0,0,-1
77.941,0.0,0.0,0.000,0.000,0.000,0.00,-1.0,0.0,0,1,0,0,0,-1
78.002,0.0,0.0,0.000,0.000,0.000,0.00,-1.0,0.0,0,1,0,0,0,-1
78.052,0.0,0.0,0.000,0.000,0.000,0.00,-1.0,0.0,0,1,0,0,0,-1
78.118,0.0,0.0,0.000,0.000,0.000,0.00,-1.0,0.0,0,1,0,0,0,-1
78.169,0.0,0.0,0.000,0.000,0.000,0.00,-1.0,0.0,0,1,0,0,0,-1
78.235,0.0,0.0,0.000,0.000,0.000,0.00,-1.0,0.0,0,1,0,0,0,-1
78.286,0.0,0.0,0.000,0.000,0.000,0.00,-1.0,0.0,0,1,0,0,0,-1
78.353,0.0,0.0,0.000,0.000,0.000,0.00,-1.0,0.0,0,1,0,0,0,-1
78.418,0.0,0.0,0.000,0.000,0.000,0.00,-1.0,0.0,0,1,0,0,0,-1
78.468,0.0,0.0,0.000,0.000,0.000,0.00,-1.0,0.0,0,1,0,0,0,-1
78.520,0.0,0.0,0.000,0.000,0.000,0.00,-1.0,0.0,0,1,0,0,0,-1
78.585,0.0,0.0,0.000,0.000,0.000,0.00,-1.0,0.0,0,1,0,0,0,-1
78.636,0.0,0.0,0.000,0.000,0.000,0.00,-1.0,0.0,0,1,0,0,0,-1
78.703,0.0,0.0,0.000,0.000,0.000,0.00,-1.0,0.0,0,1,0,0,0,-1
78.768,0.0,0.0,0.000,0.000,0.000,0.00,-1.0,0.0,0,1,0,0,0,-1
78.825,0.0,0.0,0.000,0.000,0.000,0.00,-1.0,0.0,0,1,0,0,0,-1
78.886,0.0,0.0,0.000,0.000,0.000,0.00,-1.0,0.0,0,1,0,0,0,-1
78.937,0.0,0.0,0.000,0.000,0.000,0.00,-1.0,0.0,0,1,0,0,0,-1
79.008,0.0,0.0,0.000,0.000,0.000,0.00,-1.0,0.0,0,1,0,0,0,-1
79.068,0.0,0.0,0.000,0.000,0.000,0.00,-1.0,0.0,0,1,0,0,0,-1
79.119,0.0,0.0,0.000,0.000,0.000,0.00,-1.0,0.0,0,1,0,0,0,-1
79.172,0.0,0.0,0.000,0.000,0.000,0.00,-1.0,0.0,0,1,0,0,0,-1
79.235,0.0,0.0,0.000,0.000,0.000,0.00,-1.0,0.0,0,1,0,0,0,-1
79.287,0.0,0.0,0.000,0.000,0.000,0.00,-1.0,0.0,0,1,0,0,0,-1
79.352,0.0,0.0,0.000,0.000,0.000,0.00,-1.0,0.0,0,1,0,0,0,-1
79.418,0.0,0.0,0.000,0.000,0.000,0.00,-1.0,0.0,0,1,0,0,0,-1
79.470,0.0,0.0,0.000,0.000,0.000,0.00,-1.0,0.0,0,1,0,0,0,-1
79.535,0.0,0.0,0.000,0.000,0.000,0.00,-1.0,0.0,0,1,0,0,0,-1
79.610,0.0,0.0,0.000,0.000,0.000,0.00,-1.0,0.0,0,1,0,0,0,-1
79.668,0.0,0.0,0.000,0.000,0.000,0.00,-1.0,0.0,0,1,0,0,0,-1
79.735,0.0,0.0,0.000,0.000,0.000,0.00,-1.0,0.0,0,1,0,0,0,-1
79.802,0.0,0.0,0.000,0.000,0.000,0.00,-1.0,0.0,0,1,0,0,0,-1
79.852,0.0,0.0,0.000,0.000,0.000,0.00,-1.0,0.0,0,1,0,0,0,-1
79.909,0.0,0.0,0.000,0.000,0.000,0.00,-1.0,0.0,0,1,0,0,0,-1
79.969,0.0,0.0,0.000,0.000,0.000,0.00,-1.0,0.0,0,1,0,0,0,-1
80.034,0.0,0.0,0.000,0.000,0.000,0.00,-1.0,0.0,0,1,0,0,0,-1
80.084,0.0,0.0,0.000,0.000,0.000,0.00,-1.0,0.0,0,1,0,0,0,-1
80.135,0.0,0.0,0.000,0.000,0.000,0.00,-1.0,0.0,0,1,0,0,0,-1
80.185,0.0,0.0,0.000,0.000,0.000,0.00,-1.0,0.0,0,1,0,0,0,-1
80.235,0.0,0.0,0.000,0.000,0.000,0.00,-1.0,0.0,0,1,0,0,0,-1
80.301,0.0,0.0,0.000,0.000,0.000,0.00,-1.0,0.0,0,1,0,0,0,-1
80.352,0.0,0.0,0.000,0.000,0.000,0.00,-1.0,0.0,0,1,0,0,0,-1
80.419,0.0,0.0,0.000,0.000,0.000,0.00,-1.0,0.0,0,1,0,0,0,-1
80.471,0.0,0.0,0.000,0.000,0.000,0.00,-1.0,0.0,0,1,0,0,0,-1
80.537,0.0,0.0,0.000,0.000,0.000,0.00,-1.0,0.0,0,1,0,0,0,-1
80.602,0.0,0.0,0.000,0.000,0.000,0.00,-1.0,0.0,0,1,0,0,0,-1
80.668,0.0,0.0,0.000,0.000,0.000,0.00,-1.0,0.0,0,1,0,0,0,-1
80.718,0.0,0.0,0.000,0.000,0.000,0.00,-1.0,0.0,0,1,0,0,0,-1
80.769,0.0,0.0,0.000,0.000,0.000,0.00,-1.0,0.0,0,1,0,0,0,-1
80.838,0.0,0.0,0.000,0.000,0.000,0.00,-1.0,0.0,0,1,0,0,0,-1
80.901,0.0,0.0,0.000,0.000,0.000,0.00,-1.0,0.0,0,1,0,0,0,-1
80.969,0.0,0.0,0.000,0.000,0.000,0.00,-1.0,0.0,0,1,0,0,0,-1
81.020,0.0,0.0,0.000,0.000,0.000,0.00,-1.0,0.0,0,1,0,0,0,-1
81.085,0.0,0.0,0.000,0.000,0.000,0.00,-1.0,0.0,0,1,0,0,0,-1
81.151,0.0,0.0,0.000,0.000,0.000,0.00,-1.0,0.0,0,1,0,0,0,-1
81.201,0.0,0.0,0.000,0.000,0.000,0.00,-1.0,0.0,0,1,0,0,0,-1
81.253,0.0,0.0,0.000,0.000,0.000,0.00,-1.0,0.0,0,1,0,0,0,-1
81.318,0.0,0.0,0.000,0.000,0.000,0.00,-1.0,0.0,0,1,0,0,0,-1
81.371,0.0,0.0,0.000,0.000,0.000,0.00,-1.0,0.0,0,1,0,0,0,-1
81.435,0.0,0.0,0.000,0.000,0.000,0.00,-1.0,0.0,0,1,0,0,0,-1
81.502,0.0,0.0,0.000,0.000,0.000,0.00,-1.0,0.0,0,1,0,0,0,-1
81.570,0.0,0.0,0.000,0.000,0.000,0.00,-1.0,0.0,0,1,0,0,0,-1
81.636,0.0,0.0,0.000,0.000,0.000,0.00,-1.0,0.0,0,1,0,0,0,-1
81.702,0.0,0.0,0.000,0.000,0.000,0.00,-1.0,0.0,0,1,0,0,0,-1
81.769,0.0,0.0,0.000,0.000,0.000,0.00,-1.0,0.0,0,1,0,0,0,-1
81.819,0.0,0.0,0.000,0.000,0.000,0.00,-1.0,0.0,0,1,0,0,0,-1
81.870,0.0,0.0,0.000,0.000,0.000,0.00,-1.0,0.0,0,1,0,0,0,-1
81.935,0.0,0.0,0.000,0.000,0.000,0.00,-1.0,0.0,0,1,0,0,0,-1
81.986,0.0,0.0,0.000,0.000,0.000,0.00,-1.0,0.0,0,1,0,0,0,-1
82.052,0.0,0.0,0.000,0.000,0.000,0.00,-1.0,0.0,0,1,0,0,0,-1
82.103,0.0,0.0,0.000,0.000,0.000,0.00,-1.0,0.0,0,1,0,0,0,-1
82.173,0.0,0.0,0.000,0.000,0.000,0.00,-1.0,0.0,0,1,0,0,0,-1
82.234,0.0,0.0,0.000,0.000,0.000,0.00,-1.0,0.0,0,1,0,0,0,-1
82.286,0.0,0.0,0.000,0.000,0.000,0.00,-1.0,0.0,0,1,0,0,0,-1
82.339,0.0,0.0,0.000,0.000,0.000,0.00,-1.0,0.0,0,1,0,0,0,-1
82.402,0.0,0.0,0.000,0.000,0.000,0.00,-1.0,0.0,0,1,0,0,0,-1
82.452,0.0,0.0,0.000,0.000,0.000,0.00,-1.0,0.0,0,1,0,0,0,-1
82.520,0.0,0.0,0.000,0.000,0.000,0.00,-1.0,0.0,0,1,0,0,0,-1
82.585,0.0,0.0,0.000,0.000,0.000,0.00,-1.0,0.0,0,1,0,0,0,-1
82.652,0.0,0.0,0.000,0.000,0.000,0.00,-1.0,0.0,0,1,0,0,0,-1
82.719,0.0,0.0,0.000,0.000,0.000,0.00,-1.0,0.0,0,1,0,0,0,-1
82.774,0.0,0.0,0.000,0.000,0.000,0.00,-1.0,0.0,0,1,0,0,0,-1
82.834,0.0,0.0,0.000,0.000,0.000,0.00,-1.0,0.0,0,1,0,0,0,-1
82.886,0.0,0.0,0.000,0.000,0.000,0.00,-1.0,0.0,0,1,0,0,0,-1
82.953,0.0,0.0,0.000,0.000,0.000,0.00,-1.0,0.0,0,1,0,0,0,-1
83.019,0.0,0.0,0.000,0.000,0.000,0.00,-1.0,0.0,0,1,0,0,0,-1
83.069,0.0,0.0,0.000,0.000,0.000,0.00,-1.0,0.0,0,1,0,0,0,-1
83.136,0.0,0.0,0.000,0.000,0.000,0.00,-1.0,0.0,0,1,0,0,0,-1
83.202,0.0,0.0,0.000,0.000,0.000,0.00,-1.0,0.0,0,1,0,0,0,-1
83.270,0.0,0.0,0.000,0.000,0.000,0.00,-1.0,0.0,0,1,0,0,0,-1
83.334,0.0,0.0,0.000,0.000,0.000,0.00,-1.0,0.0,0,1,0,0,0,-1
83.385,0.0,0.0,0.000,0.000,0.000,0.00,-1.0,0.0,0,1,0,0,0,-1
83.435,0.0,0.0,0.000,0.000,0.000,0.00,-1.0,0.0,0,1,0,0,0,-1
83.486,0.0,0.0,0.000,0.000,0.000,0.00,-1.0,0.0,0,1,0,0,0,-1
83.552,0.0,0.0,0.000,0.000,0.000,0.00,-1.0,0.0,0,1,0,0,0,-1
83.619,0.0,0.0,0.000,0.000,0.000,0.00,-1.0,0.0,0,1,0,0,0,-1
83.683,0.0,0.0,0.000,0.000,0.000,0.00,-1.0,0.0,0,1,0,0,0,-1
83.736,0.0,0.0,0.000,0.000,0.000,0.00,-1.0,0.0,0,1,0,0,0,-1
83.786,0.0,0.0,0.000,0.000,0.000,0.00,-1.0,0.0,0,1,0,0,0,-1
83.852,0.0,0.0,0.000,0.000,0.000,0.00,-1.0,0.0,0,1,0,0,0,-1
83.919,0.0,0.0,0.000,0.000,0.000,0.00,-1.0,0.0,0,1,0,0,0,-1
83.984,0.0,0.0,0.000,0.000,0.000,0.00,-1.0,0.0,0,1,0,0,0,-1
84.035,0.0,0.0,0.000,0.000,0.000,0.00,-1.0,0.0,0,1,0,0,0,-1
84.103,0.0,0.0,0.000,0.000,0.000,0.00,-1.0,0.0,0,1,0,0,0,-1
84.168,0.0,0.0,0.000,0.000,0.000,0.00,-1.0,0.0,0,1,0,0,0,-1
84.235,0.0,0.0,0.000,0.000,0.000,0.00,-1.0,0.0,0,1,0,0,0,-1
84.286,0.0,0.0,0.000,0.000,0.000,0.00,-1.0,0.0,0,1,0,0,0,-1
84.351,0.0,0.0,0.000,0.000,0.000,0.00,-1.0,0.0,0,1,0,0,0,-1
84.402,0.0,0.0,0.000,0.000,0.000,0.00,-1.0,0.0,0,1,0,0,0,-1
84.468,0.0,0.0,0.000,0.000,0.000,0.00,-1.0,0.0,0,1,0,0,0,-1
84.519,0.0,0.0,0.000,0.000,0.000,0.00,-1.0,0.0,0,1,0,0,0,-1
84.569,0.0,0.0,0.000,0.000,0.000,0.00,-1.0,0.0,0,1,0,0,0,-1
84.623,0.0,0.0,0.000,0.000,0.000,0.00,-1.0,0.0,0,1,0,0,0,-1
84.685,0.0,0.0,0.000,0.000,0.000,0.00,-1.0,0.0,0,1,0,0,0,-1
84.741,0.0,0.0,0.000,0.000,0.000,0.00,-1.0,0.0,0,1,0,0,0,-1
84.802,0.0,0.0,0.000,0.000,0.000,0.00,-1.0,0.0,0,1,0,0,0,-1
84.852,0.0,0.0,0.000,0.000,0.000,0.00,-1.0,0.0,0,1,0,0,0,-1
84.905,0.0,0.0,0.000,0.000,0.000,0.00,-1.0,0.0,0,1,0,0,0,-1
84.968,0.0,0.0,0.000,0.000,0.000,0.00,-1.0,0.0,0,1,0,0,0,-1
85.020,0.0,0.0,0.000,0.000,0.000,0.00,-1.0,0.0,0,1,0,0,0,-1
85.086,0.0,0.0,0.000,0.000,0.000,0.00,-1.0,0.0,0,1,0,0,0,-1
85.152,0.0,0.0,0.000,0.000,0.000,0.00,-1.0,0.0,0,1,0,0,0,-1
85.220,0.0,0.0,0.000,0.000,0.000,0.00,-1.0,0.0,0,1,0,0,0,-1
85.285,0.0,0.0,0.000,0.000,0.000,0.00,-1.0,0.0,0,1,0,0,0,-1
85.351,0.0,0.0,0.000,0.000,0.000,0.00,-1.0,0.0,0,1,0,0,0,-1
85.402,0.0,0.0,0.000,0.000,0.000,0.00,-1.0,0.0,0,1,0,0,0,-1
85.469,0.0,0.0,0.000,0.000,0.000,0.00,-1.0,0.0,0,1,0,0,0,-1
85.519,0.0,0.0,0.000,0.000,0.000,0.00,-1.0,0.0,0,1,0,0,0,-1
85.569,0.0,0.0,0.000,0.000,0.000,0.00,-1.0,0.0,0,1,0,0,0,-1
85.634,0.0,0.0,0.000,0.000,0.000,0.00,-1.0,0.0,0,1,0,0,0,-1
85.684,0.0,0.0,0.000,0.000,0.000,0.00,-1.0,0.0,0,1,0,0,0,-1
85.735,0.0,0.0,0.000,0.000,0.000,0.00,-1.0,0.0,0,1,0,0,0,-1
85.785,0.0,0.0,0.000,0.000,0.000,0.00,-1.0,0.0,0,1,0,0,0,-1
85.836,0.0,0.0,0.000,0.000,0.000,0.00,-1.0,0.0,0,1,0,0,0,-1
85.902,0.0,0.0,0.000,0.000,0.000,0.00,-1.0,0.0,0,1,0,0,0,-1
85.968,0.0,0.0,0.000,0.000,0.000,0.00,-1.0,0.0,0,1,0,0,0,-1
86.034,0.0,0.0,0.000,0.000,0.000,0.00,-1.0,0.0,0,1,0,0,0,-1
86.086,0.0,0.0,0.000,0.000,0.000,0.00,-1.0,0.0,0,1,0,0,0,-1
86.136,0.0,0.0,0.000,0.000,0.000,0.00,-1.0,0.0,0,1,0,0,0,-1
86.202,0.0,0.0,0.000,0.000,0.000,0.00,-1.0,0.0,0,1,0,0,0,-1
86.252,0.0,0.0,0.000,0.000,0.000,0.00,-1.0,0.0,0,1,0,0,0,-1
86.303,0.0,0.0,0.000,0.000,0.000,0.00,-1.0,0.0,0,1,0,0,0,-1
86.370,0.0,0.0,0.000,0.000,0.000,0.00,-1.0,0.0,0,1,0,0,0,-1
86.435,0.0,0.0,0.000,0.000,0.000,0.00,-1.0,0.0,0,1,0,0,0,-1
86.502,0.0,0.0,0.000,0.000,0.000,0.00,-1.0,0.0,0,1,0,0,0,-1
86.555,0.0,0.0,0.000,0.000,0.000,0.00,-1.0,0.0,0,1,0,0,0,-1
86.618,0.0,0.0,0.000,0.000,0.000,0.00,-1.0,0.0,0,1,0,0,0,-1
86.685,0.0,0.0,0.000,0.000,0.000,0.00,-1.0,0.0,0,1,0,0,0,-1
86.736,0.0,0.0,0.000,0.000,0.000,0.00,-1.0,0.0,0,1,0,0,0,-1
86.802,0.0,0.0,0.000,0.000,0.000,0.00,-1.0,0.0,0,1,0,0,0,-1
86.858,0.0,0.0,0.000,0.000,0.000,0.00,-1.0,0.0,0,1,0,0,0,-1
86.918,0.0,0.0,0.000,0.000,0.000,0.00,-1.0,0.0,0,1,0,0,0,-1
86.968,0.0,0.0,0.000,0.000,0.000,0.00,-1.0,0.0,0,1,0,0,0,-1
87.019,0.0,0.0,0.000,0.000,0.000,0.00,-1.0,0.0,0,1,0,0,0,-1
87.087,0.0,0.0,0.000,0.000,0.000,0.00,-1.0,0.0,0,1,0,0,0,-1
87.139,0.0,0.0,0.000,0.000,0.000,0.00,-1.0,0.0,0,1,0,0,0,-1
87.202,0.0,0.0,0.000,0.000,0.000,0.00,-1.0,0.0,0,1,0,0,0,-1
87.253,0.0,0.0,0.000,0.000,0.000,0.00,-1.0,0.0,0,1,0,0,0,-1
87.321,0.0,0.0,0.000,0.000,0.000,0.00,-1.0,0.0,0,1,0,0,0,-1
87.371,0.0,0.0,0.000,0.000,0.000,0.00,-1.0,0.0,0,1,0,0,0,-1
87.435,0.0,0.0,0.000,0.000,0.000,0.00,-1.0,0.0,0,1,0,0,0,-1
87.486,0.0,0.0,0.000,0.000,0.000,0.00,-1.0,0.0,0,1,0,0,0,-1
87.536,0.0,0.0,0.000,0.000,0.000,0.00,-1.0,0.0,0,1,0,0,0,-1
87.601,0.0,0.0,0.000,0.000,0.000,0.00,-1.0,0.0,0,1,0,0,0,-1
87.670,0.0,0.0,0.000,0.000,0.000,0.00,-1.0,0.0,0,1,0,0,0,-1
87.735,0.0,0.0,0.000,0.000,0.000,0.00,-1.0,0.0,0,1,0,0,0,-1
87.786,0.0,0.0,0.000,0.000,0.000,0.00,-1.0,0.0,0,1,0,0,0,-1
87.853,0.0,0.0,0.000,0.000,0.000,0.00,-1.0,0.0,0,1,0,0,0,-1
87.919,0.0,0.0,0.000,0.000,0.000,0.00,-1.0,0.0,0,1,0,0,0,-1
87.969,0.0,0.0,0.000,0.000,0.000,0.00,-1.0,0.0,0,1,0,0,0,-1
88.035,0.0,0.0,0.000,0.000,0.000,0.00,-1.0,0.0,0,1,0,0,0,-1
88.102,0.0,0.0,0.000,0.000,0.000,0.00,-1.0,0.0,0,1,0,0,0,-1
88.152,0.0,0.0,0.000,0.000,0.000,0.00,-1.0,0.0,0,1,0,0,0,-1
88.219,0.0,0.0,0.000,0.000,0.000,0.00,-1.0,0.0,0,1,0,0,0,-1
88.284,0.0,0.0,0.000,0.000,0.000,0.00,-1.0,0.0,0,1,0,0,0,-1
88.336,0.0,0.0,0.000,0.000,0.000,0.00,-1.0,0.0,0,1,0,0,0,-1
88.401,0.0,0.0,0.000,0.000,0.000,0.00,-1.0,0.0,0,1,0,0,0,-1
88.453,0.0,0.0,0.000,0.000,0.000,0.00,-1.0,0.0,0,1,0,0,0,-1
88.519,0.0,0.0,0.000,0.000,0.000,0.00,-1.0,0.0,0,1,0,0,0,-1
88.586,0.0,0.0,0.000,0.000,0.000,0.00,-1.0,0.0,0,1,0,0,0,-1
88.653,0.0,0.0,0.000,0.000,0.000,0.00,-1.0,0.0,0,1,0,0,0,-1
88.719,0.0,0.0,0.000,0.000,0.000,0.00,-1.0,0.0,0,1,0,0,0,-1
88.786,0.0,0.0,0.000,0.000,0.000,0.00,-1.0,0.0,0,1,0,0,0,-1
88.836,0.0,0.0,0.000,0.000,0.000,0.00,-1.0,0.0,0,1,0,0,0,-1
88.902,0.0,0.0,0.000,0.000,0.000,0.00,-1.0,0.0,0,1,0,0,0,-1
88.953,0.0,0.0,0.000,0.000,0.000,0.00,-1.0,0.0,0,1,0,0,0,-1
89.020,0.0,0.0,0.000,0.000,0.000,0.00,-1.0,0.0,0,1,0,0,0,-1
89.085,0.0,0.0,0.000,0.000,0.000,0.00,-1.0,0.0,0,1,0,0,0,-1
89.151,0.0,0.0,0.000,0.000,0.000,0.00,-1.0,0.0,0,1,0,0,0,-1
89.203,0.0,0.0,0.000,0.000,0.000,0.00,-1.0,0.0,0,1,0,0,0,-1
89.270,0.0,0.0,0.000,0.000,0.000,0.00,-1.0,0.0,0,1,0,0,0,-1
89.335,0.0,0.0,0.000,0.000,0.000,0.00,-1.0,0.0,0,1,0,0,0,-1
89.401,0.0,0.0,0.000,0.000,0.000,0.00,-1.0,0.0,0,1,0,0,0,-1
89.451,0.0,0.0,0.000,0.000,0.000,0.00,-1.0,0.0,0,1,0,0,0,-1
89.502,0.0,0.0,0.000,0.000,0.000,0.00,-1.0,0.0,0,1,0,0,0,-1
89.570,0.0,0.0,0.000,0.000,0.000,0.00,-1.0,0.0,0,1,0,0,0,-1
89.635,0.0,0.0,0.000,0.000,0.000,0.00,-1.0,0.0,0,1,0,0,0,-1
89.686,0.0,0.0,0.000,0.000,0.000,0.00,-1.0,0.0,0,1,0,0,0,-1
89.753,0.0,0.0,0.000,0.000,0.000,0.00,-1.0,0.0,0,1,0,0,0,-1
89.818,0.0,0.0,0.000,0.000,0.000,0.00,-1.0,0.0,0,1,0,0,0,-1
89.871,0.0,0.0,0.000,0.000,0.000,0.00,-1.0,0.0,0,1,0,0,0,-1
89.936,0.0,0.0,0.000,0.000,0.000,0.00,-1.0,0.0,0,1,0,0,0,-1
89.986,0.0,0.0,0.000,0.000,0.000,0.00,-1.0,0.0,0,1,0,0,0,-1
90.036,0.0,0.0,0.000,0.000,0.000,0.00,-1.0,0.0,0,1,0,0,0,-1
90.101,0.0,0.0,0.000,0.000,0.000,0.00,-1.0,0.0,0,1,0,0,0,-1
90.174,0.0,0.0,0.000,0.000,0.000,0.00,-1.0,0.0,0,1,0,0,0,-1
90.236,0.0,0.0,0.000,0.000,0.000,0.00,-1.0,0.0,0,1,0,0,0,-1
90.302,0.0,0.0,0.000,0.000,0.000,0.00,-1.0,0.0,0,1,0,0,0,-1
90.368,0.0,0.0,0.000,0.000,0.000,0.00,-1.0,0.0,0,1,0,0,0,-1
90.419,0.0,0.0,0.000,0.000,0.000,0.00,-1.0,0.0,0,1,0,0,0,-1
90.485,0.0,0.0,0.000,0.000,0.000,0.00,-1.0,0.0,0,1,0,0,0,-1
90.552,0.0,0.0,0.000,0.000,0.000,0.00,-1.0,0.0,0,1,0,0,0,-1
90.602,0.0,0.0,0.000,0.000,0.000,0.00,-1.0,0.0,0,1,0,0,0,-1
90.668,0.0,0.0,0.000,0.000,0.000,0.00,-1.0,0.0,0,1,0,0,0,-1
90.736,0.0,0.0,0.000,0.000,0.000,0.00,-1.0,0.0,0,1,0,0,0,-1
90.803,0.0,0.0,0.000,0.000,0.000,0.00,-1.0,0.0,0,1,0,0,0,-1
90.869,0.0,0.0,0.000,0.000,0.000,0.00,-1.0,0.0,0,1,0,0,0,-1
90.936,0.0,0.0,0.000,0.000,0.000,0.00,-1.0,0.0,0,1,0,0,0,-1
91.002,0.0,0.0,0.000,0.000,0.000,0.00,-1.0,0.0,0,1,0,0,0,-1
91.068,0.0,0.0,0.000,0.000,0.000,0.00,-1.0,0.0,0,1,0,0,0,-1
91.135,0.0,0.0,0.000,0.000,0.000,0.00,-1.0,0.0,0,1,0,0,0,-1
91.187,0.0,0.0,0.000,0.000,0.000,0.00,-1.0,0.0,0,1,0,0,0,-1
91.251,0.0,0.0,0.000,0.000,0.000,0.00,-1.0,0.0,0,1,0,0,0,-1
91.303,0.0,0.0,0.000,0.000,0.000,0.00,-1.0,0.0,0,1,0,0,0,-1
91.369,0.0,0.0,0.000,0.000,0.000,0.00,-1.0,0.0,0,1,0,0,0,-1
91.435,0.0,0.0,0.000,0.000,0.000,0.00,-1.0,0.0,0,1,0,0,0,-1
91.485,0.0,0.0,0.000,0.000,0.000,0.00,-1.0,0.0,0,1,0,0,0,-1
91.552,0.0,0.0,0.000,0.000,0.000,0.00,-1.0,0.0,0,1,0,0,0,-1
91.618,0.0,0.0,0.000,0.000,0.000,0.00,-1.0,0.0,0,1,0,0,0,-1
91.668,0.0,0.0,0.000,0.000,0.000,0.00,-1.0,0.0,0,1,0,0,0,-1
91.735,0.0,0.0,0.000,0.000,0.000,0.00,-1.0,0.0,0,1,0,0,0,-1
91.785,0.0,0.0,0.000,0.000,0.000,0.00,-1.0,0.0,0,1,0,0,0,-1
91.851,0.0,0.0,0.000,0.000,0.000,0.00,-1.0,0.0,0,1,0,0,0,-1
91.903,0.0,0.0,0.000,0.000,0.000,0.00,-1.0,0.0,0,1,0,0,0,-1
91.968,0.0,0.0,0.000,0.000,0.000,0.00,-1.0,0.0,0,1,0,0,0,-1
92.018,0.0,0.0,0.000,0.000,0.000,0.00,-1.0,0.0,0,1,0,0,0,-1
92.069,0.0,0.0,0.000,0.000,0.000,0.00,-1.0,0.0,0,1,0,0,0,-1
92.138,0.0,0.0,0.000,0.000,0.000,0.00,-1.0,0.0,0,1,0,0,0,-1
92.203,0.0,0.0,0.000,0.000,0.000,0.00,-1.0,0.0,0,1,0,0,0,-1
92.270,0.0,0.0,0.000,0.000,0.000,0.00,-1.0,0.0,0,1,0,0,0,-1
92.335,0.0,0.0,0.000,0.000,0.000,0.00,-1.0,0.0,0,1,0,0,0,-1
92.385,0.0,0.0,0.000,0.000,0.000,0.00,-1.0,0.0,0,1,0,0,0,-1
92.440,0.0,0.0,0.000,0.000,0.000,0.00,-1.0,0.0,0,1,0,0,0,-1
92.501,0.0,0.0,0.000,0.000,0.000,0.00,-1.0,0.0,0,1,0,0,0,-1
92.552,0.0,0.0,0.000,0.000,0.000,0.00,-1.0,0.0,0,1,0,0,0,-1
92.618,0.0,0.0,0.000,0.000,0.000,0.00,-1.0,0.0,0,1,0,0,0,-1
92.668,0.0,0.0,0.000,0.000,0.000,0.00,-1.0,0.0,0,1,0,0,0,-1
92.719,0.0,0.0,0.000,0.000,0.000,0.00,-1.0,0.0,0,1,0,0,0,-1
92.784,0.0,0.0,0.000,0.000,0.000,0.00,-1.0,0.0,0,1,0,0,0,-1
92.835,0.0,0.0,0.000,0.000,0.000,0.00,-1.0,0.0,0,1,0,0,0,-1
92.890,0.0,0.0,0.000,0.000,0.000,0.00,-1.0,0.0,0,1,0,0,0,-1
92.952,0.0,0.0,0.000,0.000,0.000,0.00,-1.0,0.0,0,1,0,0,0,-1
93.002,0.0,0.0,0.000,0.000,0.000,0.00,-1.0,0.0,0,1,0,0,0,-1
93.052,0.0,0.0,0.000,0.000,0.000,0.00,-1.0,0.0,0,1,0,0,0,-1
93.119,0.0,0.0,0.000,0.000,0.000,0.00,-1.0,0.0,0,1,0,0,0,-1
93.191,0.0,0.0,0.000,0.000,0.000,0.00,-1.0,0.0,0,1,0,0,0,-1
93.251,0.0,0.0,0.000,0.000,0.000,0.00,-1.0,0.0,0,1,0,0,0,-1
93.302,0.0,0.0,0.000,0.000,0.000,0.00,-1.0,0.0,0,1,0,0,0,-1
93.368,0.0,0.0,0.000,0.000,0.000,0.00,-1.0,0.0,0,1,0,0,0,-1
93.434,0.0,0.0,0.000,0.000,0.000,0.00,-1.0,0.0,0,1,0,0,0,-1
93.487,0.0,0.0,0.000,0.000,0.000,0.00,-1.0,0.0,0,1,0,0,0,-1
93.553,0.0,0.0,0.000,0.000,0.000,0.00,-1.0,0.0,0,1,0,0,0,-1
93.619,0.0,0.0,0.000,0.000,0.000,0.00,-1.0,0.0,0,1,0,0,0,-1
93.685,0.0,0.0,0.000,0.000,0.000,0.00,-1.0,0.0,0,1,0,0,0,-1
93.737,0.0,0.0,0.000,0.000,0.000,0.00,-1.0,0.0,0,1,0,0,0,-1
93.800,0.0,0.0,0.000,0.000,0.000,0.00,-1.0,0.0,0,1,0,0,0,-1
93.853,0.0,0.0,0.000,0.000,0.000,0.00,-1.0,0.0,0,1,0,0,0,-1
93.918,0.0,0.0,0.000,0.000,0.000,0.00,-1.0,0.0,0,1,0,0,0,-1
93.986,0.0,0.0,0.000,0.000,0.000,0.00,-1.0,0.0,0,1,0,0,0,-1
94.051,0.0,0.0,0.000,0.000,0.000,0.00,-1.0,0.0,0,1,0,0,0,-1
94.116,0.0,0.0,0.000,0.000,0.000,0.00,-1.0,0.0,0,1,0,0,0,-1
94.169,0.0,0.0,0.000,0.000,0.000,0.00,-1.0,0.0,0,1,0,0,0,-1
94.219,0.0,0.0,0.000,0.000,0.000,0.00,-1.0,0.0,0,1,0,0,0,-1
94.284,0.0,0.0,0.000,0.000,0.000,0.00,-1.0,0.0,0,1,0,0,0,-1
94.352,0.0,0.0,0.000,0.000,0.000,0.00,-1.0,0.0,0,1,0,0,0,-1
94.419,0.0,0.0,0.000,0.000,0.000,0.00,-1.0,0.0,0,1,0,0,0,-1
94.487,0.0,0.0,0.000,0.000,0.000,0.00,-1.0,0.0,0,1,0,0,0,-1
94.554,0.0,0.0,0.000,0.000,0.000,0.00,-1.0,0.0,0,1,0,0,0,-1
94.618,0.0,0.0,0.000,0.000,0.000,0.00,-1.0,0.0,0,1,0,0,0,-1
94.668,0.0,0.0,0.000,0.000,0.000,0.00,-1.0,0.0,0,1,0,0,0,-1
94.718,0.0,0.0,0.000,0.000,0.000,0.00,-1.0,0.0,0,1,0,0,0,-1
94.769,0.0,0.0,0.000,0.000,0.000,0.00,-1.0,0.0,0,1,0,0,0,-1
94.835,0.0,0.0,0.000,0.000,0.000,0.00,-1.0,0.0,0,1,0,0,0,-1
94.886,0.0,0.0,0.000,0.000,0.000,0.00,-1.0,0.0,0,1,0,0,0,-1
94.953,0.0,0.0,0.000,0.000,0.000,0.00,-1.0,0.0,0,1,0,0,0,-1
95.004,0.0,0.0,0.000,0.000,0.000,0.00,-1.0,0.0,0,1,0,0,0,-1
95.069,0.0,0.0,0.000,0.000,0.000,0.00,-1.0,0.0,0,1,0,0,0,-1
95.134,0.0,0.0,0.000,0.000,0.000,0.00,-1.0,0.0,0,1,0,0,0,-1
95.186,0.0,0.0,0.000,0.000,0.000,0.00,-1.0,0.0,0,1,0,0,0,-1
95.253,0.0,0.0,0.000,0.000,0.000,0.00,-1.0,0.0,0,1,0,0,0,-1
95.306,0.0,0.0,0.000,0.000,0.000,0.00,-1.0,0.0,0,1,0,0,0,-1
95.368,0.0,0.0,0.000,0.000,0.000,0.00,-1.0,0.0,0,1,0,0,0,-1
95.418,0.0,0.0,0.000,0.000,0.000,0.00,-1.0,0.0,0,1,0,0,0,-1
95.469,0.0,0.0,0.000,0.000,0.000,0.00,-1.0,0.0,0,1,0,0,0,-1
95.520,0.0,0.0,0.000,0.000,0.000,0.00,-1.0,0.0,0,1,0,0,0,-1
95.584,0.0,0.0,0.000,0.000,0.000,0.00,-1.0,0.0,0,1,0,0,0,-1
95.635,0.0,0.0,0.000,0.000,0.000,0.00,-1.0,0.0,0,1,0,0,0,-1
95.702,0.0,0.0,0.000,0.000,0.000,0.00,-1.0,0.0,0,1,0,0,0,-1
95.757,0.0,0.0,0.000,0.000,0.000,0.00,-1.0,0.0,0,1,0,0,0,-1
95.818,0.0,0.0,0.000,0.000,0.000,0.00,-1.0,0.0,0,1,0,0,0,-1
95.868,0.0,0.0,0.000,0.000,0.000,0.00,-1.0,0.0,0,1,0,0,0,-1
95.936,0.0,0.0,0.000,0.000,0.000,0.00,-1.0,0.0,0,1,0,0,0,-1
96.002,0.0,0.0,0.000,0.000,0.000,0.00,-1.0,0.0,0,1,0,0,0,-1
96.068,0.0,0.0,0.000,0.000,0.000,0.00,-1.0,0.0,0,1,0,0,0,-1
96.135,0.0,0.0,0.000,0.000,0.000,0.00,-1.0,0.0,0,1,0,0,0,-1
96.202,0.0,0.0,0.000,0.000,0.000,0.00,-1.0,0.0,0,1,0,0,0,-1
96.268,0.0,0.0,0.000,0.000,0.000,0.00,-1.0,0.0,0,1,0,0,0,-1
96.318,0.0,0.0,0.000,0.000,0.000,0.00,-1.0,0.0,0,1,0,0,0,-1
96.369,0.0,0.0,0.000,0.000,0.000,0.00,-1.0,0.0,0,1,0,0,0,-1
96.435,0.0,0.0,0.000,0.000,0.000,0.00,-1.0,0.0,0,1,0,0,0,-1
96.501,0.0,0.0,0.000,0.000,0.000,0.00,-1.0,0.0,0,1,0,0,0,-1
96.568,0.0,0.0,0.000,0.000,0.000,0.00,-1.0,0.0,0,1,0,0,0,-1
96.618,0.0,0.0,0.000,0.000,0.000,0.00,-1.0,0.0,0,1,0,0,0,-1
96.686,0.0,0.0,0.000,0.000,0.000,0.00,-1.0,0.0,0,1,0,0,0,-1
96.754,0.0,0.0,0.000,0.000,0.000,0.00,-1.0,0.0,0,1,0,0,0,-1
96.816,0.0,0.0,0.000,0.000,0.000,0.00,-1.0,0.0,0,1,0,0,0,-1
96.869,0.0,0.0,0.000,0.000,0.000,0.00,-1.0,0.0,0,1,0,0,0,-1
96.920,0.0,0.0,0.000,0.000,0.000,0.00,-1.0,0.0,0,1,0,0,0,-1
96.985,0.0,0.0,0.000,0.000,0.000,0.00,-1.0,0.0,0,1,0,0,0,-1
97.036,0.0,0.0,0.000,0.000,0.000,0.00,-1.0,0.0,0,1,0,0,0,-1
97.102,0.0,0.0,0.000,0.000,0.000,0.00,-1.0,0.0,0,1,0,0,0,-1
97.169,0.0,0.0,0.000,0.000,0.000,0.00,-1.0,0.0,0,1,0,0,0,-1
97.235,0.0,0.0,0.000,0.000,0.000,0.00,-1.0,0.0,0,1,0,0,0,-1
97.285,0.0,0.0,0.000,0.000,0.000,0.00,-1.0,0.0,0,1,0,0,0,-1
97.335,0.0,0.0,0.000,0.000,0.000,0.00,-1.0,0.0,0,1,0,0,0,-1
97.386,0.0,0.0,0.000,0.000,0.000,0.00,-1.0,0.0,0,1,0,0,0,-1
97.454,0.0,0.0,0.000,0.000,0.000,0.00,-1.0,0.0,0,1,0,0,0,-1
97.518,0.0,0.0,0.000,0.000,0.000,0.00,-1.0,0.0,0,1,0,0,0,-1
97.568,0.0,0.0,0.000,0.000,0.000,0.00,-1.0,0.0,0,1,0,0,0,-1
97.619,0.0,0.0,0.000,0.000,0.000,0.00,-1.0,0.0,0,1,0,0,0,-1
97.669,0.0,0.0,0.000,0.000,0.000,0.00,-1.0,0.0,0,1,0,0,0,-1
97.719,0.0,0.0,0.000,0.000,0.000,0.00,-1.0,0.0,0,1,0,0,0,-1
97.785,0.0,0.0,0.000,0.000,0.000,0.00,-1.0,0.0,0,1,0,0,0,-1
97.852,0.0,0.0,0.000,0.000,0.000,0.00,-1.0,0.0,0,1,0,0,0,-1
97.902,0.0,0.0,0.000,0.000,0.000,0.00,-1.0,0.0,0,1,0,0,0,-1
97.969,0.0,0.0,0.000,0.000,0.000,0.00,-1.0,0.0,0,1,0,0,0,-1
98.021,0.0,0.0,0.000,0.000,0.000,0.00,-1.0,0.0,0,1,0,0,0,-1
98.084,0.0,0.0,0.000,0.000,0.000,0.00,-1.0,0.0,0,1,0,0,0,-1
98.135,0.0,0.0,0.000,0.000,0.000,0.00,-1.0,0.0,0,1,0,0,0,-1
98.201,0.0,0.0,0.000,0.000,0.000,0.00,-1.0,0.0,0,1,0,0,0,-1
98.268,0.0,0.0,0.000,0.000,0.000,0.00,-1.0,0.0,0,1,0,0,0,-1
98.322,0.0,0.0,0.000,0.000,0.000,0.00,-1.0,0.0,0,1,0,0,0,-1
98.385,0.0,0.0,0.000,0.000,0.000,0.00,-1.0,0.0,0,1,0,0,0,-1
98.435,0.0,0.0,0.000,0.000,0.000,0.00,-1.0,0.0,0,1,0,0,0,-1
98.502,0.0,0.0,0.000,0.000,0.000,0.00,-1.0,0.0,0,1,0,0,0,-1
98.568,0.0,0.0,0.000,0.000,0.000,0.00,-1.0,0.0,0,1,0,0,0,-1
98.618,0.0,0.0,0.000,0.000,0.000,0.00,-1.0,0.0,0,1,0,0,0,-1
98.668,0.0,0.0,0.000,0.000,0.000,0.00,-1.0,0.0,0,1,0,0,0,-1
98.735,0.0,0.0,0.000,0.000,0.000,0.00,-1.0,0.0,0,1,0,0,0,-1
98.802,0.0,0.0,0.000,0.000,0.000,0.00,-1.0,0.0,0,1,0,0,0,-1
98.869,0.0,0.0,0.000,0.000,0.000,0.00,-1.0,0.0,0,1,0,0,0,-1
98.934,0.0,0.0,0.000,0.000,0.000,0.00,-1.0,0.0,0,1,0,0,0,-1
98.986,0.0,0.0,0.000,0.000,0.000,0.00,-1.0,0.0,0,1,0,0,0,-1
99.052,0.0,0.0,0.000,0.000,0.000,0.00,-1.0,0.0,0,1,0,0,0,-1
99.103,0.0,0.0,0.000,0.000,0.000,0.00,-1.0,0.0,0,1,0,0,0,-1
99.168,0.0,0.0,0.000,0.000,0.000,0.00,-1.0,0.0,0,1,0,0,0,-1
99.219,0.0,0.0,0.000,0.000,0.000,0.00,-1.0,0.0,0,1,0,0,0,-1
99.284,0.0,0.0,0.000,0.000,0.000,0.00,-1.0,0.0,0,1,0,0,0,-1
99.336,0.0,0.0,0.000,0.000,0.000,0.00,-1.0,0.0,0,1,0,0,0,-1
99.402,0.0,0.0,0.000,0.000,0.000,0.00,-1.0,0.0,0,1,0,0,0,-1
99.454,0.0,0.0,0.000,0.000,0.000,0.00,-1.0,0.0,0,1,0,0,0,-1
99.518,0.0,0.0,0.000,0.000,0.000,0.00,-1.0,0.0,0,1,0,0,0,-1
99.569,0.0,0.0,0.000,0.000,0.000,0.00,-1.0,0.0,0,1,0,0,0,-1
99.619,0.0,0.0,0.000,0.000,0.000,0.00,-1.0,0.0,0,1,0,0,0,-1
99.684,0.0,0.0,0.000,0.000,0.000,0.00,-1.0,0.0,0,1,0,0,0,-1
99.734,0.0,0.0,0.000,0.000,0.000,0.00,-1.0,0.0,0,1,0,0,0,-1
99.785,0.0,0.0,0.000,0.000,0.000,0.00,-1.0,0.0,0,1,0,0,0,-1
99.852,0.0,0.0,0.000,0.000,0.000,0.00,-1.0,0.0,0,1,0,0,0,-1
99.902,0.0,0.0,0.000,0.000,0.000,0.00,-1.0,0.0,0,1,0,0,0,-1
99.952,0.0,0.0,0.000,0.000,0.000,0.00,-1.0,0.0,0,1,0,0,0,-1
100.019,0.0,0.0,0.000,0.000,0.000,0.00,-1.0,0.0,0,1,0,0,0,-1
100.085,0.0,0.0,0.000,0.000,0.000,0.00,-1.0,0.0,0,1,0,0,0,-1
100.136,0.0,0.0,0.000,0.000,0.000,0.00,-1.0,0.0,0,1,0,0,0,-1
100.201,0.0,0.0,0.000,0.000,0.000,0.00,-1.0,0.0,0,1,0,0,0,-1
100.268,0.0,0.0,0.000,0.000,0.000,0.00,-1.0,0.0,0,1,0,0,0,-1
100.319,0.0,0.0,0.000,0.000,0.000,0.00,-1.0,0.0,0,1,0,0,0,-1
100.369,0.0,0.0,0.000,0.000,0.000,0.00,-1.0,0.0,0,1,0,0,0,-1
100.440,0.0,0.0,0.000,0.000,0.000,0.00,-1.0,0.0,0,1,0,0,0,-1
100.502,0.0,0.0,0.000,0.000,0.000,0.00,-1.0,0.0,0,1,0,0,0,-1
100.554,0.0,0.0,0.000,0.000,0.000,0.00,-1.0,0.0,0,1,0,0,0,-1
100.619,0.0,0.0,0.000,0.000,0.000,0.00,-1.0,0.0,0,1,0,0,0,-1
100.669,0.0,0.0,0.000,0.000,0.000,0.00,-1.0,0.0,0,1,0,0,0,-1
100.740,0.0,0.0,0.000,0.000,0.000,0.00,-1.0,0.0,0,1,0,0,0,-1
100.802,0.0,0.0,0.000,0.000,0.000,0.00,-1.0,0.0,0,1,0,0,0,-1
100.869,0.0,0.0,0.000,0.000,0.000,0.00,-1.0,0.0,0,1,0,0,0,-1
100.920,0.0,0.0,0.000,0.000,0.000,0.00,-1.0,0.0,0,1,0,0,0,-1
100.986,0.0,0.0,0.000,0.000,0.000,0.00,-1.0,0.0,0,1,0,0,0,-1
101.042,0.0,0.0,0.000,0.000,0.000,0.00,-1.0,0.0,0,1,0,0,0,-1
101.101,0.0,0.0,0.000,0.000,0.000,0.00,-1.0,0.0,0,1,0,0,0,-1
101.152,0.0,0.0,0.000,0.000,0.000,0.00,-1.0,0.0,0,1,0,0,0,-1
101.218,0.0,0.0,0.000,0.000,0.000,0.00,-1.0,0.0,0,1,0,0,0,-1
101.269,0.0,0.0,0.000,0.000,0.000,0.00,-1.0,0.0,0,1,0,0,0,-1
101.335,0.0,0.0,0.000,0.000,0.000,0.00,-1.0,0.0,0,1,0,0,0,-1
101.402,0.0,0.0,0.000,0.000,0.000,0.00,-1.0,0.0,0,1,0,0,0,-1
101.452,0.0,0.0,0.000,0.000,0.000,0.00,-1.0,0.0,0,1,0,0,0,-1
101.518,0.0,0.0,0.000,0.000,0.000,0.00,-1.0,0.0,0,1,0,0,0,-1
101.569,0.0,0.0,0.000,0.000,0.000,0.00,-1.0,0.0,0,1,0,0,0,-1
101.619,0.0,0.0,0.000,0.000,0.000,0.00,-1.0,0.0,0,1,0,0,0,-1
101.686,0.0,0.0,0.000,0.000,0.000,0.00,-1.0,0.0,0,1,0,0,0,-1
101.751,0.0,0.0,0.000,0.000,0.000,0.00,-1.0,0.0,0,1,0,0,0,-1
101.820,0.0,0.0,0.000,0.000,0.000,0.00,-1.0,0.0,0,1,0,0,0,-1
101.884,0.0,0.0,0.000,0.000,0.000,0.00,-1.0,0.0,0,1,0,0,0,-1
101.935,0.0,0.0,0.000,0.000,0.000,0.00,-1.0,0.0,0,1,0,0,0,-1
101.986,0.0,0.0,0.000,0.000,0.000,0.00,-1.0,0.0,0,1,0,0,0,-1
102.052,0.0,0.0,0.000,0.000,0.000,0.00,-1.0,0.0,0,1,0,0,0,-1
102.104,0.0,0.0,0.000,0.000,0.000,0.00,-1.0,0.0,0,1,0,0,0,-1
102.167,0.0,0.0,0.000,0.000,0.000,0.00,-1.0,0.0,0,1,0,0,0,-1
102.219,0.0,0.0,0.000,0.000,0.000,0.00,-1.0,0.0,0,1,0,0,0,-1
102.285,0.0,0.0,0.000,0.000,0.000,0.00,-1.0,0.0,0,1,0,0,0,-1
102.335,0.0,0.0,0.000,0.000,0.000,0.00,-1.0,0.0,0,1,0,0,0,-1
102.385,0.0,0.0,0.000,0.000,0.000,0.00,-1.0,0.0,0,1,0,0,0,-1
102.452,0.0,0.0,0.000,0.000,0.000,0.00,-1.0,0.0,0,1,0,0,0,-1
102.504,0.0,0.0,0.000,0.000,0.000,0.00,-1.0,0.0,0,1,0,0,0,-1
102.559,0.0,0.0,0.000,0.000,0.000,0.00,-1.0,0.0,0,1,0,0,0,-1
102.619,0.0,0.0,0.000,0.000,0.000,0.00,-1.0,0.0,0,1,0,0,0,-1
102.669,0.0,0.0,0.000,0.000,0.000,0.00,-1.0,0.0,0,1,0,0,0,-1
102.735,0.0,0.0,0.000,0.000,0.000,0.00,-1.0,0.0,0,1,0,0,0,-1
102.786,0.0,0.0,0.000,0.000,0.000,0.00,-1.0,0.0,0,1,0,0,0,-1
102.836,0.0,0.0,0.000,0.000,0.000,0.00,-1.0,0.0,0,1,0,0,0,-1
102.902,0.0,0.0,0.000,0.000,0.000,0.00,-1.0,0.0,0,1,0,0,0,-1
102.968,0.0,0.0,0.000,0.000,0.000,0.00,-1.0,0.0,0,1,0,0,0,-1
103.020,0.0,0.0,0.000,0.000,0.000,0.00,-1.0,0.0,0,1,0,0,0,-1
103.084,0.0,0.0,0.000,0.000,0.000,0.00,-1.0,0.0,0,1,0,0,0,-1
103.135,0.0,0.0,0.000,0.000,0.000,0.00,-1.0,0.0,0,1,0,0,0,-1
103.186,0.0,0.0,0.000,0.000,0.000,0.00,-1.0,0.0,0,1,0,0,0,-1
103.252,0.0,0.0,0.000,0.000,0.000,0.00,-1.0,0.0,0,1,0,0,0,-1
103.302,0.0,0.0,0.000,0.000,0.000,0.00,-1.0,0.0,0,1,0,0,0,-1
103.352,0.0,0.0,0.000,0.000,0.000,0.00,-1.0,0.0,0,1,0,0,0,-1
103.418,0.0,0.0,0.000,0.000,0.000,0.00,-1.0,0.0,0,1,0,0,0,-1
103.474,0.0,0.0,0.000,0.000,0.000,0.00,-1.0,0.0,0,1,0,0,0,-1
103.535,0.0,0.0,0.000,0.000,0.000,0.00,-1.0,0.0,0,1,0,0,0,-1
103.586,0.0,0.0,0.000,0.000,0.000,0.00,-1.0,0.0,0,1,0,0,0,-1
103.652,0.0,0.0,0.000,0.000,0.000,0.00,-1.0,0.0,0,1,0,0,0,-1
103.719,0.0,0.0,0.000,0.000,0.000,0.00,-1.0,0.0,0,1,0,0,0,-1
103.775,0.0,0.0,0.000,0.000,0.000,0.00,-1.0,0.0,0,1,0,0,0,-1
103.836,0.0,0.0,0.000,0.000,0.000,0.00,-1.0,0.0,0,1,0,0,0,-1
103.903,0.0,0.0,0.000,0.000,0.000,0.00,-1.0,0.0,0,1,0,0,0,-1
103.968,0.0,0.0,0.000,0.000,0.000,0.00,-1.0,0.0,0,1,0,0,0,-1
104.036,0.0,0.0,0.000,0.000,0.000,0.00,-1.0,0.0,0,1,0,0,0,-1
104.102,0.0,0.0,0.000,0.000,0.000,0.00,-1.0,0.0,0,1,0,0,0,-1
104.152,0.0,0.0,0.000,0.000,0.000,0.00,-1.0,0.0,0,1,0,0,0,-1
104.219,0.0,0.0,0.000,0.000,0.000,0.00,-1.0,0.0,0,1,0,0,0,-1
104.285,0.0,0.0,0.000,0.000,0.000,0.00,-1.0,0.0,0,1,0,0,0,-1
104.353,0.0,0.0,0.000,0.000,0.000,0.00,-1.0,0.0,0,1,0,0,0,-1
104.419,0.0,0.0,0.000,0.000,0.000,0.00,-1.0,0.0,0,1,0,0,0,-1
104.487,0.0,0.0,0.000,0.000,0.000,0.00,-1.0,0.0,0,1,0,0,0,-1
104.553,0.0,0.0,0.000,0.000,0.000,0.00,-1.0,0.0,0,1,0,0,0,-1
104.620,0.0,0.0,0.000,0.000,0.000,0.00,-1.0,0.0,0,1,0,0,0,-1
104.686,0.0,0.0,0.000,0.000,0.000,0.00,-1.0,0.0,0,1,0,0,0,-1
104.752,0.0,0.0,0.000,0.000,0.000,0.00,-1.0,0.0,0,1,0,0,0,-1
104.819,0.0,0.0,0.000,0.000,0.000,0.00,-1.0,0.0,0,1,0,0,0,-1
104.885,0.0,0.0,0.000,0.000,0.000,0.00,-1.0,0.0,0,1,0,0,0,-1
104.935,0.0,0.0,0.000,0.000,0.000,0.00,-1.0,0.0,0,1,0,0,0,-1
104.985,0.0,0.0,0.000,0.000,0.000,0.00,-1.0,0.0,0,1,0,0,0,-1
105.052,0.0,0.0,0.000,0.000,0.000,0.00,-1.0,0.0,0,1,0,0,0,-1
105.102,0.0,0.0,0.000,0.000,0.000,0.00,-1.0,0.0,0,1,0,0,0,-1
105.169,0.0,0.0,0.000,0.000,0.000,0.00,-1.0,0.0,0,1,0,0,0,-1
105.235,0.0,0.0,0.000,0.000,0.000,0.00,-1.0,0.0,0,1,0,0,0,-1
105.302,0.0,0.0,0.000,0.000,0.000,0.00,-1.0,0.0,0,1,0,0,0,-1
105.352,0.0,0.0,0.000,0.000,0.000,0.00,-1.0,0.0,0,1,0,0,0,-1
105.418,0.0,0.0,0.000,0.000,0.000,0.00,-1.0,0.0,0,1,0,0,0,-1
105.485,0.0,0.0,0.000,0.000,0.000,0.00,-1.0,0.0,0,1,0,0,0,-1
105.551,0.0,0.0,0.000,0.000,0.000,0.00,-1.0,0.0,0,1,0,0,0,-1
105.603,0.0,0.0,0.000,0.000,0.000,0.00,-1.0,0.0,0,1,0,0,0,-1
105.669,0.0,0.0,0.000,0.000,0.000,0.00,-1.0,0.0,0,1,0,0,0,-1
105.737,0.0,0.0,0.000,0.000,0.000,0.00,-1.0,0.0,0,1,0,0,0,-1
105.801,0.0,0.0,0.000,0.000,0.000,0.00,-1.0,0.0,0,1,0,0,0,-1
105.869,0.0,0.0,0.000,0.000,0.000,0.00,-1.0,0.0,0,1,0,0,0,-1
105.937,0.0,0.0,0.000,0.000,0.000,0.00,-1.0,0.0,0,1,0,0,0,-1
106.001,0.0,0.0,0.000,0.000,0.000,0.00,-1.0,0.0,0,1,0,0,0,-1
106.052,0.0,0.0,0.000,0.000,0.000,0.00,-1.0,0.0,0,1,0,0,0,-1
106.119,0.0,0.0,0.000,0.000,0.000,0.00,-1.0,0.0,0,1,0,0,0,-1
106.187,0.0,0.0,0.000,0.000,0.000,0.00,-1.0,0.0,0,1,0,0,0,-1
106.252,0.0,0.0,0.000,0.000,0.000,0.00,-1.0,0.0,0,1,0,0,0,-1
106.302,0.0,0.0,0.000,0.000,0.000,0.00,-1.0,0.0,0,1,0,0,0,-1
106.368,0.0,0.0,0.000,0.000,0.000,0.00,-1.0,0.0,0,1,0,0,0,-1
106.420,0.0,0.0,0.000,0.000,0.000,0.00,-1.0,0.0,0,1,0,0,0,-1
106.494,0.0,0.0,0.000,0.000,0.000,0.00,-1.0,0.0,0,1,0,0,0,-1
106.553,0.0,0.0,0.000,0.000,0.000,0.00,-1.0,0.0,0,1,0,0,0,-1
106.618,0.0,0.0,0.000,0.000,0.000,0.00,-1.0,0.0,0,1,0,0,0,-1
106.668,0.0,0.0,0.000,0.000,0.000,0.00,-1.0,0.0,0,1,0,0,0,-1
106.734,0.0,0.0,0.000,0.000,0.000,0.00,-1.0,0.0,0,1,0,0,0,-1
106.802,0.0,0.0,0.000,0.000,0.000,0.00,-1.0,0.0,0,1,0,0,0,-1
106.869,0.0,0.0,0.000,0.000,0.000,0.00,-1.0,0.0,0,1,0,0,0,-1
106.920,0.0,0.0,0.000,0.000,0.000,0.00,-1.0,0.0,0,1,0,0,0,-1
106.985,0.0,0.0,0.000,0.000,0.000,0.00,-1.0,0.0,0,1,0,0,0,-1
107.035,0.0,0.0,0.000,0.000,0.000,0.00,-1.0,0.0,0,1,0,0,0,-1
107.102,0.0,0.0,0.000,0.000,0.000,0.00,-1.0,0.0,0,1,0,0,0,-1
107.153,0.0,0.0,0.000,0.000,0.000,0.00,-1.0,0.0,0,1,0,0,0,-1
107.218,0.0,0.0,0.000,0.000,0.000,0.00,-1.0,0.0,0,1,0,0,0,-1
107.285,0.0,0.0,0.000,0.000,0.000,0.00,-1.0,0.0,0,1,0,0,0,-1
107.352,0.0,0.0,0.000,0.000,0.000,0.00,-1.0,0.0,0,1,0,0,0,-1
107.419,0.0,0.0,0.000,0.000,0.000,0.00,-1.0,0.0,0,1,0,0,0,-1
107.469,0.0,0.0,0.000,0.000,0.000,0.00,-1.0,0.0,0,1,0,0,0,-1
107.535,0.0,0.0,0.000,0.000,0.000,0.00,-1.0,0.0,0,1,0,0,0,-1
107.602,0.0,0.0,0.000,0.000,0.000,0.00,-1.0,0.0,0,1,0,0,0,-1
107.669,0.0,0.0,0.000,0.000,0.000,0.00,-1.0,0.0,0,1,0,0,0,-1
107.735,0.0,0.0,0.000,0.000,0.000,0.00,-1.0,0.0,0,1,0,0,0,-1
107.802,0.0,0.0,0.000,0.000,0.000,0.00,-1.0,0.0,0,1,0,0,0,-1
107.853,0.0,0.0,0.000,0.000,0.000,0.00,-1.0,0.0,0,1,0,0,0,-1
107.918,0.0,0.0,0.000,0.000,0.000,0.00,-1.0,0.0,0,1,0,0,0,-1
107.969,0.0,0.0,0.000,0.000,0.000,0.00,-1.0,0.0,0,1,0,0,0,-1
108.036,0.0,0.0,0.000,0.000,0.000,0.00,-1.0,0.0,0,1,0,0,0,-1
108.101,0.0,0.0,0.000,0.000,0.000,0.00,-1.0,0.0,0,1,0,0,0,-1
108.153,0.0,0.0,0.000,0.000,0.000,0.00,-1.0,0.0,0,1,0,0,0,-1
108.219,0.0,0.0,0.000,0.000,0.000,0.00,-1.0,0.0,0,1,0,0,0,-1
108.285,0.0,0.0,0.000,0.000,0.000,0.00,-1.0,0.0,0,1,0,0,0,-1
108.336,0.0,0.0,0.000,0.000,0.000,0.00,-1.0,0.0,0,1,0,0,0,-1
108.386,0.0,0.0,0.000,0.000,0.000,0.00,-1.0,0.0,0,1,0,0,0,-1
108.436,0.0,0.0,0.000,0.000,0.000,0.00,-1.0,0.0,0,1,0,0,0,-1
108.486,0.0,0.0,0.000,0.000,0.000,0.00,-1.0,0.0,0,1,0,0,0,-1
108.552,0.0,0.0,0.000,0.000,0.000,0.00,-1.0,0.0,0,1,0,0,0,-1
108.605,0.0,0.0,0.000,0.000,0.000,0.00,-1.0,0.0,0,1,0,0,0,-1
108.669,0.0,0.0,0.000,0.000,0.000,0.00,-1.0,0.0,0,1,0,0,0,-1
108.719,0.0,0.0,0.000,0.000,0.000,0.00,-1.0,0.0,0,1,0,0,0,-1
108.784,0.0,0.0,0.000,0.000,0.000,0.00,-1.0,0.0,0,1,0,0,0,-1
108.835,0.0,0.0,0.000,0.000,0.000,0.00,-1.0,0.0,0,1,0,0,0,-1
108.885,0.0,0.0,0.000,0.000,0.000,0.00,-1.0,0.0,0,1,0,0,0,-1
108.951,0.0,0.0,0.000,0.000,0.000,0.00,-1.0,0.0,0,1,0,0,0,-1
109.001,0.0,0.0,0.000,0.000,0.000,0.00,-1.0,0.0,0,1,0,0,0,-1
109.057,0.0,0.0,0.000,0.000,0.000,0.00,-1.0,0.0,0,1,0,0,0,-1
109.120,0.0,0.0,0.000,0.000,0.000,0.00,-1.0,0.0,0,1,0,0,0,-1
109.185,0.0,0.0,0.000,0.000,0.000,0.00,-1.0,0.0,0,1,0,0,0,-1
109.251,0.0,0.0,0.000,0.000,0.000,0.00,-1.0,0.0,0,1,0,0,0,-1
109.302,0.0,0.0,0.000,0.000,0.000,0.00,-1.0,0.0,0,1,0,0,0,-1
109.352,0.0,0.0,0.000,0.000,0.000,0.00,-1.0,0.0,0,1,0,0,0,-1
109.402,0.0,0.0,0.000,0.000,0.000,0.00,-1.0,0.0,0,1,0,0,0,-1
109.470,0.0,0.0,0.000,0.000,0.000,0.00,-1.0,0.0,0,1,0,0,0,-1
109.535,0.0,0.0,0.000,0.000,0.000,0.00,-1.0,0.0,0,1,0,0,0,-1
109.586,0.0,0.0,0.000,0.000,0.000,0.00,-1.0,0.0,0,1,0,0,0,-1
109.659,0.0,0.0,0.000,0.000,0.000,0.00,-1.0,0.0,0,1,0,0,0,-1
109.719,0.0,0.0,0.000,0.000,0.000,0.00,-1.0,0.0,0,1,0,0,0,-1
109.785,0.0,0.0,0.000,0.000,0.000,0.00,-1.0,0.0,0,1,0,0,0,-1
109.851,0.0,0.0,0.000,0.000,0.000,0.00,-1.0,0.0,0,1,0,0,0,-1
109.901,0.0,0.0,0.000,0.000,0.000,0.00,-1.0,0.0,0,1,0,0,0,-1
109.952,0.0,0.0,0.000,0.000,0.000,0.00,-1.0,0.0,0,1,0,0,0,-1
110.002,0.0,0.0,0.000,0.000,0.000,0.00,-1.0,0.0,0,1,0,0,0,-1
110.068,0.0,0.0,0.000,0.000,0.000,0.00,-1.0,0.0,0,1,0,0,0,-1
110.118,0.0,0.0,0.000,0.000,0.000,0.00,-1.0,0.0,0,1,0,0,0,-1
110.186,0.0,0.0,0.000,0.000,0.000,0.00,-1.0,0.0,0,1,0,0,0,-1
110.252,0.0,0.0,0.000,0.000,0.000,0.00,-1.0,0.0,0,1,0,0,0,-1
110.318,0.0,0.0,0.000,0.000,0.000,0.00,-1.0,0.0,0,1,0,0,0,-1
110.384,0.0,0.0,0.000,0.000,0.000,0.00,-1.0,0.0,0,1,0,0,0,-1
110.435,0.0,0.0,0.000,0.000,0.000,0.00,-1.0,0.0,0,1,0,0,0,-1
110.485,0.0,0.0,0.000,0.000,0.000,0.00,-1.0,0.0,0,1,0,0,0,-1
110.553,0.0,0.0,0.000,0.000,0.000,0.00,-1.0,0.0,0,1,0,0,0,-1
110.619,0.0,0.0,0.000,0.000,0.000,0.00,-1.0,0.0,0,1,0,0,0,-1
110.669,0.0,0.0,0.000,0.000,0.000,0.00,-1.0,0.0,0,1,0,0,0,-1
110.735,0.0,0.0,0.000,0.000,0.000,0.00,-1.0,0.0,0,1,0,0,0,-1
110.802,0.0,0.0,0.000,0.000,0.000,0.00,-1.0,0.0,0,1,0,0,0,-1
110.852,0.0,0.0,0.000,0.000,0.000,0.00,-1.0,0.0,0,1,0,0,0,-1
110.902,0.0,0.0,0.000,0.000,0.000,0.00,-1.0,0.0,0,1,0,0,0,-1
110.952,0.0,0.0,0.000,0.000,0.000,0.00,-1.0,0.0,0,1,0,0,0,-1
111.016,0.0,0.0,0.000,0.000,0.000,0.00,-1.0,0.0,0,1,0,0,0,-1
111.070,0.0,0.0,0.000,0.000,0.000,0.00,-1.0,0.0,0,1,0,0,0,-1
111.135,0.0,0.0,0.000,0.000,0.000,0.00,-1.0,0.0,0,1,0,0,0,-1
111.186,0.0,0.0,0.000,0.000,0.000,0.00,-1.0,0.0,0,1,0,0,0,-1
111.251,0.0,0.0,0.000,0.000,0.000,0.00,-1.0,0.0,0,1,0,0,0,-1
111.302,0.0,0.0,0.000,0.000,0.000,0.00,-1.0,0.0,0,1,0,0,0,-1
111.368,0.0,0.0,0.000,0.000,0.000,0.00,-1.0,0.0,0,1,0,0,0,-1
111.435,0.0,0.0,0.000,0.000,0.000,0.00,-1.0,0.0,0,1,0,0,0,-1
111.491,0.0,0.0,0.000,0.000,0.000,0.00,-1.0,0.0,0,1,0,0,0,-1
111.552,0.0,0.0,0.000,0.000,0.000,0.00,-1.0,0.0,0,1,0,0,0,-1
111.618,0.0,0.0,0.000,0.000,0.000,0.00,-1.0,0.0,0,1,0,0,0,-1
111.668,0.0,0.0,0.000,0.000,0.000,0.00,-1.0,0.0,0,1,0,0,0,-1
111.719,0.0,0.0,0.000,0.000,0.000,0.00,-1.0,0.0,0,1,0,0,0,-1
111.772,0.0,0.0,0.000,0.000,0.000,0.00,-1.0,0.0,0,1,0,0,0,-1
111.835,0.0,0.0,0.000,0.000,0.000,0.00,-1.0,0.0,0,1,0,0,0,-1
111.885,0.0,0.0,0.000,0.000,0.000,0.00,-1.0,0.0,0,1,0,0,0,-1
111.952,0.0,0.0,0.000,0.000,0.000,0.00,-1.0,0.0,0,1,0,0,0,-1
112.002,0.0,0.0,0.000,0.000,0.000,0.00,-1.0,0.0,0,1,0,0,0,-1
112.073,0.0,0.0,0.000,0.000,0.000,0.00,-1.0,0.0,0,1,0,0,0,-1
112.135,0.0,0.0,0.000,0.000,0.000,0.00,-1.0,0.0,0,1,0,0,0,-1
112.201,0.0,0.0,0.000,0.000,0.000,0.00,-1.0,0.0,0,1,0,0,0,-1
112.253,0.0,0.0,0.000,0.000,0.000,0.00,-1.0,0.0,0,1,0,0,0,-1
112.319,0.0,0.0,0.000,0.000,0.000,0.00,-1.0,0.0,0,1,0,0,0,-1
112.385,0.0,0.0,0.000,0.000,0.000,0.00,-1.0,0.0,0,1,0,0,0,-1
112.452,0.0,0.0,0.000,0.000,0.000,0.00,-1.0,0.0,0,1,0,0,0,-1
112.518,0.0,0.0,0.000,0.000,0.000,0.00,-1.0,0.0,0,1,0,0,0,-1
112.568,0.0,0.0,0.000,0.000,0.000,0.00,-1.0,0.0,0,1,0,0,0,-1
112.636,0.0,0.0,0.000,0.000,0.000,0.00,-1.0,0.0,0,1,0,0,0,-1
112.701,0.0,0.0,0.000,0.000,0.000,0.00,-1.0,0.0,0,1,0,0,0,-1
112.752,0.0,0.0,0.000,0.000,0.000,0.00,-1.0,0.0,0,1,0,0,0,-1
112.819,0.0,0.0,0.000,0.000,0.000,0.00,-1.0,0.0,0,1,0,0,0,-1
112.886,0.0,0.0,0.000,0.000,0.000,0.00,-1.0,0.0,0,1,0,0,0,-1
112.951,0.0,0.0,0.000,0.000,0.000,0.00,-1.0,0.0,0,1,0,0,0,-1
113.004,0.0,0.0,0.000,0.000,0.000,0.00,-1.0,0.0,0,1,0,0,0,-1
113.068,0.0,0.0,0.000,0.000,0.000,0.00,-1.0,0.0,0,1,0,0,0,-1
113.118,0.0,0.0,0.000,0.000,0.000,0.00,-1.0,0.0,0,1,0,0,0,-1
113.184,0.0,0.0,0.000,0.000,0.000,0.00,-1.0,0.0,0,1,0,0,0,-1
113.236,0.0,0.0,0.000,0.000,0.000,0.00,-1.0,0.0,0,1,0,0,0,-1
113.302,0.0,0.0,0.000,0.000,0.000,0.00,-1.0,0.0,0,1,0,0,0,-1
113.352,0.0,0.0,0.000,0.000,0.000,0.00,-1.0,0.0,0,1,0,0,0,-1
113.402,0.0,0.0,0.000,0.000,0.000,0.00,-1.0,0.0,0,1,0,0,0,-1
113.469,0.0,0.0,0.000,0.000,0.000,0.00,-1.0,0.0,0,1,0,0,0,-1
113.534,0.0,0.0,0.000,0.000,0.000,0.00,-1.0,0.0,0,1,0,0,0,-1
113.602,0.0,0.0,0.000,0.000,0.000,0.00,-1.0,0.0,0,1,0,0,0,-1
113.669,0.0,0.0,0.000,0.000,0.000,0.00,-1.0,0.0,0,1,0,0,0,-1
113.719,0.0,0.0,0.000,0.000,0.000,0.00,-1.0,0.0,0,1,0,0,0,-1
113.769,0.0,0.0,0.000,0.000,0.000,0.00,-1.0,0.0,0,1,0,0,0,-1
113.835,0.0,0.0,0.000,0.000,0.000,0.00,-1.0,0.0,0,1,0,0,0,-1
113.902,0.0,0.0,0.000,0.000,0.000,0.00,-1.0,0.0,0,1,0,0,0,-1
113.968,0.0,0.0,0.000,0.000,0.000,0.00,-1.0,0.0,0,1,0,0,0,-1
114.019,0.0,0.0,0.000,0.000,0.000,0.00,-1.0,0.0,0,1,0,0,0,-1
114.069,0.0,0.0,0.000,0.000,0.000,0.00,-1.0,0.0,0,1,0,0,0,-1
114.135,0.0,0.0,0.000,0.000,0.000,0.00,-1.0,0.0,0,1,0,0,0,-1
114.185,0.0,0.0,0.000,0.000,0.000,0.00,-1.0,0.0,0,1,0,0,0,-1
114.254,0.0,0.0,0.000,0.000,0.000,0.00,-1.0,0.0,0,1,0,0,0,-1
114.319,0.0,0.0,0.000,0.000,0.000,0.00,-1.0,0.0,0,1,0,0,0,-1
114.369,0.0,0.0,0.000,0.000,0.000,0.00,-1.0,0.0,0,1,0,0,0,-1
114.435,0.0,0.0,0.000,0.000,0.000,0.00,-1.0,0.0,0,1,0,0,0,-1
114.487,0.0,0.0,0.000,0.000,0.000,0.00,-1.0,0.0,0,1,0,0,0,-1
114.551,0.0,0.0,0.000,0.000,0.000,0.00,-1.0,0.0,0,1,0,0,0,-1
114.601,0.0,0.0,0.000,0.000,0.000,0.00,-1.0,0.0,0,1,0,0,0,-1
114.652,0.0,0.0,0.000,0.000,0.000,0.00,-1.0,0.0,0,1,0,0,0,-1
114.719,0.0,0.0,0.000,0.000,0.000,0.00,-1.0,0.0,0,1,0,0,0,-1
114.790,0.0,0.0,0.000,0.000,0.000,0.00,-1.0,0.0,0,1,0,0,0,-1
114.852,0.0,0.0,0.000,0.000,0.000,0.00,-1.0,0.0,0,1,0,0,0,-1
114.918,0.0,0.0,0.000,0.000,0.000,0.00,-1.0,0.0,0,1,0,0,0,-1
114.984,0.0,0.0,0.000,0.000,0.000,0.00,-1.0,0.0,0,1,0,0,0,-1
115.035,0.0,0.0,0.000,0.000,0.000,0.00,-1.0,0.0,0,1,0,0,0,-1
115.086,0.0,0.0,0.000,0.000,0.000,0.00,-1.0,0.0,0,1,0,0,0,-1
115.152,0.0,0.0,0.000,0.000,0.000,0.00,-1.0,0.0,0,1,0,0,0,-1
115.219,0.0,0.0,0.000,0.000,0.000,0.00,-1.0,0.0,0,1,0,0,0,-1
115.269,0.0,0.0,0.000,0.000,0.000,0.00,-1.0,0.0,0,1,0,0,0,-1
115.335,0.0,0.0,0.000,0.000,0.000,0.00,-1.0,0.0,0,1,0,0,0,-1
115.403,0.0,0.0,0.000,0.000,0.000,0.00,-1.0,0.0,0,1,0,0,0,-1
115.469,0.0,0.0,0.000,0.000,0.000,0.00,-1.0,0.0,0,1,0,0,0,-1
115.536,0.0,0.0,0.000,0.000,0.000,0.00,-1.0,0.0,0,1,0,0,0,-1
115.603,0.0,0.0,0.000,0.000,0.000,0.00,-1.0,0.0,0,1,0,0,0,-1
115.668,0.0,0.0,0.000,0.000,0.000,0.00,-1.0,0.0,0,1,0,0,0,-1
115.719,0.0,0.0,0.000,0.000,0.000,0.00,-1.0,0.0,0,1,0,0,0,-1
115.784,0.0,0.0,0.000,0.000,0.000,0.00,-1.0,0.0,0,1,0,0,0,-1
115.835,0.0,0.0,0.000,0.000,0.000,0.00,-1.0,0.0,0,1,0,0,0,-1
115.885,0.0,0.0,0.000,0.000,0.000,0.00,-1.0,0.0,0,1,0,0,0,-1
115.952,0.0,0.0,0.000,0.000,0.000,0.00,-1.0,0.0,0,1,0,0,0,-1
116.002,0.0,0.0,0.000,0.000,0.000,0.00,-1.0,0.0,0,1,0,0,0,-1
116.068,0.0,0.0,0.000,0.000,0.000,0.00,-1.0,0.0,0,1,0,0,0,-1
116.118,0.0,0.0,0.000,0.000,0.000,0.00,-1.0,0.0,0,1,0,0,0,-1
116.185,0.0,0.0,0.000,0.000,0.000,0.00,-1.0,0.0,0,1,0,0,0,-1
116.252,0.0,0.0,0.000,0.000,0.000,0.00,-1.0,0.0,0,1,0,0,0,-1
116.303,0.0,0.0,0.000,0.000,0.000,0.00,-1.0,0.0,0,1,0,0,0,-1
116.368,0.0,0.0,0.000,0.000,0.000,0.00,-1.0,0.0,0,1,0,0,0,-1
116.418,0.0,0.0,0.000,0.000,0.000,0.00,-1.0,0.0,0,1,0,0,0,-1
116.468,0.0,0.0,0.000,0.000,0.000,0.00,-1.0,0.0,0,1,0,0,0,-1
116.519,0.0,0.0,0.000,0.000,0.000,0.00,-1.0,0.0,0,1,0,0,0,-1
116.586,0.0,0.0,0.000,0.000,0.000,0.00,-1.0,0.0,0,1,0,0,0,-1
116.636,0.0,0.0,0.000,0.000,0.000,0.00,-1.0,0.0,0,1,0,0,0,-1
116.702,0.0,0.0,0.000,0.000,0.000,0.00,-1.0,0.0,0,1,0,0,0,-1
116.757,0.0,0.0,0.000,0.000,0.000,0.00,-1.0,0.0,0,1,0,0,0,-1
116.818,0.0,0.0,0.000,0.000,0.000,0.00,-1.0,0.0,0,1,0,0,0,-1
116.868,0.0,0.0,0.000,0.000,0.000,0.00,-1.0,0.0,0,1,0,0,0,-1
116.935,0.0,0.0,0.000,0.000,0.000,0.00,-1.0,0.0,0,1,0,0,0,-1
117.001,0.0,0.0,0.000,0.000,0.000,0.00,-1.0,0.0,0,1,0,0,0,-1
117.052,0.0,0.0,0.000,0.000,0.000,0.00,-1.0,0.0,0,1,0,0,0,-1
117.118,0.0,0.0,0.000,0.000,0.000,0.00,-1.0,0.0,0,1,0,0,0,-1
117.170,0.0,0.0,0.000,0.000,0.000,0.00,-1.0,0.0,0,1,0,0,0,-1
117.235,0.0,0.0,0.000,0.000,0.000,0.00,-1.0,0.0,0,1,0,0,0,-1
117.286,0.0,0.0,0.000,0.000,0.000,0.00,-1.0,0.0,0,1,0,0,0,-1
117.352,0.0,0.0,0.000,0.000,0.000,0.00,-1.0,0.0,0,1,0,0,0,-1
117.402,0.0,0.0,0.000,0.000,0.000,0.00,-1.0,0.0,0,1,0,0,0,-1
117.468,0.0,0.0,0.000,0.000,0.000,0.00,-1.0,0.0,0,1,0,0,0,-1
117.518,0.0,0.0,0.000,0.000,0.000,0.00,-1.0,0.0,0,1,0,0,0,-1
117.569,0.0,0.0,0.000,0.000,0.000,0.00,-1.0,0.0,0,1,0,0,0,-1
117.636,0.0,0.0,0.000,0.000,0.000,0.00,-1.0,0.0,0,1,0,0,0,-1
117.701,0.0,0.0,0.000,0.000,0.000,0.00,-1.0,0.0,0,1,0,0,0,-1
117.752,0.0,0.0,0.000,0.000,0.000,0.00,-1.0,0.0,0,1,0,0,0,-1
117.802,0.0,0.0,0.000,0.000,0.000,0.00,-1.0,0.0,0,1,0,0,0,-1
117.868,0.0,0.0,0.000,0.000,0.000,0.00,-1.0,0.0,0,1,0,0,0,-1
117.919,0.0,0.0,0.000,0.000,0.000,0.00,-1.0,0.0,0,1,0,0,0,-1
117.985,0.0,0.0,0.000,0.000,0.000,0.00,-1.0,0.0,0,1,0,0,0,-1
118.052,0.0,0.0,0.000,0.000,0.000,0.00,-1.0,0.0,0,1,0,0,0,-1
118.102,0.0,0.0,0.000,0.000,0.000,0.00,-1.0,0.0,0,1,0,0,0,-1
118.153,0.0,0.0,0.000,0.000,0.000,0.00,-1.0,0.0,0,1,0,0,0,-1
118.219,0.0,0.0,0.000,0.000,0.000,0.00,-1.0,0.0,0,1,0,0,0,-1
118.285,0.0,0.0,0.000,0.000,0.000,0.00,-1.0,0.0,0,1,0,0,0,-1
118.352,0.0,0.0,0.000,0.000,0.000,0.00,-1.0,0.0,0,1,0,0,0,-1
118.418,0.0,0.0,0.000,0.000,0.000,0.00,-1.0,0.0,0,1,0,0,0,-1
118.468,0.0,0.0,0.000,0.000,0.000,0.00,-1.0,0.0,0,1,0,0,0,-1
118.535,0.0,0.0,0.000,0.000,0.000,0.00,-1.0,0.0,0,1,0,0,0,-1
118.602,0.0,0.0,0.000,0.000,0.000,0.00,-1.0,0.0,0,1,0,0,0,-1
118.669,0.0,0.0,0.000,0.000,0.000,0.00,-1.0,0.0,0,1,0,0,0,-1
118.720,0.0,0.0,0.000,0.000,0.000,0.00,-1.0,0.0,0,1,0,0,0,-1
118.785,0.0,0.0,0.000,0.000,0.000,0.00,-1.0,0.0,0,1,0,0,0,-1
118.852,0.0,0.0,0.000,0.000,0.000,0.00,-1.0,0.0,0,1,0,0,0,-1
118.902,0.0,0.0,0.000,0.000,0.000,0.00,-1.0,0.0,0,1,0,0,0,-1
118.968,0.0,0.0,0.000,0.000,0.000,0.00,-1.0,0.0,0,1,0,0,0,-1
119.021,0.0,0.0,0.000,0.000,0.000,0.00,-1.0,0.0,0,1,0,0,0,-1
119.084,0.0,0.0,0.000,0.000,0.000,0.00,-1.0,0.0,0,1,0,0,0,-1
119.135,0.0,0.0,0.000,0.000,0.000,0.00,-1.0,0.0,0,1,0,0,0,-1
119.185,0.0,0.0,0.000,0.000,0.000,0.00,-1.0,0.0,0,1,0,0,0,-1
119.255,0.0,0.0,0.000,0.000,0.000,0.00,-1.0,0.0,0,1,0,0,0,-1
119.322,0.0,0.0,0.000,0.000,0.000,0.00,-1.0,0.0,0,1,0,0,0,-1
119.385,0.0,0.0,0.000,0.000,0.000,0.00,-1.0,0.0,0,1,0,0,0,-1
119.452,0.0,0.0,0.000,0.000,0.000,0.00,-1.0,0.0,0,1,0,0,0,-1
119.518,0.0,0.0,0.000,0.000,0.000,0.00,-1.0,0.0,0,1,0,0,0,-1
119.569,0.0,0.0,0.000,0.000,0.000,0.00,-1.0,0.0,0,1,0,0,0,-1
119.623,0.0,0.0,0.000,0.000,0.000,0.00,-1.0,0.0,0,1,0,0,0,-1
119.685,0.0,0.0,0.000,0.000,0.000,0.00,-1.0,0.0,0,1,0,0,0,-1
119.752,0.0,0.0,0.000,0.000,0.000,0.00,-1.0,0.0,0,1,0,0,0,-1
119.802,0.0,0.0,0.000,0.000,0.000,0.00,-1.0,0.0,0,1,0,0,0,-1
119.868,0.0,0.0,0.000,0.000,0.000,0.00,-1.0,0.0,0,1,0,0,0,-1
119.923,0.0,0.0,0.000,0.000,0.000,0.00,-1.0,0.0,0,1,0,0,0,-1
119.985,-5.0,0.0,0.000,0.000,0.000,0.00,-1.0,0.0,0,1,0,0,0,-1
120.051,-10.3,0.0,-0.044,0.000,-0.013,0.00,-1.0,0.0,0,1,0,0,0,-1
120.103,-14.4,0.0,-0.159,0.000,-0.083,0.00,-1.0,0.0,0,1,0,0,0,-1
120.168,-19.6,0.0,-0.365,0.000,-0.242,0.00,-1.0,0.0,0,1,0,0,0,-1
120.224,-24.1,0.0,-0.559,0.000,-0.457,0.00,-1.0,0.0,0,1,0,0,0,-1
120.285,-25.0,0.0,-0.704,0.000,-0.724,0.00,-1.0,0.0,0,1,0,0,0,-1
120.352,-25.0,0.0,-0.704,0.000,-0.903,0.00,-1.0,0.0,0,1,0,0,0,-1
120.419,-25.0,0.0,-0.704,0.000,-1.024,0.00,-1.0,0.0,0,1,0,0,0,-1
120.485,-25.0,0.0,-0.704,0.000,-1.125,0.00,-1.0,0.0,0,1,0,0,0,-1
120.552,-25.0,0.0,-0.704,0.000,-1.172,0.00,-1.0,0.0,0,1,0,0,0,-1
120.603,-25.0,0.0,-0.704,0.000,-1.203,0.00,-1.0,0.0,0,1,0,0,0,-1
120.655,-25.0,0.0,-0.704,0.000,-1.219,0.00,-1.0,0.0,0,1,0,0,0,-1
120.720,-25.0,0.0,-0.704,0.000,-1.235,0.00,-1.0,0.0,0,1,0,0,0,-1
120.785,-25.0,0.0,-0.704,0.000,-1.249,0.00,-1.0,0.0,0,1,0,0,0,-1
120.835,-25.0,0.0,-0.704,0.000,-1.253,0.00,-1.0,0.0,0,1,0,0,0,-1
120.886,-25.0,0.0,-0.704,0.000,-1.258,0.00,-1.0,0.0,0,1,0,0,0,-1
120.952,-25.0,0.0,-0.704,0.000,-1.261,0.00,-1.0,0.0,0,1,0,0,0,-1
121.018,-25.0,0.0,-0.704,0.000,-1.263,0.00,-1.0,0.0,0,1,0,0,0,-1
121.069,-25.0,0.0,-0.704,0.000,-1.265,0.00,-1.0,0.0,0,1,0,0,0,-1
121.132,-25.0,0.0,-0.704,0.000,-1.266,0.00,-1.0,0.0,0,1,0,0,0,-1
121.185,-25.0,0.0,-0.704,0.000,-1.267,0.00,-1.0,0.0,0,1,0,0,0,-1
121.252,-25.0,0.0,-0.704,0.000,-1.267,0.00,-1.0,0.0,0,1,0,0,0,-1
121.319,-25.0,0.0,-0.704,0.000,-1.267,0.00,-1.0,0.0,0,1,0,0,0,-1
121.386,-25.0,0.0,-0.704,0.000,-1.268,0.00,-1.0,0.0,0,1,0,0,0,-1
121.452,-25.0,0.0,-0.704,0.000,-1.268,0.00,-1.0,0.0,0,1,0,0,0,-1
121.502,-25.0,0.0,-0.704,0.000,-1.268,0.00,-1.0,0.0,0,1,0,0,0,-1
121.569,-25.0,0.0,-0.704,0.000,-1.268,0.00,-1.0,0.0,0,1,0,0,0,-1
121.634,-25.0,0.0,-0.704,0.000,-1.268,0.00,-1.0,0.0,0,1,0,0,0,-1
121.686,-25.0,0.0,-0.704,0.000,-1.268,0.00,-1.0,0.0,0,1,0,0,0,-1
121.736,-25.0,0.0,-0.704,0.000,-1.268,0.00,-1.0,0.0,0,1,0,0,0,-1
121.802,-25.0,0.0,-0.704,0.000,-1.268,0.00,-1.0,0.0,0,1,0,0,0,-1
121.852,-25.0,0.0,-0.704,0.000,-1.268,0.00,-1.0,0.0,0,1,0,0,0,-1
121.902,-25.0,0.0,-0.704,0.000,-1.268,0.00,-1.0,0.0,0,1,0,0,0,-1
121.969,-25.0,0.0,-0.704,0.000,-1.268,0.00,-1.0,0.0,0,1,0,0,0,-1
122.038,-25.0,0.0,-0.704,0.000,-1.268,0.00,-1.0,0.0,0,1,0,0,0,-1
122.102,-25.0,0.0,-0.704,0.000,-1.268,0.00,-1.0,0.0,0,1,0,0,0,-1
122.152,-25.0,0.0,-0.704,0.000,-1.268,0.00,-1.0,0.0,0,1,0,0,0,-1
122.202,-25.0,0.0,-0.704,0.000,-1.268,0.00,-1.0,0.0,0,1,0,0,0,-1
122.268,-25.0,0.0,-0.704,0.000,-1.268,0.00,-1.0,0.0,0,1,0,0,0,-1
122.318,-25.0,0.0,-0.704,0.000,-1.268,0.00,-1.0,0.0,0,1,0,0,0,-1
122.369,-25.0,0.0,-0.704,0.000,-1.268,0.00,-1.0,0.0,0,1,0,0,0,-1
122.421,-25.0,0.0,-0.704,0.000,-1.268,0.00,-1.0,0.0,0,1,0,0,0,-1
122.485,-25.0,0.0,-0.704,0.000,-1.268,0.00,-1.0,0.0,0,1,0,0,0,-1
122.552,-25.0,0.0,-0.704,0.000,-1.268,0.00,-1.0,0.0,0,1,0,0,0,-1
122.618,-25.0,0.0,-0.704,0.000,-1.268,0.00,-1.0,0.0,0,1,0,0,0,-1
122.669,-25.0,0.0,-0.704,0.000,-1.268,0.00,-1.0,0.0,0,1,0,0,0,-1
122.721,-25.0,0.0,-0.704,0.000,-1.268,0.00,-1.0,0.0,0,1,0,0,0,-1
122.785,-25.0,0.0,-0.704,0.000,-1.268,0.00,-1.0,0.0,0,1,0,0,0,-1
122.851,-21.1,0.0,-0.565,0.000,-1.223,0.00,-1.0,0.0,0,1,0,0,0,-1
122.918,-15.7,0.0,-0.369,0.000,-1.072,0.00,-1.0,0.0,0,1,0,0,0,-1
122.968,-11.7,0.0,-0.158,0.000,-0.839,0.00,-1.0,0.0,0,1,0,0,0,-1
123.019,-7.6,0.0,-0.077,0.000,-0.683,0.00,-1.0,0.0,0,1,0,0,0,-1
123.085,-2.3,0.0,0.000,0.000,-0.404,0.00,-1.0,0.0,0,1,0,0,0,-1
123.153,0.0,0.0,0.000,0.000,-0.270,0.00,-1.0,0.0,0,1,0,0,0,-1
123.219,0.0,0.0,0.000,0.000,-0.181,0.00,-1.0,0.0,0,1,0,0,0,-1
123.285,0.0,0.0,0.000,0.000,-0.106,0.00,-1.0,0.0,0,1,0,0,0,-1
123.351,0.0,0.0,0.000,0.000,-0.071,0.00,-1.0,0.0,0,1,0,0,0,-1
123.419,0.0,0.0,0.000,0.000,-0.048,0.00,-1.0,0.0,0,1,0,0,0,-1
123.486,0.0,0.0,0.000,0.000,-0.028,0.00,-1.0,0.0,0,1,0,0,0,-1
123.549,0.0,0.0,0.000,0.000,-0.019,0.00,-1.0,0.0,0,1,0,0,0,-1
123.602,0.0,0.0,0.000,0.000,-0.013,0.00,-1.0,0.0,0,1,0,0,0,-1
123.652,0.0,0.0,0.000,0.000,-0.010,0.00,-1.0,0.0,0,1,0,0,0,-1
123.704,0.0,0.0,0.000,0.000,-0.006,0.00,-1.0,0.0,0,1,0,0,0,-1
123.769,0.0,0.0,0.000,0.000,-0.004,0.00,-1.0,0.0,0,1,0,0,0,-1
123.819,0.0,0.0,0.000,0.000,-0.003,0.00,-1.0,0.0,0,1,0,0,0,-1
123.869,0.0,0.0,0.000,0.000,-0.002,0.00,-1.0,0.0,0,1,0,0,0,-1
123.935,0.0,0.0,0.000,0.000,-0.001,0.00,-1.0,0.0,0,1,0,0,0,-1
123.986,0.0,0.0,0.000,0.000,-0.001,0.00,-1.0,0.0,0,1,0,0,0,-1
124.051,0.0,0.0,0.000,0.000,-0.001,0.00,-1.0,0.0,0,1,0,0,0,-1
124.102,0.0,0.0,0.000,0.000,0.000,0.00,-1.0,0.0,0,1,0,0,0,-1
124.158,0.0,0.0,0.000,0.000,0.000,0.00,-1.0,0.0,0,1,0,0,0,-1
124.218,0.0,0.0,0.000,0.000,0.000,0.00,-1.0,0.0,0,1,0,0,0,-1
124.268,0.0,0.0,0.000,0.000,0.000,0.00,-1.0,0.0,0,1,0,0,0,-1
124.336,0.0,0.0,0.000,0.000,0.000,0.00,-1.0,0.0,0,1,0,0,0,-1
124.386,0.0,0.0,0.000,0.000,0.000,0.00,-1.0,0.0,0,1,0,0,0,-1
124.453,0.0,0.0,0.000,0.000,0.000,0.00,-1.0,0.0,0,1,0,0,0,-1
124.518,0.0,0.0,0.000,0.000,0.000,0.00,-1.0,0.0,0,1,0,0,0,-1
124.569,0.0,0.0,0.000,0.000,0.000,0.00,-1.0,0.0,0,1,0,0,0,-1
124.620,0.0,0.0,0.000,0.000,0.000,0.00,-1.0,0.0,0,1,0,0,0,-1
124.684,0.0,0.0,0.000,0.000,0.000,0.00,-1.0,0.0,0,1,0,0,0,-1
124.735,0.0,0.0,0.000,0.000,0.000,0.00,-1.0,0.0,0,1,0,0,0,-1
124.785,0.0,0.0,0.000,0.000,0.000,0.00,-1.0,0.0,0,1,0,0,0,-1
124.836,0.0,0.0,0.000,0.000,0.000,0.00,-1.0,0.0,0,1,0,0,0,-1
124.902,0.0,0.0,0.000,0.000,0.000,0.00,-1.0,0.0,0,1,0,0,0,-1
124.953,0.0,0.0,0.000,0.000,0.000,0.00,-1.0,0.0,0,1,0,0,0,-1
125.104,0.0,0.0,0.000,0.000,0.000,0.00,-1.0,0.0,0,1,0,0,0,-1
125.160,0.0,0.0,0.000,0.000,0.000,0.00,-1.0,0.0,0,1,0,0,0,-1
125.226,0.0,0.0,0.000,0.000,0.000,0.00,-1.0,0.0,0,1,0,0,0,-1
125.292,0.0,0.0,0.000,0.000,0.000,0.00,-1.0,0.0,0,1,0,0,0,-1
125.343,0.0,0.0,0.000,0.000,0.000,0.00,-1.0,0.0,0,1,0,0,0,-1
125.393,0.0,0.0,0.000,0.000,0.000,0.00,-1.0,0.0,0,1,0,0,0,-1
125.459,0.0,0.0,0.000,0.000,0.000,0.00,-1.0,0.0,0,1,0,0,0,-1
125.509,0.0,0.0,0.000,0.000,0.000,0.00,-1.0,0.0,0,1,0,0,0,-1
125.575,0.0,0.0,0.000,0.000,0.000,0.00,-1.0,0.0,0,1,0,0,0,-1
125.627,0.0,0.0,0.000,0.000,0.000,0.00,-1.0,0.0,0,1,0,0,0,-1
125.692,0.0,0.0,0.000,0.000,0.000,0.00,-1.0,0.0,0,1,0,0,0,-1
125.742,0.0,0.0,0.000,0.000,0.000,0.00,-1.0,0.0,0,1,0,0,0,-1
125.809,0.0,0.0,0.000,0.000,0.000,0.00,-1.0,0.0,0,1,0,0,0,-1
125.876,0.0,0.0,0.000,0.000,0.000,0.00,-1.0,0.0,0,1,0,0,0,-1
125.943,0.0,0.0,0.000,0.000,0.000,0.00,-1.0,0.0,0,1,0,0,0,-1
126.008,0.0,0.0,0.000,0.000,0.000,0.00,-1.0,0.0,0,1,0,0,0,-1
126.060,0.0,0.0,0.000,0.000,0.000,0.00,-1.0,0.0,0,1,0,0,0,-1
126.126,0.0,0.0,0.000,0.000,0.000,0.00,-1.0,0.0,0,1,0,0,0,-1
126.192,0.0,0.0,0.000,0.000,0.000,0.00,-1.0,0.0,0,1,0,0,0,-1
126.243,0.0,0.0,0.000,0.000,0.000,0.00,-1.0,0.0,0,1,0,0,0,-1
126.309,0.0,0.0,0.000,0.000,0.000,0.00,-1.0,0.0,0,1,0,0,0,-1
126.359,0.0,0.0,0.000,0.000,0.000,0.00,-1.0,0.0,0,1,0,0,0,-1
126.426,0.0,0.0,0.000,0.000,0.000,0.00,-1.0,0.0,0,1,0,0,0,-1
126.476,0.0,0.0,0.000,0.000,0.000,0.00,-1.0,0.0,0,1,0,0,0,-1
126.526,0.0,0.0,0.000,0.000,0.000,0.00,-1.0,0.0,0,1,0,0,0,-1
126.593,0.0,0.0,0.000,0.000,0.000,0.00,-1.0,0.0,0,1,0,0,0,-1
126.659,0.0,0.0,0.000,0.000,0.000,0.00,-1.0,0.0,0,1,0,0,0,-1
126.709,0.0,0.0,0.000,0.000,0.000,0.00,-1.0,0.0,0,1,0,0,0,-1
126.775,0.0,0.0,0.000,0.000,0.000,0.00,-1.0,0.0,0,1,0,0,0,-1
126.826,0.0,0.0,0.000,0.000,0.000,0.00,-1.0,0.0,0,1,0,0,0,-1
126.892,0.0,0.0,0.000,0.000,0.000,0.00,-1.0,0.0,0,1,0,0,0,-1
126.942,0.0,0.0,0.000,0.000,0.000,0.00,-1.0,0.0,0,1,0,0,0,-1
126.993,0.0,0.0,0.000,0.000,0.000,0.00,-1.0,0.0,0,1,0,0,0,-1
127.059,0.0,0.0,0.000,0.000,0.000,0.00,-1.0,0.0,0,1,0,0,0,-1
127.126,0.0,0.0,0.000,0.000,0.000,0.00,-1.0,0.0,0,1,0,0,0,-1
127.193,0.0,0.0,0.000,0.000,0.000,0.00,-1.0,0.0,0,1,0,0,0,-1
127.260,0.0,0.0,0.000,0.000,0.000,0.00,-1.0,0.0,0,1,0,0,0,-1
127.326,0.0,0.0,0.000,0.000,0.000,0.00,-1.0,0.0,0,1,0,0,0,-1
127.376,0.0,0.0,0.000,0.000,0.000,0.00,-1.0,0.0,0,1,0,0,0,-1
127.442,0.0,0.0,0.000,0.000,0.000,0.00,-1.0,0.0,0,1,0,0,0,-1
127.510,0.0,0.0,0.000,0.000,0.000,0.00,-1.0,0.0,0,1,0,0,0,-1
127.576,0.0,0.0,0.000,0.000,0.000,0.00,-1.0,0.0,0,1,0,0,0,-1
127.642,0.0,0.0,0.000,0.000,0.000,0.00,-1.0,0.0,0,1,0,0,0,-1
127.693,0.0,0.0,0.000,0.000,0.000,0.00,-1.0,0.0,0,1,0,0,0,-1
127.759,0.0,0.0,0.000,0.000,0.000,0.00,-1.0,0.0,0,1,0,0,0,-1
127.809,0.0,0.0,0.000,0.000,0.000,0.00,-1.0,0.0,0,1,0,0,0,-1
127.859,0.0,0.0,0.000,0.000,0.000,0.00,-1.0,0.0,0,1,0,0,0,-1
127.926,0.0,0.0,0.000,0.000,0.000,0.00,-1.0,0.0,0,1,0,0,0,-1
127.992,0.0,0.0,0.000,0.000,0.000,0.00,-1.0,0.0,0,1,0,0,0,-1
128.059,0.0,0.0,0.000,0.000,0.000,0.00,-1.0,0.0,0,1,0,0,0,-1
128.126,0.0,0.0,0.000,0.000,0.000,0.00,-1.0,0.0,0,1,0,0,0,-1
128.176,0.0,0.0,0.000,0.000,0.000,0.00,-1.0,0.0,0,1,0,0,0,-1
128.242,0.0,0.0,0.000,0.000,0.000,0.00,-1.0,0.0,0,1,0,0,0,-1
128.293,0.0,0.0,0.000,0.000,0.000,0.00,-1.0,0.0,0,1,0,0,0,-1
128.361,0.0,0.0,0.000,0.000,0.000,0.00,-1.0,0.0,0,1,0,0,0,-1
128.425,0.0,0.0,0.000,0.000,0.000,0.00,-1.0,0.0,0,1,0,0,0,-1
128.476,0.0,0.0,0.000,0.000,0.000,0.00,-1.0,0.0,0,1,0,0,0,-1
128.526,0.0,0.0,0.000,0.000,0.000,0.00,-1.0,0.0,0,1,0,0,0,-1
128.576,0.0,0.0,0.000,0.000,0.000,0.00,-1.0,0.0,0,1,0,0,0,-1
128.627,0.0,0.0,0.000,0.000,0.000,0.00,-1.0,0.0,0,1,0,0,0,-1
128.693,0.0,0.0,0.000,0.000,0.000,0.00,-1.0,0.0,0,1,0,0,0,-1
128.759,0.0,0.0,0.000,0.000,0.000,0.00,-1.0,0.0,0,1,0,0,0,-1
128.826,0.0,0.0,0.000,0.000,0.000,0.00,-1.0,0.0,0,1,0,0,0,-1
128.893,0.0,0.0,0.000,0.000,0.000,0.00,-1.0,0.0,0,1,0,0,0,-1
128.959,0.0,0.0,0.000,0.000,0.000,0.00,-1.0,0.0,0,1,0,0,0,-1
129.026,0.0,0.0,0.000,0.000,0.000,0.00,-1.0,0.0,0,1,0,0,0,-1
129.092,0.0,0.0,0.000,0.000,0.000,0.00,-1.0,0.0,0,1,0,0,0,-1
129.159,0.0,0.0,0.000,0.000,0.000,0.00,-1.0,0.0,0,1,0,0,0,-1
129.209,0.0,0.0,0.000,0.000,0.000,0.00,-1.0,0.0,0,1,0,0,0,-1
129.276,0.0,0.0,0.000,0.000,0.000,0.00,-1.0,0.0,0,1,0,0,0,-1
129.326,0.0,0.0,0.000,0.000,0.000,0.00,-1.0,0.0,0,1,0,0,0,-1
129.392,0.0,0.0,0.000,0.000,0.000,0.00,-1.0,0.0,0,1,0,0,0,-1
129.459,0.0,0.0,0.000,0.000,0.000,0.00,-1.0,0.0,0,1,0,0,0,-1
129.509,0.0,0.0,0.000,0.000,0.000,0.00,-1.0,0.0,0,1,0,0,0,-1
129.576,0.0,0.0,0.000,0.000,0.000,0.00,-1.0,0.0,0,1,0,0,0,-1
129.642,0.0,0.0,0.000,0.000,0.000,0.00,-1.0,0.0,0,1,0,0,0,-1
129.693,0.0,0.0,0.000,0.000,0.000,0.00,-1.0,0.0,0,1,0,0,0,-1
129.759,0.0,0.0,0.000,0.000,0.000,0.00,-1.0,0.0,0,1,0,0,0,-1
129.809,0.0,0.0,0.000,0.000,0.000,0.00,-1.0,0.0,0,1,0,0,0,-1
129.876,0.0,0.0,0.000,0.000,0.000,0.00,-1.0,0.0,0,1,0,0,0,-1
129.926,0.0,0.0,0.000,0.000,0.000,0.00,-1.0,0.0,0,1,0,0,0,-1
129.993,0.0,0.0,0.000,0.000,0.000,0.00,-1.0,0.0,0,1,0,0,0,-1
130.059,0.0,0.0,0.000,0.000,0.000,0.00,-1.0,0.0,0,1,0,0,0,-1
130.109,0.0,0.0,0.000,0.000,0.000,0.00,-1.0,0.0,0,1,0,0,0,-1
130.176,0.0,0.0,0.000,0.000,0.000,0.00,-1.0,0.0,0,1,0,0,0,-1
130.226,0.0,0.0,0.000,0.000,0.000,0.00,-1.0,0.0,0,1,0,0,0,-1
130.292,0.0,0.0,0.000,0.000,0.000,0.00,-1.0,0.0,0,1,0,0,0,-1
130.343,0.0,0.0,0.000,0.000,0.000,0.00,-1.0,0.0,0,1,0,0,0,-1
130.398,0.0,0.0,0.000,0.000,0.000,0.00,-1.0,0.0,0,1,0,0,0,-1
130.459,0.0,0.0,0.000,0.000,0.000,0.00,-1.0,0.0,0,1,0,0,0,-1
130.528,0.0,0.0,0.000,0.000,0.000,0.00,-1.0,0.0,0,1,0,0,0,-1
130.593,0.0,0.0,0.000,0.000,0.000,0.00,-1.0,0.0,0,1,0,0,0,-1
130.644,0.0,0.0,0.000,0.000,0.000,0.00,-1.0,0.0,0,1,0,0,0,-1
130.709,0.0,0.0,0.000,0.000,0.000,0.00,-1.0,0.0,0,1,0,0,0,-1
130.760,0.0,0.0,0.000,0.000,0.000,0.00,-1.0,0.0,0,1,0,0,0,-1
130.810,0.0,0.0,0.000,0.000,0.000,0.00,-1.0,0.0,0,1,0,0,0,-1
130.875,0.0,0.0,0.000,0.000,0.000,0.00,-1.0,0.0,0,1,0,0,0,-1
130.926,0.0,0.0,0.000,0.000,0.000,0.00,-1.0,0.0,0,1,0,0,0,-1
130.976,0.0,0.0,0.000,0.000,0.000,0.00,-1.0,0.0,0,1,0,0,0,-1
131.042,0.0,0.0,0.000,0.000,0.000,0.00,-1.0,0.0,0,1,0,0,0,-1
131.111,0.0,0.0,0.000,0.000,0.000,0.00,-1.0,0.0,0,1,0,0,0,-1
131.176,0.0,0.0,0.000,0.000,0.000,0.00,-1.0,0.0,0,1,0,0,0,-1
131.243,0.0,0.0,0.000,0.000,0.000,0.00,-1.0,0.0,0,1,0,0,0,-1
131.309,0.0,0.0,0.000,0.000,0.000,0.00,-1.0,0.0,0,1,0,0,0,-1
131.359,0.0,0.0,0.000,0.000,0.000,0.00,-1.0,0.0,0,1,0,0,0,-1
131.426,0.0,0.0,0.000,0.000,0.000,0.00,-1.0,0.0,0,1,0,0,0,-1
131.477,0.0,0.0,0.000,0.000,0.000,0.00,-1.0,0.0,0,1,0,0,0,-1
131.527,0.0,0.0,0.000,0.000,0.000,0.00,-1.0,0.0,0,1,0,0,0,-1
131.592,0.0,0.0,0.000,0.000,0.000,0.00,-1.0,0.0,0,1,0,0,0,-1
131.642,0.0,0.0,0.000,0.000,0.000,0.00,-1.0,0.0,0,1,0,0,0,-1
131.694,0.0,0.0,0.000,0.000,0.000,0.00,-1.0,0.0,0,1,0,0,0,-1
131.761,0.0,0.0,0.000,0.000,0.000,0.00,-1.0,0.0,0,1,0,0,0,-1
131.826,0.0,0.0,0.000,0.000,0.000,0.00,-1.0,0.0,0,1,0,0,0,-1
131.893,1.4,0.0,0.000,0.000,0.000,0.00,-1.0,0.0,0,1,0,0,0,-1
131.965,7.2,0.0,0.000,0.000,0.000,0.00,-1.0,0.0,0,1,0,0,0,-1
132.025,12.0,0.0,0.087,0.000,0.034,0.00,-1.0,0.0,0,1,0,0,0,-1
132.076,16.1,0.0,0.221,0.000,0.101,0.00,-1.0,0.0,0,1,0,0,0,-1
132.142,21.4,0.0,0.448,0.000,0.333,0.00,-1.0,0.0,0,1,0,0,0,-1
132.192,25.0,0.0,0.657,0.000,0.517,0.00,-1.0,0.0,0,1,0,0,0,-1
132.243,25.0,0.0,0.704,0.000,0.765,0.00,-1.0,0.0,0,1,0,0,0,-1
132.295,25.0,0.0,0.704,0.000,0.882,0.00,-1.0,0.0,0,1,0,0,0,-1
132.360,25.0,0.0,0.704,0.000,1.009,0.00,-1.0,0.0,0,1,0,0,0,-1
132.426,25.0,0.0,0.704,0.000,1.116,0.00,-1.0,0.0,0,1,0,0,0,-1
132.476,25.0,0.0,0.704,0.000,1.152,0.00,-1.0,0.0,0,1,0,0,0,-1
132.528,25.0,0.0,0.704,0.000,1.190,0.00,-1.0,0.0,0,1,0,0,0,-1
132.593,25.0,0.0,0.704,0.000,1.216,0.00,-1.0,0.0,0,1,0,0,0,-1
132.659,25.0,-2.6,0.704,0.000,1.233,0.00,-1.0,0.0,0,1,0,0,0,-1
132.709,25.0,-6.6,0.704,0.000,1.244,0.00,-1.0,0.0,0,1,0,0,0,-1
132.776,25.0,-12.0,0.704,-0.085,1.252,-1.22,-1.0,0.0,0,1,0,0,0,-1
132.826,25.0,-16.0,0.704,-0.223,1.257,-6.01,-1.0,0.0,0,1,0,0,0,-1
132.878,25.0,-17.2,0.704,-0.384,1.260,-11.55,-1.0,0.0,0,1,0,0,0,-1
132.942,25.0,-12.1,0.704,-0.172,1.263,-15.58,-1.0,0.0,0,1,0,0,0,-1
132.993,25.0,-8.0,0.704,-0.053,1.264,-13.39,-1.0,0.0,0,1,0,0,0,-1
133.043,25.0,-4.0,0.704,0.000,1.265,-9.24,-1.0,0.0,0,1,0,0,0,-1
133.094,25.0,0.0,0.704,0.000,1.266,-7.07,-1.0,0.0,0,1,0,0,0,-1
133.159,25.0,0.0,0.704,0.000,1.267,-4.74,-1.0,0.0,0,1,0,0,0,-1
133.228,25.0,0.0,0.704,0.000,1.267,-2.78,-1.0,0.0,0,1,0,0,0,-1
133.293,25.0,0.0,0.704,0.000,1.267,-1.86,-1.0,0.0,0,1,0,0,0,-1
133.343,25.0,0.0,0.704,0.000,1.268,-1.25,-1.0,0.0,0,1,0,0,0,-1
133.393,25.0,0.0,0.704,0.000,1.268,-0.96,-1.0,0.0,0,1,0,0,0,-1
133.458,25.0,0.0,0.704,0.000,1.268,-0.64,-1.0,0.0,0,1,0,0,0,-1
133.509,25.0,0.0,0.704,0.000,1.268,-0.43,-1.0,0.0,0,1,0,0,0,-1
133.576,25.0,0.0,0.704,0.000,1.268,-0.29,-1.0,0.0,0,1,0,0,0,-1
133.642,25.0,0.0,0.704,0.000,1.268,-0.17,-1.0,0.0,0,1,0,0,0,-1
133.694,25.0,-2.6,0.704,0.000,1.268,-0.13,-1.0,0.0,0,1,0,0,0,-1
133.759,25.0,-7.8,0.704,0.000,1.268,-0.09,-1.0,0.0,0,1,0,0,0,-1
133.810,25.0,-11.9,0.704,-0.080,1.268,-1.60,-1.0,0.0,0,1,0,0,0,-1
133.877,25.0,-17.3,0.704,-0.261,1.268,-6.63,-1.0,0.0,0,1,0,0,0,-1
133.942,25.0,-22.4,0.704,-0.501,1.268,-19.43,-1.0,0.0,0,1,0,0,0,-1
133.994,25.0,-25.0,0.704,-0.704,1.268,-28.37,-1.0,0.0,0,1,0,0,0,-1
134.059,25.0,-25.0,0.704,-0.704,1.268,-39.92,-1.0,0.0,0,1,0,0,0,-1
134.110,25.0,-25.0,0.704,-0.704,1.268,-47.66,-1.0,0.0,0,1,0,0,0,-1
134.160,25.0,-25.0,0.704,-0.704,1.268,-51.34,-1.0,0.0,0,1,0,0,0,-1
134.210,25.0,-25.0,0.704,-0.704,1.268,-55.32,-1.0,0.0,0,1,0,0,0,-1
134.261,25.0,-25.0,0.704,-0.704,1.268,-57.98,-1.0,0.0,0,1,0,0,0,-1
134.327,25.0,-25.0,0.704,-0.704,1.268,-59.76,-1.0,0.0,0,1,0,0,0,-1
134.378,25.0,-25.0,0.704,-0.704,1.268,-60.61,-1.0,0.0,0,1,0,0,0,-1
134.442,25.0,-25.0,0.704,-0.704,1.268,-61.76,-1.0,0.0,0,1,0,0,0,-1
134.493,25.0,-25.0,0.704,-0.704,1.268,-62.15,-1.0,0.0,0,1,0,0,0,-1
134.543,25.0,-25.0,0.704,-0.704,1.268,-62.56,-1.0,0.0,0,1,0,0,0,-1
134.610,25.0,-25.0,0.704,-0.704,1.268,-62.83,-1.0,0.0,0,1,0,0,0,-1
134.677,25.0,-25.0,0.704,-0.704,1.268,-63.02,-1.0,0.0,0,1,0,0,0,-1
134.744,25.0,-25.0,0.704,-0.704,1.268,-63.17,-1.0,0.0,0,1,0,0,0,-1
134.809,25.0,-25.0,0.704,-0.704,1.268,-63.25,-1.0,0.0,0,1,0,0,0,-1
134.860,25.0,-25.0,0.704,-0.704,1.268,-63.30,-1.0,0.0,0,1,0,0,0,-1
134.925,25.0,-19.8,0.704,-0.500,1.268,-59.09,-1.0,0.0,0,1,0,0,0,-1
134.976,22.3,-15.7,0.632,-0.315,1.252,-53.08,-1.0,0.0,0,1,0,0,0,-1
135.027,21.1,-11.7,0.430,-0.162,1.129,-41.68,-1.0,0.0,0,1,0,0,0,-1
135.092,25.0,-6.4,0.704,-0.020,1.126,-29.62,-1.0,0.0,0,1,0,0,0,-1
135.159,25.0,-1.1,0.704,0.000,1.173,-19.88,-1.0,0.0,0,1,0,0,0,-1
135.210,25.0,0.0,0.704,0.000,1.204,-13.32,-1.0,0.0,0,1,0,0,0,-1
135.277,25.0,-1.4,0.704,0.000,1.225,-8.93,-1.0,0.0,0,1,0,0,0,-1
135.343,25.0,-6.7,0.704,0.000,1.243,-5.24,-1.0,0.0,0,1,0,0,0,-1
135.410,25.0,-4.0,0.704,0.000,1.251,-3.78,-1.0,0.0,0,1,0,0,0,-1
135.460,25.0,0.0,0.704,0.000,1.257,-2.53,-1.0,0.0,0,1,0,0,0,-1
135.526,25.0,0.0,0.704,0.000,1.260,-1.70,-1.0,0.0,0,1,0,0,0,-1
135.577,25.0,0.0,0.704,0.000,1.262,-1.30,-1.0,0.0,0,1,0,0,0,-1
135.642,25.0,0.0,0.704,0.000,1.265,-0.76,-1.0,0.0,0,1,0,0,0,-1
135.709,25.0,0.0,0.704,0.000,1.266,-0.51,-1.0,0.0,0,1,0,0,0,-1
135.776,25.0,0.0,0.704,0.000,1.266,-0.34,-1.0,0.0,0,1,0,0,0,-1
135.842,25.0,0.0,0.704,0.000,1.267,-0.20,-1.0,0.0,0,1,0,0,0,-1
135.893,25.0,0.0,0.704,0.000,1.267,-0.15,-1.0,0.0,0,1,0,0,0,-1
135.943,25.0,0.0,0.704,0.000,1.267,-0.10,-1.0,0.0,0,1,0,0,0,-1
136.009,25.0,-5.3,0.704,0.000,1.268,-0.07,-1.0,0.0,0,1,0,0,0,-1
136.076,19.7,-10.6,0.495,-0.051,1.206,-0.66,-1.0,0.0,0,1,0,0,0,-1
136.127,15.6,-14.7,0.311,-0.167,1.025,-4.29,-1.0,0.0,0,1,0,0,0,-1
136.194,10.2,-20.1,0.115,-0.382,0.796,-11.68,-1.0,0.0,0,1,0,0,0,-1
136.245,6.1,-21.3,0.016,-0.584,0.558,-23.34,-1.0,0.0,0,1,0,0,0,-1
136.309,1.0,-16.2,0.000,-0.334,0.374,-27.16,-1.0,0.0,0,1,0,0,0,-1
136.377,0.0,-13.7,0.000,-0.133,0.251,-24.30,-1.0,0.0,0,1,0,0,0,-1
136.442,0.0,-18.9,0.000,-0.337,0.147,-24.11,-1.0,0.0,0,1,0,0,0,-1
136.509,0.0,-24.3,0.000,-0.591,0.099,-31.91,-1.0,0.0,0,1,0,0,0,-1
136.560,0.0,-25.0,0.000,-0.704,0.076,-38.88,-1.0,0.0,0,1,0,0,0,-1
136.626,0.0,-25.0,0.000,-0.704,0.044,-49.01,-1.0,0.0,0,1,0,0,0,-1
136.676,0.0,-25.0,0.000,-0.704,0.034,-52.38,-1.0,0.0,0,1,0,0,0,-1
136.743,0.0,-25.0,0.000,-0.704,0.020,-56.93,-1.0,0.0,0,1,0,0,0,-1
136.809,0.0,-25.0,0.000,-0.704,0.013,-59.06,-1.0,0.0,0,1,0,0,0,-1
136.860,0.0,-25.0,0.000,-0.704,0.010,-60.08,-1.0,0.0,0,1,0,0,0,-1
136.926,0.0,-25.0,0.000,-0.704,0.006,-61.45,-1.0,0.0,0,1,0,0,0,-1
136.993,0.0,-25.0,0.000,-0.704,0.004,-62.09,-1.0,0.0,0,1,0,0,0,-1
137.060,0.0,-25.0,0.000,-0.704,0.002,-62.63,-1.0,0.0,0,1,0,0,0,-1
137.126,0.0,-25.0,0.000,-0.704,0.002,-62.88,-1.0,0.0,0,1,0,0,0,-1
137.192,0.0,-25.0,0.000,-0.704,0.001,-63.05,-1.0,0.0,0,1,0,0,0,-1
137.243,0.0,-25.0,0.000,-0.704,0.001,-63.16,-1.0,0.0,0,1,0,0,0,-1
137.293,0.0,-25.0,0.000,-0.704,0.001,-63.22,-1.0,0.0,0,1,0,0,0,-1
137.359,0.0,-25.0,0.000,-0.704,0.000,-63.28,-1.0,0.0,0,1,0,0,0,-1
137.409,0.0,-25.0,0.000,-0.704,0.000,-63.32,-1.0,0.0,0,1,0,0,0,-1
137.459,0.0,-25.0,0.000,-0.704,0.000,-63.33,-1.0,0.0,0,1,0,0,0,-1
137.510,0.0,-25.0,0.000,-0.704,0.000,-63.35,-1.0,0.0,0,1,0,0,0,-1
137.563,0.0,-25.0,0.000,-0.704,0.000,-63.37,-1.0,0.0,0,1,0,0,0,-1
137.626,0.0,-25.0,0.000,-0.704,0.000,-63.38,-1.0,0.0,0,1,0,0,0,-1
137.676,0.0,-25.0,0.000,-0.704,0.000,-63.38,-1.0,0.0,0,1,0,0,0,-1
137.742,0.0,-25.0,0.000,-0.704,0.000,-63.39,-1.0,0.0,0,1,0,0,0,-1
137.793,0.0,-25.0,0.000,-0.704,0.000,-63.39,-1.0,0.0,0,1,0,0,0,-1
137.859,0.0,-25.0,0.000,-0.704,0.000,-63.39,-1.0,0.0,0,1,0,0,0,-1
137.926,0.0,-25.0,0.000,-0.704,0.000,-63.39,-1.0,0.0,0,1,0,0,0,-1
137.993,4.0,-25.0,0.000,-0.704,0.000,-63.39,-1.0,0.0,0,1,0,0,0,-1
138.043,8.1,-25.0,0.005,-0.704,0.001,-63.39,-1.0,0.0,0,1,0,0,0,-1
138.110,13.4,-21.0,0.125,-0.565,0.055,-61.15,-1.0,0.0,0,1,0,0,0,-1
138.175,18.6,-15.7,0.326,-0.311,0.182,-53.00,-1.0,0.0,0,1,0,0,0,-1
138.227,22.8,-11.6,0.512,-0.159,0.395,-41.39,-1.0,0.0,0,1,0,0,0,-1
138.293,25.0,-6.3,0.704,-0.019,0.662,-29.37,-1.0,0.0,0,1,0,0,0,-1
138.360,25.0,-1.0,0.704,0.000,0.862,-19.70,-1.0,0.0,0,1,0,0,0,-1
138.426,25.0,0.0,0.704,0.000,1.030,-11.56,-1.0,0.0,0,1,0,0,0,-1
138.494,25.0,0.0,0.704,0.000,1.108,-7.75,-1.0,0.0,0,1,0,0,0,-1
138.559,25.0,0.0,0.704,0.000,1.161,-5.19,-1.0,0.0,0,1,0,0,0,-1
138.610,25.0,0.0,0.704,0.000,1.196,-3.48,-1.0,0.0,0,1,0,0,0,-1
138.677,25.0,0.0,0.704,0.000,1.220,-2.33,-1.0,0.0,0,1,0,0,0,-1
138.736,25.0,0.0,0.704,0.000,1.236,-1.56,-1.0,0.0,0,1,0,0,0,-1
138.794,25.0,0.0,0.704,0.000,1.246,-1.05,-1.0,0.0,0,1,0,0,0,-1
138.860,25.0,0.0,0.704,0.000,1.253,-0.70,-1.0,0.0,0,1,0,0,0,-1
138.926,25.0,0.0,0.704,0.000,1.259,-0.41,-1.0,0.0,0,1,0,0,0,-1
138.977,25.0,0.0,0.704,0.000,1.261,-0.32,-1.0,0.0,0,1,0,0,0,-1
139.042,25.0,0.0,0.704,0.000,1.264,-0.19,-1.0,0.0,0,1,0,0,0,-1
139.109,25.0,0.0,0.704,0.000,1.265,-0.12,-1.0,0.0,0,1,0,0,0,-1
139.160,25.0,0.0,0.704,0.000,1.266,-0.10,-1.0,0.0,0,1,0,0,0,-1
139.228,25.0,0.0,0.704,0.000,1.267,-0.06,-1.0,0.0,0,1,0,0,0,-1
139.292,25.0,0.0,0.704,0.000,1.267,-0.04,-1.0,0.0,0,1,0,0,0,-1
139.343,25.0,0.0,0.704,0.000,1.267,-0.03,-1.0,0.0,0,1,0,0,0,-1
139.409,25.0,0.0,0.704,0.000,1.268,-0.02,-1.0,0.0,0,1,0,0,0,-1
139.459,25.0,0.0,0.704,0.000,1.268,-0.01,-1.0,0.0,0,1,0,0,0,-1
139.509,25.0,0.0,0.704,0.000,1.268,-0.01,-1.0,0.0,0,1,0,0,0,-1
139.559,25.0,0.0,0.704,0.000,1.268,-0.01,-1.0,0.0,0,1,0,0,0,-1
139.609,25.0,0.0,0.704,0.000,1.268,0.00,-1.0,0.0,0,1,0,0,0,-1
139.677,25.0,0.0,0.704,0.000,1.268,0.00,-1.0,0.0,0,1,0,0,0,-1
139.744,25.0,0.0,0.704,0.000,1.268,0.00,-1.0,0.0,0,1,0,0,0,-1
139.809,25.0,0.0,0.704,0.000,1.268,0.00,-1.0,0.0,0,1,0,0,0,-1
139.860,25.0,0.0,0.704,0.000,1.268,0.00,-1.0,0.0,0,1,0,0,0,-1
139.911,25.0,0.0,0.704,0.000,1.268,0.00,-1.0,0.0,0,1,0,0,0,-1
139.976,25.0,0.0,0.704,0.000,1.268,0.00,-1.0,0.0,0,1,0,0,0,-1
140.043,25.0,0.0,0.704,0.000,1.268,0.00,-1.0,0.0,0,1,0,0,0,-1
140.093,25.0,0.0,0.704,0.000,1.268,0.00,-1.0,0.0,0,1,0,0,0,-1
140.145,23.6,0.0,0.704,0.000,1.268,0.00,-1.0,0.0,0,1,0,0,0,-1
140.209,18.5,0.0,0.429,0.000,1.142,0.00,-1.0,0.0,0,1,0,0,0,-1
140.259,14.5,0.0,0.317,0.000,1.020,0.00,-1.0,0.0,0,1,0,0,0,-1
140.311,10.3,0.0,0.120,0.000,0.778,0.00,-1.0,0.0,0,1,0,0,0,-1
140.379,4.9,0.0,0.003,0.000,0.545,0.00,-1.0,0.0,0,1,0,0,0,-1
140.442,0.0,0.0,0.000,0.000,0.319,0.00,-1.0,0.0,0,1,0,0,0,-1
140.492,0.0,0.0,0.000,0.000,0.245,0.00,-1.0,0.0,0,1,0,0,0,-1
140.543,0.0,0.0,0.000,0.000,0.164,0.00,-1.0,0.0,0,1,0,0,0,-1
140.610,0.0,0.0,0.000,0.000,0.110,0.00,-1.0,0.0,0,1,0,0,0,-1
140.676,0.0,0.0,0.000,0.000,0.074,0.00,-1.0,0.0,0,1,0,0,0,-1
140.726,0.0,0.0,0.000,0.000,0.049,0.00,-1.0,0.0,0,1,0,0,0,-1
140.776,0.0,0.0,0.000,0.000,0.038,0.00,-1.0,0.0,0,1,0,0,0,-1
140.826,0.0,0.0,0.000,0.000,0.025,0.00,-1.0,0.0,0,1,0,0,0,-1
140.893,0.0,0.0,0.000,0.000,0.017,0.00,-1.0,0.0,0,1,0,0,0,-1
140.960,0.0,0.0,0.000,0.000,0.011,0.00,-1.0,0.0,0,1,0,0,0,-1
141.026,0.0,0.0,0.000,0.000,0.007,0.00,-1.0,0.0,0,1,0,0,0,-1
141.076,0.0,0.0,0.000,0.000,0.005,0.00,-1.0,0.0,0,1,0,0,0,-1
141.127,0.0,0.0,0.000,0.000,0.003,0.00,-1.0,0.0,0,1,0,0,0,-1
141.193,0.0,0.0,0.000,0.000,0.002,0.00,-1.0,0.0,0,1,0,0,0,-1
141.259,0.0,0.0,0.000,0.000,0.002,0.00,-1.0,0.0,0,1,0,0,0,-1
141.309,0.0,0.0,0.000,0.000,0.001,0.00,-1.0,0.0,0,1,0,0,0,-1
141.360,0.0,0.0,0.000,0.000,0.001,0.00,-1.0,0.0,0,1,0,0,0,-1
141.426,0.0,0.0,0.000,0.000,0.000,0.00,-1.0,0.0,0,1,0,0,0,-1
141.493,0.0,0.0,0.000,0.000,0.000,0.00,-1.0,0.0,0,1,0,0,0,-1
141.543,0.0,0.0,0.000,0.000,0.000,0.00,-1.0,0.0,0,1,0,0,0,-1
141.609,0.0,0.0,0.000,0.000,0.000,0.00,-1.0,0.0,0,1,0,0,0,-1
141.660,0.0,0.0,0.000,0.000,0.000,0.00,-1.0,0.0,0,1,0,0,0,-1
141.710,0.0,0.0,0.000,0.000,0.000,0.00,-1.0,0.0,0,1,0,0,0,-1
141.760,0.0,0.0,0.000,0.000,0.000,0.00,-1.0,0.0,0,1,0,0,0,-1
141.826,0.0,0.0,0.000,0.000,0.000,0.00,-1.0,0.0,0,1,0,0,0,-1
141.893,0.0,0.0,0.000,0.000,0.000,0.00,-1.0,0.0,0,1,0,0,0,-1
141.943,0.0,0.0,0.000,0.000,0.000,0.00,-1.0,0.0,0,1,0,0,0,-1
142.010,0.0,0.0,0.000,0.000,0.000,0.00,-1.0,0.0,0,1,0,0,0,-1
142.076,0.0,0.0,0.000,0.000,0.000,0.00,-1.0,0.0,0,1,0,0,0,-1
142.126,0.0,0.0,0.000,0.000,0.000,0.00,-1.0,0.0,0,1,0,0,0,-1
142.176,0.0,0.0,0.000,0.000,0.000,0.00,-1.0,0.0,0,1,0,0,0,-1
142.243,0.0,0.0,0.000,0.000,0.000,0.00,-1.0,0.0,0,1,0,0,0,-1
142.309,0.0,0.0,0.000,0.000,0.000,0.00,-1.0,0.0,0,1,0,0,0,-1
142.360,0.0,0.0,0.000,0.000,0.000,0.00,-1.0,0.0,0,1,0,0,0,-1
142.426,0.0,0.0,0.000,0.000,0.000,0.00,-1.0,0.0,0,1,0,0,0,-1
142.493,0.0,0.0,0.000,0.000,0.000,0.00,-1.0,0.0,0,1,0,0,0,-1
142.560,0.0,0.0,0.000,0.000,0.000,0.00,-1.0,0.0,0,1,0,0,0,-1
142.627,0.0,0.0,0.000,0.000,0.000,0.00,-1.0,0.0,0,1,0,0,0,-1
142.693,0.0,0.0,0.000,0.000,0.000,0.00,-1.0,0.0,0,1,0,0,0,-1
142.759,0.0,0.0,0.000,0.000,0.000,0.00,-1.0,0.0,0,1,0,0,0,-1
142.810,0.0,0.0,0.000,0.000,0.000,0.00,-1.0,0.0,0,1,0,0,0,-1
142.878,0.0,0.0,0.000,0.000,0.000,0.00,-1.0,0.0,0,1,0,0,0,-1
142.943,0.0,0.0,0.000,0.000,0.000,0.00,-1.0,0.0,0,1,0,0,0,-1
143.009,0.0,0.0,0.000,0.000,0.000,0.00,-1.0,0.0,0,1,0,0,0,-1
143.077,0.0,0.0,0.000,0.000,0.000,0.00,-1.0,0.0,0,1,0,0,0,-1
143.142,0.0,0.0,0.000,0.000,0.000,0.00,-1.0,0.0,0,1,0,0,0,-1
143.193,0.0,0.0,0.000,0.000,0.000,0.00,-1.0,0.0,0,1,0,0,0,-1
143.260,0.0,0.0,0.000,0.000,0.000,0.00,-1.0,0.0,0,1,0,0,0,-1
143.327,0.0,0.0,0.000,0.000,0.000,0.00,-1.0,0.0,0,1,0,0,0,-1
143.393,0.0,0.0,0.000,0.000,0.000,0.00,-1.0,0.0,0,1,0,0,0,-1
143.460,0.0,0.0,0.000,0.000,0.000,0.00,-1.0,0.0,0,1,0,0,0,-1
143.510,0.0,0.0,0.000,0.000,0.000,0.00,-1.0,0.0,0,1,0,0,0,-1
143.576,0.0,0.0,0.000,0.000,0.000,0.00,-1.0,0.0,0,1,0,0,0,-1
143.626,0.0,0.0,0.000,0.000,0.000,0.00,-1.0,0.0,0,1,0,0,0,-1
143.676,0.0,0.0,0.000,0.000,0.000,0.00,-1.0,0.0,0,1,0,0,0,-1
143.743,0.0,0.0,0.000,0.000,0.000,0.00,-1.0,0.0,0,1,0,0,0,-1
143.810,0.0,0.0,0.000,0.000,0.000,0.00,-1.0,0.0,0,1,0,0,0,-1
143.875,0.0,0.0,0.000,0.000,0.000,0.00,-1.0,0.0,0,1,0,0,0,-1
143.927,0.0,0.0,0.000,0.000,0.000,0.00,-1.0,0.0,0,1,0,0,0,-1
143.993,0.0,0.0,0.000,0.000,0.000,0.00,-1.0,0.0,0,1,0,0,0,-1
144.060,0.0,0.0,0.000,0.000,0.000,0.00,-1.0,0.0,0,1,0,0,0,-1
144.111,0.0,0.0,0.000,0.000,0.000,0.00,-1.0,0.0,0,1,0,0,0,-1
144.176,0.0,0.0,0.000,0.000,0.000,0.00,-1.0,0.0,0,1,0,0,0,-1
144.243,0.0,0.0,0.000,0.000,0.000,0.00,-1.0,0.0,0,1,0,0,0,-1
144.309,0.0,0.0,0.000,0.000,0.000,0.00,-1.0,0.0,0,1,0,0,0,-1
144.360,0.0,0.0,0.000,0.000,0.000,0.00,-1.0,0.0,0,1,0,0,0,-1
144.426,0.0,0.0,0.000,0.000,0.000,0.00,-1.0,0.0,0,1,0,0,0,-1
144.492,0.0,0.0,0.000,0.000,0.000,0.00,-1.0,0.0,0,1,0,0,0,-1
144.543,0.0,0.0,0.000,0.000,0.000,0.00,-1.0,0.0,0,1,0,0,0,-1
144.594,0.0,0.0,0.000,0.000,0.000,0.00,-1.0,0.0,0,1,0,0,0,-1
144.660,0.0,0.0,0.000,0.000,0.000,0.00,-1.0,0.0,0,1,0,0,0,-1
144.710,0.0,0.0,0.000,0.000,0.000,0.00,-1.0,0.0,0,1,0,0,0,-1
144.776,0.0,0.0,0.000,0.000,0.000,0.00,-1.0,0.0,0,1,0,0,0,-1
144.826,0.0,0.0,0.000,0.000,0.000,0.00,-1.0,0.0,0,1,0,0,0,-1
144.893,0.0,0.0,0.000,0.000,0.000,0.00,-1.0,0.0,0,1,0,0,0,-1
144.943,0.0,0.0,0.000,0.000,0.000,0.00,-1.0,0.0,0,1,0,0,0,-1
144.993,0.0,0.0,0.000,0.000,0.000,0.00,-1.0,0.0,0,1,0,0,0,-1
145.061,0.0,0.0,0.000,0.000,0.000,0.00,-1.0,0.0,0,1,0,0,0,-1
145.126,0.0,0.0,0.000,0.000,0.000,0.00,-1.0,0.0,0,1,0,0,0,-1
145.193,0.0,0.0,0.000,0.000,0.000,0.00,-1.0,0.0,0,1,0,0,0,-1
145.259,0.0,0.0,0.000,0.000,0.000,0.00,-1.0,0.0,0,1,0,0,0,-1
145.327,0.0,0.0,0.000,0.000,0.000,0.00,-1.0,0.0,0,1,0,0,0,-1
145.393,0.0,0.0,0.000,0.000,0.000,0.00,-1.0,0.0,0,1,0,0,0,-1
145.443,0.0,0.0,0.000,0.000,0.000,0.00,-1.0,0.0,0,1,0,0,0,-1
145.493,0.0,0.0,0.000,0.000,0.000,0.00,-1.0,0.0,0,1,0,0,0,-1
145.560,0.0,0.0,0.000,0.000,0.000,0.00,-1.0,0.0,0,1,0,0,0,-1
145.610,0.0,0.0,0.000,0.000,0.000,0.00,-1.0,0.0,0,1,0,0,0,-1
145.677,0.0,0.0,0.000,0.000,0.000,0.00,-1.0,0.0,0,1,0,0,0,-1
145.743,0.0,0.0,0.000,0.000,0.000,0.00,-1.0,0.0,0,1,0,0,0,-1
145.809,0.0,0.0,0.000,0.000,0.000,0.00,-1.0,0.0,0,1,0,0,0,-1
145.860,0.0,0.0,0.000,0.000,0.000,0.00,-1.0,0.0,0,1,0,0,0,-1
145.926,0.0,0.0,0.000,0.000,0.000,0.00,-1.0,0.0,0,1,0,0,0,-1
145.976,0.0,0.0,0.000,0.000,0.000,0.00,-1.0,0.0,0,1,0,0,0,-1
146.043,0.0,0.0,0.000,0.000,0.000,0.00,-1.0,0.0,0,1,0,0,0,-1
146.110,0.0,0.0,0.000,0.000,0.000,0.00,-1.0,0.0,0,1,0,0,0,-1
146.160,0.0,0.0,0.000,0.000,0.000,0.00,-1.0,0.0,0,1,0,0,0,-1
146.226,0.0,0.0,0.000,0.000,0.000,0.00,-1.0,0.0,0,1,0,0,0,-1
146.276,0.0,0.0,0.000,0.000,0.000,0.00,-1.0,0.0,0,1,0,0,0,-1
146.344,0.0,0.0,0.000,0.000,0.000,0.00,-1.0,0.0,0,1,0,0,0,-1
146.409,0.0,0.0,0.000,0.000,0.000,0.00,-1.0,0.0,0,1,0,0,0,-1
146.477,0.0,0.0,0.000,0.000,0.000,0.00,-1.0,0.0,0,1,0,0,0,-1
146.543,0.0,0.0,0.000,0.000,0.000,0.00,-1.0,0.0,0,1,0,0,0,-1
146.593,0.0,0.0,0.000,0.000,0.000,0.00,-1.0,0.0,0,1,0,0,0,-1
146.644,0.0,0.0,0.000,0.000,0.000,0.00,-1.0,0.0,0,1,0,0,0,-1
146.710,0.0,0.0,0.000,0.000,0.000,0.00,-1.0,0.0,0,1,0,0,0,-1
146.776,0.0,0.0,0.000,0.000,0.000,0.00,-1.0,0.0,0,1,0,0,0,-1
146.827,0.0,0.0,0.000,0.000,0.000,0.00,-1.0,0.0,0,1,0,0,0,-1
146.893,0.0,0.0,0.000,0.000,0.000,0.00,-1.0,0.0,0,1,0,0,0,-1
146.944,0.0,0.0,0.000,0.000,0.000,0.00,-1.0,0.0,0,1,0,0,0,-1
147.009,0.0,0.0,0.000,0.000,0.000,0.00,-1.0,0.0,0,1,0,0,0,-1
147.077,0.0,0.0,0.000,0.000,0.000,0.00,-1.0,0.0,0,1,0,0,0,-1
147.143,0.0,0.0,0.000,0.000,0.000,0.00,-1.0,0.0,0,1,0,0,0,-1
147.210,0.0,0.0,0.000,0.000,0.000,0.00,-1.0,0.0,0,1,0,0,0,-1
147.276,0.0,0.0,0.000,0.000,0.000,0.00,-1.0,0.0,0,1,0,0,0,-1
147.342,0.0,0.0,0.000,0.000,0.000,0.00,-1.0,0.0,0,1,0,0,0,-1
147.393,0.0,0.0,0.000,0.000,0.000,0.00,-1.0,0.0,0,1,0,0,0,-1
147.460,0.0,0.0,0.000,0.000,0.000,0.00,-1.0,0.0,0,1,0,0,0,-1
147.527,0.0,0.0,0.000,0.000,0.000,0.00,-1.0,0.0,0,1,0,0,0,-1
147.577,0.0,0.0,0.000,0.000,0.000,0.00,-1.0,0.0,0,1,0,0,0,-1
147.643,0.0,0.0,0.000,0.000,0.000,0.00,-1.0,0.0,0,1,0,0,0,-1
147.694,0.0,0.0,0.000,0.000,0.000,0.00,-1.0,0.0,0,1,0,0,0,-1
147.764,0.0,0.0,0.000,0.000,0.000,0.00,-1.0,0.0,0,1,0,0,0,-1
147.826,0.0,0.0,0.000,0.000,0.000,0.00,-1.0,0.0,0,1,0,0,0,-1
147.877,0.0,0.0,0.000,0.000,0.000,0.00,-1.0,0.0,0,1,0,0,0,-1
147.943,0.0,0.0,0.000,0.000,0.000,0.00,-1.0,0.0,0,1,0,0,0,-1
148.009,0.0,0.0,0.000,0.000,0.000,0.00,-1.0,0.0,0,1,0,0,0,-1
148.060,0.0,0.0,0.000,0.000,0.000,0.00,-1.0,0.0,0,1,0,0,0,-1
148.111,0.0,0.0,0.000,0.000,0.000,0.00,-1.0,0.0,0,1,0,0,0,-1
148.175,0.0,0.0,0.000,0.000,0.000,0.00,-1.0,0.0,0,1,0,0,0,-1
148.226,0.0,0.0,0.000,0.000,0.000,0.00,-1.0,0.0,0,1,0,0,0,-1
148.276,0.0,0.0,0.000,0.000,0.000,0.00,-1.0,0.0,0,1,0,0,0,-1
148.343,0.0,0.0,0.000,0.000,0.000,0.00,-1.0,0.0,0,1,0,0,0,-1
148.395,0.0,0.0,0.000,0.000,0.000,0.00,-1.0,0.0,0,1,0,0,0,-1
148.459,0.0,0.0,0.000,0.000,0.000,0.00,-1.0,0.0,0,1,0,0,0,-1
148.511,0.0,0.0,0.000,0.000,0.000,0.00,-1.0,0.0,0,1,0,0,0,-1
148.576,0.0,0.0,0.000,0.000,0.000,0.00,-1.0,0.0,0,1,0,0,0,-1
148.643,0.0,0.0,0.000,0.000,0.000,0.00,-1.0,0.0,0,1,0,0,0,-1
148.693,0.0,0.0,0.000,0.000,0.000,0.00,-1.0,0.0,0,1,0,0,0,-1
148.760,0.0,0.0,0.000,0.000,0.000,0.00,-1.0,0.0,0,1,0,0,0,-1
148.827,0.0,0.0,0.000,0.000,0.000,0.00,-1.0,0.0,0,1,0,0,0,-1
148.878,0.0,0.0,0.000,0.000,0.000,0.00,-1.0,0.0,0,1,0,0,0,-1
148.943,0.0,0.0,0.000,0.000,0.000,0.00,-1.0,0.0,0,1,0,0,0,-1
148.993,0.0,0.0,0.000,0.000,0.000,0.00,-1.0,0.0,0,1,0,0,0,-1
149.061,0.0,0.0,0.000,0.000,0.000,0.00,-1.0,0.0,0,1,0,0,0,-1
149.126,0.0,0.0,0.000,0.000,0.000,0.00,-1.0,0.0,0,1,0,0,0,-1
149.177,0.0,0.0,0.000,0.000,0.000,0.00,-1.0,0.0,0,1,0,0,0,-1
149.243,0.0,0.0,0.000,0.000,0.000,0.00,-1.0,0.0,0,1,0,0,0,-1
149.309,0.0,0.0,0.000,0.000,0.000,0.00,-1.0,0.0,0,1,0,0,0,-1
149.383,0.0,0.0,0.000,0.000,0.000,0.00,-1.0,0.0,0,1,0,0,0,-1
149.443,0.0,0.0,0.000,0.000,0.000,0.00,-1.0,0.0,0,1,0,0,0,-1
