t_s,pitch_deg,roll_deg,cmd_lineal,cmd_angular,v_ms,w_degs,rtt_ms,periodo_trama_ms,conectado,teclado,boton_agarre,boton_adelante,boton_atras,bateria,joystick_y,joystick_x
0.072,0.0,0.0,0.000,0.000,0.000,0.00,-1.0,0.0,0,1,0,0,0,-1,0.00,0.00
0.165,0.0,0.0,0.000,0.000,0.000,0.00,-1.0,0.0,0,1,0,0,0,-1,0.00,0.00
0.231,0.0,0.0,0.000,0.000,0.000,0.00,-1.0,0.0,0,1,0,0,0,-1,0.00,0.00
0.287,0.0,0.0,0.000,0.000,0.000,0.00,-1.0,0.0,0,1,0,0,0,-1,0.00,0.00
0.352,0.0,0.0,0.000,0.000,0.000,0.00,-1.0,0.0,0,1,0,0,0,-1,0.00,0.00
0.416,0.0,0.0,0.000,0.000,0.000,0.00,-1.0,0.0,0,1,0,0,0,-1,0.00,0.00
0.483,0.0,0.0,0.000,0.000,0.000,0.00,-1.0,0.0,0,1,0,0,0,-1,0.00,0.00
0.549,0.0,0.0,0.000,0.000,0.000,0.00,-1.0,0.0,0,1,0,0,0,-1,0.00,0.00
0.638,0.0,0.0,0.000,0.000,0.000,0.00,-1.0,0.0,0,1,0,0,0,-1,0.00,0.00
0.697,0.0,0.0,0.000,0.000,0.000,0.00,-1.0,0.0,0,1,0,0,0,-1,0.00,0.00
0.762,0.0,0.0,0.000,0.000,0.000,0.00,-1.0,0.0,0,1,0,0,0,-1,0.00,0.00
0.829,0.0,0.0,0.000,0.000,0.000,0.00,-1.0,0.0,0,1,0,0,0,-1,0.00,0.00
0.895,0.0,0.0,0.000,0.000,0.000,0.00,-1.0,0.0,0,1,0,0,0,-1,0.00,0.00
0.960,0.0,0.0,0.000,0.000,0.000,0.00,-1.0,0.0,0,1,0,0,0,-1,0.00,0.00
1.010,0.0,0.0,0.000,0.000,0.000,0.00,-1.0,0.0,0,1,0,0,0,-1,0.00,0.00
1.062,0.0,0.0,0.000,0.000,0.000,0.00,-1.0,0.0,0,1,0,0,0,-1,0.00,0.00
1.124,0.0,0.0,0.000,0.000,0.000,0.00,-1.0,0.0,0,1,0,0,0,-1,0.00,0.00
1.178,0.0,0.0,0.000,0.000,0.000,0.00,-1.0,0.0,0,1,0,0,0,-1,0.00,0.00
1.275,0.0,0.0,0.000,0.000,0.000,0.00,-1.0,0.0,0,1,0,0,0,-1,0.00,0.00
1.350,0.0,0.0,0.000,0.000,0.000,0.00,-1.0,0.0,0,1,0,0,0,-1,0.00,0.00
1.413,0.0,0.0,0.000,0.000,0.000,0.00,-1.0,0.0,0,1,0,0,0,-1,0.00,0.00
1.480,0.0,0.0,0.000,0.000,0.000,0.00,-1.0,0.0,0,1,0,0,0,-1,0.00,0.00
1.662,12.1,0.0,0.000,0.000,0.000,0.00,-1.0,0.0,0,1,0,0,0,-1,0.00,0.00
1.728,17.4,0.0,0.128,0.000,0.076,0.00,-1.0,0.0,0,1,0,0,0,-1,0.00,0.00
1.784,21.8,0.0,0.412,0.000,0.281,0.00,-1.0,0.0,0,1,0,0,0,-1,0.00,0.00
1.837,25.0,0.0,0.679,0.000,0.473,0.00,-1.0,0.0,0,1,0,0,0,-1,0.00,0.00
1.903,25.0,0.0,0.704,0.000,0.801,0.00,-1.0,0.0,0,1,0,0,0,-1,0.00,0.00
1.974,25.0,0.0,0.704,0.000,0.955,0.00,-1.0,0.0,0,1,0,0,0,-1,0.00,0.00
2.046,25.0,0.0,0.704,0.000,1.084,0.00,-1.0,0.0,0,1,0,0,0,-1,0.00,0.00
2.097,25.0,0.0,0.704,0.000,1.127,0.00,-1.0,0.0,0,1,0,0,0,-1,0.00,0.00
2.149,25.0,0.0,0.704,0.000,1.174,0.00,-1.0,0.0,0,1,0,0,0,-1,0.00,0.00
2.201,25.0,0.0,0.704,0.000,1.205,0.00,-1.0,0.0,0,1,0,0,0,-1,0.00,0.00
2.255,25.0,0.0,0.704,0.000,1.220,0.00,-1.0,0.0,0,1,0,0,0,-1,0.00,0.00
2.312,25.0,0.0,0.704,0.000,1.235,0.00,-1.0,0.0,0,1,0,0,0,-1,0.00,0.00
2.387,25.0,0.0,0.704,0.000,1.249,0.00,-1.0,0.0,0,1,0,0,0,-1,0.00,0.00
2.439,25.0,0.0,0.704,0.000,1.253,0.00,-1.0,0.0,0,1,0,0,0,-1,0.00,0.00
2.490,25.0,0.0,0.704,0.000,1.258,0.00,-1.0,0.0,0,1,0,0,0,-1,0.00,0.00
2.549,25.0,0.0,0.704,0.000,1.261,0.00,-1.0,0.0,0,1,0,0,0,-1,0.00,0.00
2.617,25.0,0.0,0.704,0.000,1.264,0.00,-1.0,0.0,0,1,0,0,0,-1,0.00,0.00
2.695,25.0,0.0,0.704,0.000,1.265,0.00,-1.0,0.0,0,1,0,0,0,-1,0.00,0.00
2.752,25.0,0.0,0.704,0.000,1.266,0.00,-1.0,0.0,0,1,0,0,0,-1,0.00,0.00
2.839,25.0,0.0,0.704,0.000,1.267,0.00,-1.0,0.0,0,1,0,0,0,-1,0.00,0.00
2.954,25.0,0.0,0.704,0.000,1.267,0.00,-1.0,0.0,0,1,0,0,0,-1,0.00,0.00
3.046,25.0,0.0,0.704,0.000,1.268,0.00,-1.0,0.0,0,1,0,0,0,-1,0.00,0.00
3.097,25.0,0.0,0.704,0.000,1.268,0.00,-1.0,0.0,0,1,0,0,0,-1,0.00,0.00
3.151,25.0,0.0,0.704,0.000,1.268,0.00,-1.0,0.0,0,1,0,0,0,-1,0.00,0.00
3.212,25.0,0.0,0.704,0.000,1.268,0.00,-1.0,0.0,0,1,0,0,0,-1,0.00,0.00
3.263,25.0,0.0,0.704,0.000,1.268,0.00,-1.0,0.0,0,1,0,0,0,-1,0.00,0.00
3.330,25.0,0.0,0.704,0.000,1.268,0.00,-1.0,0.0,0,1,0,0,0,-1,0.00,0.00
3.393,25.0,0.0,0.704,0.000,1.268,0.00,-1.0,0.0,0,1,0,0,0,-1,0.00,0.00
3.449,23.6,0.0,0.704,0.000,1.268,0.00,-1.0,0.0,0,1,0,0,0,-1,0.00,0.00
3.514,18.3,0.0,0.427,0.000,1.162,0.00,-1.0,0.0,0,1,0,0,0,-1,0.00,0.00
3.581,13.0,0.0,0.205,0.000,0.887,0.00,-1.0,0.0,0,1,0,0,0,-1,0.00,0.00
3.647,7.7,0.0,0.045,0.000,0.640,0.00,-1.0,0.0,0,1,0,0,0,-1,0.00,0.00
3.697,3.7,0.0,0.002,0.000,0.494,0.00,-1.0,0.0,0,1,0,0,0,-1,0.00,0.00
3.749,0.0,0.0,0.000,0.000,0.331,0.00,-1.0,0.0,0,1,0,0,0,-1,0.00,0.00
3.814,0.0,0.0,0.000,0.000,0.222,0.00,-1.0,0.0,0,1,0,0,0,-1,0.00,0.00
3.865,0.0,0.0,0.000,0.000,0.149,0.00,-1.0,0.0,0,1,0,0,0,-1,0.00,0.00
3.915,0.0,0.0,0.000,0.000,0.114,0.00,-1.0,0.0,0,1,0,0,0,-1,0.00,0.00
3.981,0.0,0.0,0.000,0.000,0.067,0.00,-1.0,0.0,0,1,0,0,0,-1,0.00,0.00
4.032,0.0,0.0,0.000,0.000,0.051,0.00,-1.0,0.0,0,1,0,0,0,-1,0.00,0.00
4.098,0.0,0.0,0.000,0.000,0.034,0.00,-1.0,0.0,0,1,0,0,0,-1,0.00,0.00
4.163,0.0,0.0,0.000,0.000,0.020,0.00,-1.0,0.0,0,1,0,0,0,-1,0.00,0.00
4.216,0.0,0.0,0.000,0.000,0.015,0.00,-1.0,0.0,0,1,0,0,0,-1,0.00,0.00
4.281,0.0,0.0,0.000,0.000,0.009,0.00,-1.0,0.0,0,1,0,0,0,-1,0.00,0.00
4.347,-5.3,0.0,0.000,0.000,0.006,0.00,-1.0,0.0,0,1,0,0,0,-1,0.00,0.00
4.399,-9.5,0.0,-0.004,0.000,0.004,0.00,-1.0,0.0,0,1,0,0,0,-1,0.00,0.00
4.450,-13.5,0.0,-0.128,0.000,-0.053,0.00,-1.0,0.0,0,1,0,0,0,-1,0.00,0.00
4.515,-18.8,0.0,-0.324,0.000,-0.181,0.00,-1.0,0.0,0,1,0,0,0,-1,0.00,0.00
4.580,-24.0,0.0,-0.579,0.000,-0.473,0.00,-1.0,0.0,0,1,0,0,0,-1,0.00,0.00
4.632,-25.0,0.0,-0.704,0.000,-0.659,0.00,-1.0,0.0,0,1,0,0,0,-1,0.00,0.00
4.683,-25.0,0.0,-0.704,0.000,-0.860,0.00,-1.0,0.0,0,1,0,0,0,-1,0.00,0.00
4.748,-25.0,0.0,-0.704,0.000,-0.994,0.00,-1.0,0.0,0,1,0,0,0,-1,0.00,0.00
4.799,-25.0,0.0,-0.704,0.000,-1.058,0.00,-1.0,0.0,0,1,0,0,0,-1,0.00,0.00
4.865,-25.0,0.0,-0.704,0.000,-1.145,0.00,-1.0,0.0,0,1,0,0,0,-1,0.00,0.00
4.933,-25.0,0.0,-0.704,0.000,-1.185,0.00,-1.0,0.0,0,1,0,0,0,-1,0.00,0.00
4.999,-25.0,0.0,-0.704,0.000,-1.213,0.00,-1.0,0.0,0,1,0,0,0,-1,0.00,0.00
5.065,-25.0,0.0,-0.704,0.000,-1.235,0.00,-1.0,0.0,0,1,0,0,0,-1,0.00,0.00
5.130,-25.0,0.0,-0.704,0.000,-1.246,0.00,-1.0,0.0,0,1,0,0,0,-1,0.00,0.00
5.182,-23.5,0.0,-0.704,0.000,-1.253,0.00,-1.0,0.0,0,1,0,0,0,-1,0.00,0.00
5.248,-18.3,0.0,-0.428,0.000,-1.128,0.00,-1.0,0.0,0,1,0,0,0,-1,0.00,0.00
5.299,-14.2,0.0,-0.304,0.000,-1.004,0.00,-1.0,0.0,0,1,0,0,0,-1,0.00,0.00
5.364,-9.0,0.0,-0.077,0.000,-0.686,0.00,-1.0,0.0,0,1,0,0,0,-1,0.00,0.00
5.414,-5.0,0.0,-0.002,0.000,-0.535,0.00,-1.0,0.0,0,1,0,0,0,-1,0.00,0.00
5.464,-1.0,-2.7,0.000,0.000,-0.358,0.00,-1.0,0.0,0,1,0,0,0,-1,0.00,0.00
5.531,0.0,-8.0,0.000,-0.004,-0.240,-0.05,-1.0,0.0,0,1,0,0,0,-1,0.00,0.00
5.582,0.0,-12.1,0.000,-0.086,-0.161,-1.71,-1.0,0.0,0,1,0,0,0,-1,0.00,0.00
5.647,0.0,-17.3,0.000,-0.270,-0.108,-7.82,-1.0,0.0,0,1,0,0,0,-1,0.00,0.00
5.697,2.5,-21.3,0.000,-0.392,-0.083,-13.58,-1.0,0.0,0,1,0,0,0,-1,0.00,0.00
5.748,6.5,-25.0,0.000,-0.654,-0.055,-26.59,-1.0,0.0,0,1,0,0,0,-1,0.00,0.00
5.798,10.5,-25.0,0.020,-0.704,-0.037,-35.21,-1.0,0.0,0,1,0,0,0,-1,0.00,0.00
5.864,15.8,-25.0,0.211,-0.704,0.091,-46.86,-1.0,0.0,0,1,0,0,0,-1,0.00,0.00
5.932,21.3,-25.0,0.436,-0.704,0.278,-52.31,-1.0,0.0,0,1,0,0,0,-1,0.00,0.00
5.997,25.0,-25.0,0.651,-0.704,0.532,-55.96,-1.0,0.0,0,1,0,0,0,-1,0.00,0.00
6.049,25.0,-25.0,0.704,-0.704,0.774,-58.41,-1.0,0.0,0,1,0,0,0,-1,0.00,0.00
6.114,25.0,-25.0,0.704,-0.704,0.937,-60.06,-1.0,0.0,0,1,0,0,0,-1,0.00,0.00
6.166,25.0,-25.0,0.704,-0.704,1.046,-61.16,-1.0,0.0,0,1,0,0,0,-1,0.00,0.00
6.232,25.0,-25.0,0.704,-0.704,1.119,-61.90,-1.0,0.0,0,1,0,0,0,-1,0.00,0.00
6.298,25.0,-25.0,0.704,-0.704,1.168,-62.39,-1.0,0.0,0,1,0,0,0,-1,0.00,0.00
6.348,25.0,-25.0,0.704,-0.704,1.201,-62.72,-1.0,0.0,0,1,0,0,0,-1,0.00,0.00
6.414,25.0,-25.0,0.704,-0.704,1.223,-62.94,-1.0,0.0,0,1,0,0,0,-1,0.00,0.00
6.465,25.0,-25.0,0.704,-0.704,1.238,-63.09,-1.0,0.0,0,1,0,0,0,-1,0.00,0.00
6.532,25.0,-25.0,0.704,-0.704,1.248,-63.19,-1.0,0.0,0,1,0,0,0,-1,0.00,0.00
6.599,25.0,-23.5,0.704,-0.704,1.254,-63.26,-1.0,0.0,0,1,0,0,0,-1,0.00,0.00
6.665,20.9,-18.3,0.562,-0.430,1.214,-56.31,-1.0,0.0,0,1,0,0,0,-1,0.00,0.00
6.731,15.7,-13.0,0.311,-0.205,1.041,-45.71,-1.0,0.0,0,1,0,0,0,-1,0.00,0.00
6.797,10.4,-7.7,0.160,-0.078,0.818,-34.00,-1.0,0.0,0,1,0,0,0,-1,0.00,0.00
6.847,6.4,-3.7,0.018,0.000,0.575,-22.97,-1.0,0.0,0,1,0,0,0,-1,0.00,0.00
6.898,2.3,0.0,0.000,0.000,0.441,-17.59,-1.0,0.0,0,1,0,0,0,-1,0.00,0.00
6.965,0.0,0.0,0.000,0.000,0.258,-10.32,-1.0,0.0,0,1,0,0,0,-1,0.00,0.00
7.016,0.0,0.0,0.000,0.000,0.198,-7.91,-1.0,0.0,0,1,0,0,0,-1,0.00,0.00
7.081,0.0,0.0,0.000,0.000,0.116,-4.64,-1.0,0.0,0,1,0,0,0,-1,0.00,0.00
7.131,0.0,0.0,0.000,0.000,0.089,-3.55,-1.0,0.0,0,1,0,0,0,-1,0.00,0.00
7.182,0.0,0.0,0.000,0.000,0.060,-2.38,-1.0,0.0,0,1,0,0,0,-1,0.00,0.00
7.247,0.0,0.0,0.000,0.000,0.040,-1.60,-1.0,0.0,0,1,0,0,0,-1,0.00,0.00
7.297,0.0,0.0,0.000,0.000,0.031,-1.22,-1.0,0.0,0,1,0,0,0,-1,0.00,0.00
7.348,0.0,0.0,0.000,0.000,0.021,-0.82,-1.0,0.0,0,1,0,0,0,-1,0.00,0.00
7.400,-1.5,0.0,0.000,0.000,0.016,-0.63,-1.0,0.0,0,1,0,0,0,-1,0.00,0.00
7.464,-6.6,0.0,0.000,0.000,0.009,-0.37,-1.0,0.0,0,1,0,0,0,-1,0.00,0.00
7.514,-10.7,0.0,-0.052,0.000,-0.005,-0.28,-1.0,0.0,0,1,0,0,0,-1,0.00,0.00
7.581,-16.0,0.0,-0.216,0.000,-0.119,-0.17,-1.0,0.0,0,1,0,0,0,-1,0.00,0.00
7.631,-20.0,0.0,-0.383,0.000,-0.239,-0.13,-1.0,0.0,0,1,0,0,0,-1,0.00,0.00
7.683,-24.2,0.0,-0.580,0.000,-0.468,-0.08,-1.0,0.0,0,1,0,0,0,-1,0.00,0.00
7.747,-25.0,0.0,-0.704,0.000,-0.732,-0.06,-1.0,0.0,0,1,0,0,0,-1,0.00,0.00
7.798,-25.0,0.0,-0.704,0.000,-0.857,-0.04,-1.0,0.0,0,1,0,0,0,-1,0.00,0.00
7.848,-25.0,0.0,-0.704,0.000,-0.993,-0.03,-1.0,0.0,0,1,0,0,0,-1,0.00,0.00
7.898,-25.0,0.0,-0.704,0.000,-1.057,-0.02,-1.0,0.0,0,1,0,0,0,-1,0.00,0.00
7.949,-25.0,0.0,-0.704,0.000,-1.127,-0.02,-1.0,0.0,0,1,0,0,0,-1,0.00,0.00
8.013,-25.0,0.0,-0.704,0.000,-1.173,-0.01,-1.0,0.0,0,1,0,0,0,-1,0.00,0.00
8.064,-25.0,0.0,-0.704,0.000,-1.204,-0.01,-1.0,0.0,0,1,0,0,0,-1,0.00,0.00
8.132,-25.0,0.0,-0.704,0.000,-1.225,0.00,-1.0,0.0,0,1,0,0,0,-1,0.00,0.00
8.182,-25.0,0.0,-0.704,0.000,-1.239,0.00,-1.0,0.0,0,1,0,0,0,-1,0.00,0.00
8.247,-25.0,0.0,-0.704,0.000,-1.249,0.00,-1.0,0.0,0,1,0,0,0,-1,0.00,0.00
8.314,-25.0,0.0,-0.704,0.000,-1.255,0.00,-1.0,0.0,0,1,0,0,0,-1,0.00,0.00
8.365,-25.0,0.0,-0.704,0.000,-1.259,0.00,-1.0,0.0,0,1,0,0,0,-1,0.00,0.00
8.417,-25.0,0.0,-0.704,0.000,-1.261,0.00,-1.0,0.0,0,1,0,0,0,-1,0.00,0.00
8.481,-25.0,-5.1,-0.704,0.000,-1.264,0.00,-1.0,0.0,0,1,0,0,0,-1,0.00,0.00
8.532,-25.0,-9.2,-0.704,-0.020,-1.265,-0.23,-1.0,0.0,0,1,0,0,0,-1,0.00,0.00
8.598,-25.0,-14.4,-0.704,-0.119,-1.266,-2.67,-1.0,0.0,0,1,0,0,0,-1,0.00,0.00
8.665,-25.0,-19.8,-0.704,-0.372,-1.267,-12.66,-1.0,0.0,0,1,0,0,0,-1,0.00,0.00
8.731,-25.0,-25.0,-0.704,-0.635,-1.267,-24.97,-1.0,0.0,0,1,0,0,0,-1,0.00,0.00
8.782,-25.0,-25.0,-0.704,-0.704,-1.267,-37.64,-1.0,0.0,0,1,0,0,0,-1,0.00,0.00
8.847,-25.0,-25.0,-0.704,-0.704,-1.268,-46.13,-1.0,0.0,0,1,0,0,0,-1,0.00,0.00
8.902,-25.0,-25.0,-0.704,-0.704,-1.268,-51.82,-1.0,0.0,0,1,0,0,0,-1,0.00,0.00
8.965,-25.0,-22.3,-0.704,-0.632,-1.268,-54.83,-1.0,0.0,0,1,0,0,0,-1,0.00,0.00
9.031,-21.0,-17.0,-0.560,-0.368,-1.220,-49.89,-1.0,0.0,0,1,0,0,0,-1,0.00,0.00
9.081,-16.9,-13.0,-0.364,-0.202,-1.068,-40.87,-1.0,0.0,0,1,0,0,0,-1,0.00,0.00
9.131,-12.9,-9.0,-0.204,-0.077,-0.914,-33.31,-1.0,0.0,0,1,0,0,0,-1,0.00,0.00
9.198,-12.9,-3.7,-0.075,-0.001,-0.679,-22.89,-1.0,0.0,0,1,0,0,0,-1,0.00,0.00
9.248,-16.9,0.0,-0.254,0.000,-0.578,-15.34,-1.0,0.0,0,1,0,0,0,-1,0.00,0.00
9.314,-22.2,0.0,-0.490,0.000,-0.623,-10.29,-1.0,0.0,0,1,0,0,0,-1,0.00,0.00
9.364,-25.0,0.0,-0.701,0.000,-0.793,-6.89,-1.0,0.0,0,1,0,0,0,-1,0.00,0.00
9.431,-25.0,0.0,-0.704,0.000,-0.950,-4.62,-1.0,0.0,0,1,0,0,0,-1,0.00,0.00
9.481,-25.0,0.0,-0.704,0.000,-1.055,-3.10,-1.0,0.0,0,1,0,0,0,-1,0.00,0.00
9.547,-25.0,0.0,-0.704,0.000,-1.125,-2.08,-1.0,0.0,0,1,0,0,0,-1,0.00,0.00
9.600,-25.0,0.0,-0.704,0.000,-1.172,-1.39,-1.0,0.0,0,1,0,0,0,-1,0.00,0.00
9.663,-25.0,0.0,-0.704,0.000,-1.204,-0.93,-1.0,0.0,0,1,0,0,0,-1,0.00,0.00
9.714,-25.0,0.0,-0.704,0.000,-1.219,-0.71,-1.0,0.0,0,1,0,0,0,-1,0.00,0.00
9.781,-25.0,0.0,-0.704,0.000,-1.239,-0.42,-1.0,0.0,0,1,0,0,0,-1,0.00,0.00
9.834,-25.0,0.0,-0.704,0.000,-1.246,-0.32,-1.0,0.0,0,1,0,0,0,-1,0.00,0.00
9.896,-25.0,0.0,-0.704,0.000,-1.253,-0.22,-1.0,0.0,0,1,0,0,0,-1,0.00,0.00
9.947,-25.0,0.0,-0.704,0.000,-1.258,-0.14,-1.0,0.0,0,1,0,0,0,-1,0.00,0.00
9.998,-25.0,0.0,-0.704,0.000,-1.260,-0.11,-1.0,0.0,0,1,0,0,0,-1,0.00,0.00
10.064,-25.0,0.0,-0.704,0.000,-1.263,-0.06,-1.0,0.0,0,1,0,0,0,-1,0.00,0.00
10.115,-25.0,0.0,-0.704,0.000,-1.264,-0.05,-1.0,0.0,0,1,0,0,0,-1,0.00,0.00
10.181,-25.0,0.0,-0.704,0.000,-1.266,-0.03,-1.0,0.0,0,1,0,0,0,-1,0.00,0.00
10.247,-23.6,0.0,-0.704,0.000,-1.267,-0.02,-1.0,0.0,0,1,0,0,0,-1,0.00,0.00
10.314,-18.3,0.0,-0.429,0.000,-1.163,-0.01,-1.0,0.0,0,1,0,0,0,-1,0.00,0.00
10.365,-14.2,0.0,-0.253,0.000,-0.960,-0.01,-1.0,0.0,0,1,0,0,0,-1,0.00,0.00
10.431,-9.0,0.0,-0.075,0.000,-0.717,-0.01,-1.0,0.0,0,1,0,0,0,-1,0.00,0.00
10.481,-4.9,0.0,-0.001,0.000,-0.491,0.00,-1.0,0.0,0,1,0,0,0,-1,0.00,0.00
10.548,0.0,0.0,0.000,0.000,-0.329,0.00,-1.0,0.0,0,1,0,0,0,-1,0.00,0.00
10.614,0.0,0.0,0.000,0.000,-0.221,0.00,-1.0,0.0,0,1,0,0,0,-1,0.00,0.00
10.681,0.0,0.0,0.000,0.000,-0.130,0.00,-1.0,0.0,0,1,0,0,0,-1,0.00,0.00
10.731,0.0,0.0,0.000,0.000,-0.099,0.00,-1.0,0.0,0,1,0,0,0,-1,0.00,0.00
10.798,0.0,0.0,0.000,0.000,-0.067,0.00,-1.0,0.0,0,1,0,0,0,-1,0.00,0.00
10.864,0.0,0.0,0.000,0.000,-0.039,0.00,-1.0,0.0,0,1,0,0,0,-1,0.00,0.00
10.930,0.0,0.0,0.000,0.000,-0.026,0.00,-1.0,0.0,0,1,0,0,0,-1,0.00,0.00
10.981,0.0,0.0,0.000,0.000,-0.018,0.00,-1.0,0.0,0,1,0,0,0,-1,0.00,0.00
11.047,0.0,0.0,0.000,0.000,-0.012,0.00,-1.0,0.0,0,1,0,0,0,-1,0.00,0.00
11.098,0.0,0.0,0.000,0.000,-0.009,0.00,-1.0,0.0,0,1,0,0,0,-1,0.00,0.00
11.165,0.0,0.0,0.000,0.000,-0.005,0.00,-1.0,0.0,0,1,0,0,0,-1,0.00,0.00
11.230,0.0,0.0,0.000,0.000,-0.004,0.00,-1.0,0.0,0,1,0,0,0,-1,0.00,0.00
11.281,0.0,0.0,0.000,0.000,-0.002,0.00,-1.0,0.0,0,1,0,0,0,-1,0.00,0.00
11.348,0.0,0.0,0.000,0.000,-0.002,0.00,-1.0,0.0,0,1,0,0,0,-1,0.00,0.00
11.414,0.0,0.0,0.000,0.000,-0.001,0.00,-1.0,0.0,0,1,0,0,0,-1,0.00,0.00
11.481,0.0,0.0,0.000,0.000,-0.001,0.00,-1.0,0.0,0,1,0,0,0,-1,0.00,0.00
11.532,0.0,0.0,0.000,0.000,0.000,0.00,-1.0,0.0,0,1,0,0,0,-1,0.00,0.00
11.598,0.0,0.0,0.000,0.000,0.000,0.00,-1.0,0.0,0,1,0,0,0,-1,0.00,0.00
11.664,0.0,0.0,0.000,0.000,0.000,0.00,-1.0,0.0,0,1,0,0,0,-1,0.00,0.00
11.731,0.0,0.0,0.000,0.000,0.000,0.00,-1.0,0.0,0,1,0,0,0,-1,0.00,0.00
11.797,0.0,0.0,0.000,0.000,0.000,0.00,-1.0,0.0,0,1,0,0,0,-1,0.00,0.00
11.850,0.0,0.0,0.000,0.000,0.000,0.00,-1.0,0.0,0,1,0,0,0,-1,0.00,0.00
11.914,0.0,0.0,0.000,0.000,0.000,0.00,-1.0,0.0,0,1,0,0,0,-1,0.00,0.00
11.964,0.0,0.0,0.000,0.000,0.000,0.00,-1.0,0.0,0,1,0,0,0,-1,0.00,0.00
12.031,0.0,0.0,0.000,0.000,0.000,0.00,-1.0,0.0,0,1,0,0,0,-1,0.00,0.00
12.097,0.0,0.0,0.000,0.000,0.000,0.00,-1.0,0.0,0,1,0,0,0,-1,0.00,0.00
12.147,0.0,0.0,0.000,0.000,0.000,0.00,-1.0,0.0,0,1,0,0,0,-1,0.00,0.00
12.214,0.0,0.0,0.000,0.000,0.000,0.00,-1.0,0.0,0,1,0,0,0,-1,0.00,0.00
12.265,0.0,0.0,0.000,0.000,0.000,0.00,-1.0,0.0,0,1,0,0,0,-1,0.00,0.00
12.331,0.0,0.0,0.000,0.000,0.000,0.00,-1.0,0.0,0,1,0,0,0,-1,0.00,0.00
12.381,0.0,0.0,0.000,0.000,0.000,0.00,-1.0,0.0,0,1,0,0,0,-1,0.00,0.00
12.448,0.0,0.0,0.000,0.000,0.000,0.00,-1.0,0.0,0,1,0,0,0,-1,0.00,0.00
12.514,0.0,0.0,0.000,0.000,0.000,0.00,-1.0,0.0,0,1,0,0,0,-1,0.00,0.00
12.580,0.0,0.0,0.000,0.000,0.000,0.00,-1.0,0.0,0,1,0,0,0,-1,0.00,0.00
12.631,0.0,0.0,0.000,0.000,0.000,0.00,-1.0,0.0,0,1,0,0,0,-1,0.00,0.00
12.698,0.0,0.0,0.000,0.000,0.000,0.00,-1.0,0.0,0,1,0,0,0,-1,0.00,0.00
12.748,0.0,0.0,0.000,0.000,0.000,0.00,-1.0,0.0,0,1,0,0,0,-1,0.00,0.00
12.815,0.0,0.0,0.000,0.000,0.000,0.00,-1.0,0.0,0,1,0,0,0,-1,0.00,0.00
12.881,0.0,0.0,0.000,0.000,0.000,0.00,-1.0,0.0,0,1,0,0,0,-1,0.00,0.00
12.948,0.0,0.0,0.000,0.000,0.000,0.00,-1.0,0.0,0,1,0,0,0,-1,0.00,0.00
12.998,0.0,0.0,0.000,0.000,0.000,0.00,-1.0,0.0,0,1,0,0,0,-1,0.00,0.00
13.064,0.0,0.0,0.000,0.000,0.000,0.00,-1.0,0.0,0,1,0,0,0,-1,0.00,0.00
13.131,0.0,0.0,0.000,0.000,0.000,0.00,-1.0,0.0,0,1,0,0,0,-1,0.00,0.00
13.198,0.0,0.0,0.000,0.000,0.000,0.00,-1.0,0.0,0,1,0,0,0,-1,0.00,0.00
13.248,0.0,0.0,0.000,0.000,0.000,0.00,-1.0,0.0,0,1,0,0,0,-1,0.00,0.00
13.298,0.0,0.0,0.000,0.000,0.000,0.00,-1.0,0.0,0,1,0,0,0,-1,0.00,0.00
13.364,0.0,0.0,0.000,0.000,0.000,0.00,-1.0,0.0,0,1,0,0,0,-1,0.00,0.00
13.430,0.0,0.0,0.000,0.000,0.000,0.00,-1.0,0.0,0,1,0,0,0,-1,0.00,0.00
13.498,0.0,0.0,0.000,0.000,0.000,0.00,-1.0,0.0,0,1,0,0,0,-1,0.00,0.00
13.564,0.0,0.0,0.000,0.000,0.000,0.00,-1.0,0.0,0,1,0,0,0,-1,0.00,0.00
13.615,0.0,0.0,0.000,0.000,0.000,0.00,-1.0,0.0,0,1,0,0,0,-1,0.00,0.00
13.681,0.0,0.0,0.000,0.000,0.000,0.00,-1.0,0.0,0,1,0,0,0,-1,0.00,0.00
13.747,0.0,0.0,0.000,0.000,0.000,0.00,-1.0,0.0,0,1,0,0,0,-1,0.00,0.00
13.798,0.0,0.0,0.000,0.000,0.000,0.00,-1.0,0.0,0,1,0,0,0,-1,0.00,0.00
13.848,0.0,0.0,0.000,0.000,0.000,0.00,-1.0,0.0,0,1,0,0,0,-1,0.00,0.00
13.915,0.0,0.0,0.000,0.000,0.000,0.00,-1.0,0.0,0,1,0,0,0,-1,0.00,0.00
13.981,0.0,0.0,0.000,0.000,0.000,0.00,-1.0,0.0,0,1,0,0,0,-1,0.00,0.00
14.048,0.0,0.0,0.000,0.000,0.000,0.00,-1.0,0.0,0,1,0,0,0,-1,0.00,0.00
14.104,0.0,0.0,0.000,0.000,0.000,0.00,-1.0,0.0,0,1,0,0,0,-1,0.00,0.00
14.165,0.0,0.0,0.000,0.000,0.000,0.00,-1.0,0.0,0,1,0,0,0,-1,0.00,0.00
14.231,0.0,0.0,0.000,0.000,0.000,0.00,-1.0,0.0,0,1,0,0,0,-1,0.00,0.00
14.282,0.0,0.0,0.000,0.000,0.000,0.00,-1.0,0.0,0,1,0,0,0,-1,0.00,0.00
14.348,0.0,0.0,0.000,0.000,0.000,0.00,-1.0,0.0,0,1,0,0,0,-1,0.00,0.00
14.398,0.0,0.0,0.000,0.000,0.000,0.00,-1.0,0.0,0,1,0,0,0,-1,0.00,0.00
14.464,0.0,0.0,0.000,0.000,0.000,0.00,-1.0,0.0,0,1,0,0,0,-1,0.00,0.00
14.531,0.0,0.0,0.000,0.000,0.000,0.00,-1.0,0.0,0,1,0,0,0,-1,0.00,0.00
14.581,0.0,0.0,0.000,0.000,0.000,0.00,-1.0,0.0,0,1,0,0,0,-1,0.00,0.00
14.647,0.0,0.0,0.000,0.000,0.000,0.00,-1.0,0.0,0,1,0,0,0,-1,0.00,0.00
14.697,0.0,0.0,0.000,0.000,0.000,0.00,-1.0,0.0,0,1,0,0,0,-1,0.00,0.00
14.749,0.0,0.0,0.000,0.000,0.000,0.00,-1.0,0.0,0,1,0,0,0,-1,0.00,0.00
14.813,0.0,0.0,0.000,0.000,0.000,0.00,-1.0,0.0,0,1,0,0,0,-1,0.00,0.00
14.864,0.0,0.0,0.000,0.000,0.000,0.00,-1.0,0.0,0,1,0,0,0,-1,0.00,0.00
14.932,0.0,0.0,0.000,0.000,0.000,0.00,-1.0,0.0,0,1,0,0,0,-1,0.00,0.00
14.997,0.0,0.0,0.000,0.000,0.000,0.00,-1.0,0.0,0,1,0,0,0,-1,0.00,0.00
15.048,0.0,0.0,0.000,0.000,0.000,0.00,-1.0,0.0,0,1,0,0,0,-1,0.00,0.00
15.114,0.0,0.0,0.000,0.000,0.000,0.00,-1.0,0.0,0,1,0,0,0,-1,0.00,0.00
15.164,0.0,0.0,0.000,0.000,0.000,0.00,-1.0,0.0,0,1,0,0,0,-1,0.00,0.00
15.215,0.0,0.0,0.000,0.000,0.000,0.00,-1.0,0.0,0,1,0,0,0,-1,0.00,0.00
15.265,0.0,0.0,0.000,0.000,0.000,0.00,-1.0,0.0,0,1,0,0,0,-1,0.00,0.00
15.331,0.0,0.0,0.000,0.000,0.000,0.00,-1.0,0.0,0,1,0,0,0,-1,0.00,0.00
15.399,0.0,0.0,0.000,0.000,0.000,0.00,-1.0,0.0,0,1,0,0,0,-1,0.00,0.00
15.465,0.0,0.0,0.000,0.000,0.000,0.00,-1.0,0.0,0,1,0,0,0,-1,0.00,0.00
15.531,0.0,0.0,0.000,0.000,0.000,0.00,-1.0,0.0,0,1,0,0,0,-1,0.00,0.00
15.598,0.0,0.0,0.000,0.000,0.000,0.00,-1.0,0.0,0,1,0,0,0,-1,0.00,0.00
15.648,0.0,0.0,0.000,0.000,0.000,0.00,-1.0,0.0,0,1,0,0,0,-1,0.00,0.00
15.714,0.0,0.0,0.000,0.000,0.000,0.00,-1.0,0.0,0,1,0,0,0,-1,0.00,0.00
15.764,0.0,0.0,0.000,0.000,0.000,0.00,-1.0,0.0,0,1,0,0,0,-1,0.00,0.00
15.831,0.0,0.0,0.000,0.000,0.000,0.00,-1.0,0.0,0,1,0,0,0,-1,0.00,0.00
15.898,0.0,0.0,0.000,0.000,0.000,0.00,-1.0,0.0,0,1,0,0,0,-1,0.00,0.00
15.948,0.0,0.0,0.000,0.000,0.000,0.00,-1.0,0.0,0,1,0,0,0,-1,0.00,0.00
16.014,0.0,0.0,0.000,0.000,0.000,0.00,-1.0,0.0,0,1,0,0,0,-1,0.00,0.00
16.065,0.0,0.0,0.000,0.000,0.000,0.00,-1.0,0.0,0,1,0,0,0,-1,0.00,0.00
16.115,0.0,0.0,0.000,0.000,0.000,0.00,-1.0,0.0,0,1,0,0,0,-1,0.00,0.00
16.181,0.0,0.0,0.000,0.000,0.000,0.00,-1.0,0.0,0,1,0,0,0,-1,0.00,0.00
16.248,0.0,0.0,0.000,0.000,0.000,0.00,-1.0,0.0,0,1,0,0,0,-1,0.00,0.00
16.315,0.0,0.0,0.000,0.000,0.000,0.00,-1.0,0.0,0,1,0,0,0,-1,0.00,0.00
16.365,0.0,0.0,0.000,0.000,0.000,0.00,-1.0,0.0,0,1,0,0,0,-1,0.00,0.00
16.430,0.0,0.0,0.000,0.000,0.000,0.00,-1.0,0.0,0,1,0,0,0,-1,0.00,0.00
16.481,0.0,0.0,0.000,0.000,0.000,0.00,-1.0,0.0,0,1,0,0,0,-1,0.00,0.00
16.548,0.0,0.0,0.000,0.000,0.000,0.00,-1.0,0.0,0,1,0,0,0,-1,0.00,0.00
16.614,0.0,0.0,0.000,0.000,0.000,0.00,-1.0,0.0,0,1,0,0,0,-1,0.00,0.00
16.681,0.0,0.0,0.000,0.000,0.000,0.00,-1.0,0.0,0,1,0,0,0,-1,0.00,0.00
16.732,0.0,0.0,0.000,0.000,0.000,0.00,-1.0,0.0,0,1,0,0,0,-1,0.00,0.00
16.798,0.0,0.0,0.000,0.000,0.000,0.00,-1.0,0.0,0,1,0,0,0,-1,0.00,0.00
16.865,0.0,0.0,0.000,0.000,0.000,0.00,-1.0,0.0,0,1,0,0,0,-1,0.00,0.00
16.916,0.0,0.0,0.000,0.000,0.000,0.00,-1.0,0.0,0,1,0,0,0,-1,0.00,0.00
16.981,0.0,0.0,0.000,0.000,0.000,0.00,-1.0,0.0,0,1,0,0,0,-1,0.00,0.00
17.048,0.0,0.0,0.000,0.000,0.000,0.00,-1.0,0.0,0,1,0,0,0,-1,0.00,0.00
17.114,0.0,0.0,0.000,0.000,0.000,0.00,-1.0,0.0,0,1,0,0,0,-1,0.00,0.00
17.164,0.0,0.0,0.000,0.000,0.000,0.00,-1.0,0.0,0,1,0,0,0,-1,0.00,0.00
17.215,0.0,0.0,0.000,0.000,0.000,0.00,-1.0,0.0,0,1,0,0,0,-1,0.00,0.00
17.280,0.0,0.0,0.000,0.000,0.000,0.00,-1.0,0.0,0,1,0,0,0,-1,0.00,0.00
17.330,0.0,0.0,0.000,0.000,0.000,0.00,-1.0,0.0,0,1,0,0,0,-1,0.00,0.00
17.381,0.0,0.0,0.000,0.000,0.000,0.00,-1.0,0.0,0,1,0,0,0,-1,0.00,0.00
17.431,0.0,0.0,0.000,0.000,0.000,0.00,-1.0,0.0,0,1,0,0,0,-1,0.00,0.00
17.498,0.0,0.0,0.000,0.000,0.000,0.00,-1.0,0.0,0,1,0,0,0,-1,0.00,0.00
17.565,0.0,0.0,0.000,0.000,0.000,0.00,-1.0,0.0,0,1,0,0,0,-1,0.00,0.00
17.632,0.0,0.0,0.000,0.000,0.000,0.00,-1.0,0.0,0,1,0,0,0,-1,0.00,0.00
17.698,0.0,0.0,0.000,0.000,0.000,0.00,-1.0,0.0,0,1,0,0,0,-1,0.00,0.00
17.764,0.0,0.0,0.000,0.000,0.000,0.00,-1.0,0.0,0,1,0,0,0,-1,0.00,0.00
17.815,0.0,0.0,0.000,0.000,0.000,0.00,-1.0,0.0,0,1,0,0,0,-1,0.00,0.00
17.882,0.0,0.0,0.000,0.000,0.000,0.00,-1.0,0.0,0,1,0,0,0,-1,0.00,0.00
17.949,0.0,0.0,0.000,0.000,0.000,0.00,-1.0,0.0,0,1,0,0,0,-1,0.00,0.00
18.014,0.0,0.0,0.000,0.000,0.000,0.00,-1.0,0.0,0,1,0,0,0,-1,0.00,0.00
18.064,0.0,0.0,0.000,0.000,0.000,0.00,-1.0,0.0,0,1,0,0,0,-1,0.00,0.00
18.131,0.0,0.0,0.000,0.000,0.000,0.00,-1.0,0.0,0,1,0,0,0,-1,0.00,0.00
18.181,0.0,0.0,0.000,0.000,0.000,0.00,-1.0,0.0,0,1,0,0,0,-1,0.00,0.00
18.231,0.0,0.0,0.000,0.000,0.000,0.00,-1.0,0.0,0,1,0,0,0,-1,0.00,0.00
18.297,0.0,0.0,0.000,0.000,0.000,0.00,-1.0,0.0,0,1,0,0,0,-1,0.00,0.00
18.365,0.0,0.0,0.000,0.000,0.000,0.00,-1.0,0.0,0,1,0,0,0,-1,0.00,0.00
18.431,0.0,0.0,0.000,0.000,0.000,0.00,-1.0,0.0,0,1,0,0,0,-1,0.00,0.00
18.498,0.0,0.0,0.000,0.000,0.000,0.00,-1.0,0.0,0,1,0,0,0,-1,0.00,0.00
18.548,0.0,0.0,0.000,0.000,0.000,0.00,-1.0,0.0,0,1,0,0,0,-1,0.00,0.00
18.614,0.0,0.0,0.000,0.000,0.000,0.00,-1.0,0.0,0,1,0,0,0,-1,0.00,0.00
18.681,0.0,0.0,0.000,0.000,0.000,0.00,-1.0,0.0,0,1,0,0,0,-1,0.00,0.00
18.748,0.0,0.0,0.000,0.000,0.000,0.00,-1.0,0.0,0,1,0,0,0,-1,0.00,0.00
18.814,0.0,0.0,0.000,0.000,0.000,0.00,-1.0,0.0,0,1,0,0,0,-1,0.00,0.00
18.864,0.0,0.0,0.000,0.000,0.000,0.00,-1.0,0.0,0,1,0,0,0,-1,0.00,0.00
18.930,0.0,0.0,0.000,0.000,0.000,0.00,-1.0,0.0,0,1,0,0,0,-1,0.00,0.00
18.981,0.0,0.0,0.000,0.000,0.000,0.00,-1.0,0.0,0,1,0,0,0,-1,0.00,0.00
19.031,0.0,0.0,0.000,0.000,0.000,0.00,-1.0,0.0,0,1,0,0,0,-1,0.00,0.00
19.097,0.0,0.0,0.000,0.000,0.000,0.00,-1.0,0.0,0,1,0,0,0,-1,0.00,0.00
19.147,0.0,0.0,0.000,0.000,0.000,0.00,-1.0,0.0,0,1,0,0,0,-1,0.00,0.00
19.215,0.0,0.0,0.000,0.000,0.000,0.00,-1.0,0.0,0,1,0,0,0,-1,0.00,0.00
19.267,0.0,0.0,0.000,0.000,0.000,0.00,-1.0,0.0,0,1,0,0,0,-1,0.00,0.00
19.331,0.0,0.0,0.000,0.000,0.000,0.00,-1.0,0.0,0,1,0,0,0,-1,0.00,0.00
19.398,0.0,0.0,0.000,0.000,0.000,0.00,-1.0,0.0,0,1,0,0,0,-1,0.00,0.00
19.464,0.0,0.0,0.000,0.000,0.000,0.00,-1.0,0.0,0,1,0,0,0,-1,0.00,0.00
19.531,0.0,0.0,0.000,0.000,0.000,0.00,-1.0,0.0,0,1,0,0,0,-1,0.00,0.00
19.581,0.0,0.0,0.000,0.000,0.000,0.00,-1.0,0.0,0,1,0,0,0,-1,0.00,0.00
19.648,0.0,0.0,0.000,0.000,0.000,0.00,-1.0,0.0,0,1,0,0,0,-1,0.00,0.00
19.715,0.0,0.0,0.000,0.000,0.000,0.00,-1.0,0.0,0,1,0,0,0,-1,0.00,0.00
19.781,0.0,0.0,0.000,0.000,0.000,0.00,-1.0,0.0,0,1,0,0,0,-1,0.00,0.00
19.956,0.0,0.0,0.000,0.000,0.000,0.00,-1.0,0.0,0,1,0,0,0,-1,0.00,0.00
20.010,0.0,0.0,0.000,0.000,0.000,0.00,-1.0,0.0,0,1,0,0,0,-1,0.00,0.00
20.076,0.0,0.0,0.000,0.000,0.000,0.00,-1.0,0.0,0,1,0,0,0,-1,0.00,0.00
20.129,0.0,0.0,0.000,0.000,0.000,0.00,-1.0,0.0,0,1,0,0,0,-1,0.00,0.00
20.193,0.0,0.0,0.000,0.000,0.000,0.00,-1.0,0.0,0,1,0,0,0,-1,0.00,0.00
20.245,0.0,0.0,0.000,0.000,0.000,0.00,-1.0,0.0,0,1,0,0,0,-1,0.00,0.00
20.311,0.0,0.0,0.000,0.000,0.000,0.00,-1.0,0.0,0,1,0,0,0,-1,0.00,0.00
20.362,0.0,0.0,0.000,0.000,0.000,0.00,-1.0,0.0,0,1,0,0,0,-1,0.00,0.00
20.427,0.0,0.0,0.000,0.000,0.000,0.00,-1.0,0.0,0,1,0,0,0,-1,0.00,0.00
20.478,0.0,0.0,0.000,0.000,0.000,0.00,-1.0,0.0,0,1,0,0,0,-1,0.00,0.00
20.546,0.0,0.0,0.000,0.000,0.000,0.00,-1.0,0.0,0,1,0,0,0,-1,0.00,0.00
20.610,0.0,0.0,0.000,0.000,0.000,0.00,-1.0,0.0,0,1,0,0,0,-1,0.00,0.00
20.678,0.0,0.0,0.000,0.000,0.000,0.00,-1.0,0.0,0,1,0,0,0,-1,0.00,0.00
20.743,0.0,0.0,0.000,0.000,0.000,0.00,-1.0,0.0,0,1,0,0,0,-1,0.00,0.00
20.795,0.0,0.0,0.000,0.000,0.000,0.00,-1.0,0.0,0,1,0,0,0,-1,0.00,0.00
20.859,0.0,0.0,0.000,0.000,0.000,0.00,-1.0,0.0,0,1,0,0,0,-1,0.00,0.00
20.928,0.0,0.0,0.000,0.000,0.000,0.00,-1.0,0.0,0,1,0,0,0,-1,0.00,0.00
20.993,0.0,0.0,0.000,0.000,0.000,0.00,-1.0,0.0,0,1,0,0,0,-1,0.00,0.00
21.062,0.0,0.0,0.000,0.000,0.000,0.00,-1.0,0.0,0,1,0,0,0,-1,0.00,0.00
21.127,0.0,0.0,0.000,0.000,0.000,0.00,-1.0,0.0,0,1,0,0,0,-1,0.00,0.00
21.435,0.0,0.0,0.000,0.000,0.000,0.00,-1.0,0.0,0,1,0,0,0,-1,0.00,0.00
21.489,0.0,0.0,0.000,0.000,0.000,0.00,-1.0,0.0,0,1,0,0,0,-1,0.00,0.00
21.539,0.0,0.0,0.000,0.000,0.000,0.00,-1.0,0.0,0,1,0,0,0,-1,0.00,0.00
21.615,0.0,0.0,0.000,0.000,0.000,0.00,-1.0,0.0,0,1,0,0,0,-1,0.00,0.00
21.683,0.0,0.0,0.000,0.000,0.000,0.00,-1.0,0.0,0,1,0,0,0,-1,0.00,0.00
21.765,0.0,0.0,0.000,0.000,0.000,0.00,-1.0,0.0,0,1,0,0,0,-1,0.00,0.00
21.828,0.0,0.0,0.000,0.000,0.000,0.00,-1.0,0.0,0,1,0,0,0,-1,0.00,0.00
21.942,0.0,0.0,0.000,0.000,0.000,0.00,-1.0,0.0,0,1,0,0,0,-1,0.00,0.00
22.010,0.0,0.0,0.000,0.000,0.000,0.00,-1.0,0.0,0,1,0,0,0,-1,0.00,0.00
22.074,0.0,0.0,0.000,0.000,0.000,0.00,-1.0,0.0,0,1,0,0,0,-1,0.00,0.00
22.138,0.0,0.0,0.000,0.000,0.000,0.00,-1.0,0.0,0,1,0,0,0,-1,0.00,0.00
22.205,0.0,0.0,0.000,0.000,0.000,0.00,-1.0,0.0,0,1,0,0,0,-1,0.00,0.00
22.256,0.0,0.0,0.000,0.000,0.000,0.00,-1.0,0.0,0,1,0,0,0,-1,0.00,0.00
22.321,0.0,0.0,0.000,0.000,0.000,0.00,-1.0,0.0,0,1,0,0,0,-1,0.00,0.00
22.373,0.0,0.0,0.000,0.000,0.000,0.00,-1.0,0.0,0,1,0,0,0,-1,0.00,0.00
22.437,0.0,0.0,0.000,0.000,0.000,0.00,-1.0,0.0,0,1,0,0,0,-1,0.00,0.00
22.488,0.0,0.0,0.000,0.000,0.000,0.00,-1.0,0.0,0,1,0,0,0,-1,0.00,0.00
22.539,0.0,0.0,0.000,0.000,0.000,0.00,-1.0,0.0,0,1,0,0,0,-1,0.00,0.00
22.606,0.0,0.0,0.000,0.000,0.000,0.00,-1.0,0.0,0,1,0,0,0,-1,0.00,0.00
22.672,0.0,0.0,0.000,0.000,0.000,0.00,-1.0,0.0,0,1,0,0,0,-1,0.00,0.00
22.739,0.0,0.0,0.000,0.000,0.000,0.00,-1.0,0.0,0,1,0,0,0,-1,0.00,0.00
22.817,0.0,0.0,0.000,0.000,0.000,0.00,-1.0,0.0,0,1,0,0,0,-1,0.00,0.00
22.878,0.0,0.0,0.000,0.000,0.000,0.00,-1.0,0.0,0,1,0,0,0,-1,0.00,0.00
22.931,0.0,0.0,0.000,0.000,0.000,0.00,-1.0,0.0,0,1,0,0,0,-1,0.00,0.00
22.996,0.0,0.0,0.000,0.000,0.000,0.00,-1.0,0.0,0,1,0,0,0,-1,0.00,0.00
23.063,0.0,0.0,0.000,0.000,0.000,0.00,-1.0,0.0,0,1,0,0,0,-1,0.00,0.00
23.128,0.0,0.0,0.000,0.000,0.000,0.00,-1.0,0.0,0,1,0,0,0,-1,0.00,0.00
23.196,0.0,0.0,0.000,0.000,0.000,0.00,-1.0,0.0,0,1,0,0,0,-1,0.00,0.00
23.247,0.0,0.0,0.000,0.000,0.000,0.00,-1.0,0.0,0,1,0,0,0,-1,0.00,0.00
23.310,0.0,0.0,0.000,0.000,0.000,0.00,-1.0,0.0,0,1,0,0,0,-1,0.00,0.00
23.362,0.0,0.0,0.000,0.000,0.000,0.00,-1.0,0.0,0,1,0,0,0,-1,0.00,0.00
23.413,0.0,0.0,0.000,0.000,0.000,0.00,-1.0,0.0,0,1,0,0,0,-1,0.00,0.00
23.481,0.0,0.0,0.000,0.000,0.000,0.00,-1.0,0.0,0,1,0,0,0,-1,0.00,0.00
23.546,0.0,0.0,0.000,0.000,0.000,0.00,-1.0,0.0,0,1,0,0,0,-1,0.00,0.00
23.612,0.0,0.0,0.000,0.000,0.000,0.00,-1.0,0.0,0,1,0,0,0,-1,0.00,0.00
23.662,0.0,0.0,0.000,0.000,0.000,0.00,-1.0,0.0,0,1,0,0,0,-1,0.00,0.00
23.728,0.0,0.0,0.000,0.000,0.000,0.00,-1.0,0.0,0,1,0,0,0,-1,0.00,0.00
23.778,0.0,0.0,0.000,0.000,0.000,0.00,-1.0,0.0,0,1,0,0,0,-1,0.00,0.00
23.864,0.0,0.0,0.000,0.000,0.000,0.00,-1.0,0.0,0,1,0,0,0,-1,0.00,0.00
23.928,0.0,0.0,0.000,0.000,0.000,0.00,-1.0,0.0,0,1,0,0,0,-1,0.00,0.00
24.008,0.0,0.0,0.000,0.000,0.000,0.00,-1.0,0.0,0,1,0,0,0,-1,0.00,0.00
24.274,0.0,0.0,0.000,0.000,0.000,0.00,-1.0,0.0,0,1,0,0,0,-1,0.00,0.00
24.374,0.0,0.0,0.000,0.000,0.000,0.00,-1.0,0.0,0,1,0,0,0,-1,0.00,0.00
24.545,0.0,0.0,0.000,0.000,0.000,0.00,-1.0,0.0,0,1,0,0,0,-1,0.00,0.00
24.655,0.0,0.0,0.000,0.000,0.000,0.00,-1.0,0.0,0,1,0,0,0,-1,0.00,0.00
24.706,0.0,0.0,0.000,0.000,0.000,0.00,-1.0,0.0,0,1,0,0,0,-1,0.00,0.00
24.757,0.0,0.0,0.000,0.000,0.000,0.00,-1.0,0.0,0,1,0,0,0,-1,0.00,0.00
24.807,0.0,0.0,0.000,0.000,0.000,0.00,-1.0,0.0,0,1,0,0,0,-1,0.00,0.00
24.871,0.0,0.0,0.000,0.000,0.000,0.00,-1.0,0.0,0,1,0,0,0,-1,0.00,0.00
24.921,0.0,0.0,0.000,0.000,0.000,0.00,-1.0,0.0,0,1,0,0,0,-1,0.00,0.00
24.988,0.0,0.0,0.000,0.000,0.000,0.00,-1.0,0.0,0,1,0,0,0,-1,0.00,0.00
25.055,0.0,0.0,0.000,0.000,0.000,0.00,-1.0,0.0,0,1,0,0,0,-1,0.00,0.00
25.121,0.0,0.0,0.000,0.000,0.000,0.00,-1.0,0.0,0,1,0,0,0,-1,0.00,0.00
25.187,0.0,0.0,0.000,0.000,0.000,0.00,-1.0,0.0,0,1,0,0,0,-1,0.00,0.00
25.254,0.0,0.0,0.000,0.000,0.000,0.00,-1.0,0.0,0,1,0,0,0,-1,0.00,0.00
25.305,0.0,0.0,0.000,0.000,0.000,0.00,-1.0,0.0,0,1,0,0,0,-1,0.00,0.00
25.370,0.0,0.0,0.000,0.000,0.000,0.00,-1.0,0.0,0,1,0,0,0,-1,0.00,0.00
25.422,0.0,0.0,0.000,0.000,0.000,0.00,-1.0,0.0,0,1,0,0,0,-1,0.00,0.00
25.489,0.0,0.0,0.000,0.000,0.000,0.00,-1.0,0.0,0,1,0,0,0,-1,0.00,0.00
25.555,0.0,0.0,0.000,0.000,0.000,0.00,-1.0,0.0,0,1,0,0,0,-1,0.00,0.00
25.622,0.0,0.0,0.000,0.000,0.000,0.00,-1.0,0.0,0,1,0,0,0,-1,0.00,0.00
25.673,0.0,0.0,0.000,0.000,0.000,0.00,-1.0,0.0,0,1,0,0,0,-1,0.00,0.00
25.784,0.0,0.0,0.000,0.000,0.000,0.00,-1.0,0.0,0,1,0,0,0,-1,0.00,0.00
25.835,0.0,0.0,0.000,0.000,0.000,0.00,-1.0,0.0,0,1,0,0,0,-1,0.00,0.00
25.886,0.0,0.0,0.000,0.000,0.000,0.00,-1.0,0.0,0,1,0,0,0,-1,0.00,0.00
25.937,0.0,0.0,0.000,0.000,0.000,0.00,-1.0,0.0,0,1,0,0,0,-1,0.00,0.00
25.989,0.0,0.0,0.000,0.000,0.000,0.00,-1.0,0.0,0,1,0,0,0,-1,0.00,0.00
26.052,0.0,0.0,0.000,0.000,0.000,0.00,-1.0,0.0,0,1,0,0,0,-1,0.00,0.00
26.120,0.0,0.0,0.000,0.000,0.000,0.00,-1.0,0.0,0,1,0,0,0,-1,0.00,0.00
26.187,0.0,0.0,0.000,0.000,0.000,0.00,-1.0,0.0,0,1,0,0,0,-1,0.00,0.00
26.245,0.0,0.0,0.000,0.000,0.000,0.00,-1.0,0.0,0,1,0,0,0,-1,0.00,0.00
26.303,0.0,0.0,0.000,0.000,0.000,0.00,-1.0,0.0,0,1,0,0,0,-1,0.00,0.00
26.354,0.0,0.0,0.000,0.000,0.000,0.00,-1.0,0.0,0,1,0,0,0,-1,0.00,0.00
26.421,0.0,0.0,0.000,0.000,0.000,0.00,-1.0,0.0,0,1,0,0,0,-1,0.00,0.00
26.478,0.0,0.0,0.000,0.000,0.000,0.00,-1.0,0.0,0,1,0,0,0,-1,0.00,0.00
26.545,0.0,0.0,0.000,0.000,0.000,0.00,-1.0,0.0,0,1,0,0,0,-1,0.00,0.00
26.609,0.0,0.0,0.000,0.000,0.000,0.00,-1.0,0.0,0,1,0,0,0,-1,0.00,0.00
26.660,0.0,0.0,0.000,0.000,0.000,0.00,-1.0,0.0,0,1,0,0,0,-1,0.00,0.00
26.710,0.0,0.0,0.000,0.000,0.000,0.00,-1.0,0.0,0,1,0,0,0,-1,0.00,0.00
26.777,0.0,0.0,0.000,0.000,0.000,0.00,-1.0,0.0,0,1,0,0,0,-1,0.00,0.00
26.843,0.0,0.0,0.000,0.000,0.000,0.00,-1.0,0.0,0,1,0,0,0,-1,0.00,0.00
26.910,0.0,0.0,0.000,0.000,0.000,0.00,-1.0,0.0,0,1,0,0,0,-1,0.00,0.00
26.977,0.0,0.0,0.000,0.000,0.000,0.00,-1.0,0.0,0,1,0,0,0,-1,0.00,0.00
27.027,0.0,0.0,0.000,0.000,0.000,0.00,-1.0,0.0,0,1,0,0,0,-1,0.00,0.00
27.088,0.0,0.0,0.000,0.000,0.000,0.00,-1.0,0.0,0,1,0,0,0,-1,0.00,0.00
27.150,0.0,0.0,0.000,0.000,0.000,0.00,-1.0,0.0,0,1,0,0,0,-1,0.00,0.00
27.200,0.0,0.0,0.000,0.000,0.000,0.00,-1.0,0.0,0,1,0,0,0,-1,0.00,0.00
27.267,0.0,0.0,0.000,0.000,0.000,0.00,-1.0,0.0,0,1,0,0,0,-1,0.00,0.00
27.334,0.0,0.0,0.000,0.000,0.000,0.00,-1.0,0.0,0,1,0,0,0,-1,0.00,0.00
27.384,0.0,0.0,0.000,0.000,0.000,0.00,-1.0,0.0,0,1,0,0,0,-1,0.00,0.00
27.434,0.0,0.0,0.000,0.000,0.000,0.00,-1.0,0.0,0,1,0,0,0,-1,0.00,0.00
27.500,0.0,0.0,0.000,0.000,0.000,0.00,-1.0,0.0,0,1,0,0,0,-1,0.00,0.00
27.550,0.0,0.0,0.000,0.000,0.000,0.00,-1.0,0.0,0,1,0,0,0,-1,0.00,0.00
27.601,0.0,0.0,0.000,0.000,0.000,0.00,-1.0,0.0,0,1,0,0,0,-1,0.00,0.00
27.666,0.0,0.0,0.000,0.000,0.000,0.00,-1.0,0.0,0,1,0,0,0,-1,0.00,0.00
27.718,0.0,0.0,0.000,0.000,0.000,0.00,-1.0,0.0,0,1,0,0,0,-1,0.00,0.00
27.783,0.0,0.0,0.000,0.000,0.000,0.00,-1.0,0.0,0,1,0,0,0,-1,0.00,0.00
27.833,0.0,0.0,0.000,0.000,0.000,0.00,-1.0,0.0,0,1,0,0,0,-1,0.00,0.00
27.886,0.0,0.0,0.000,0.000,0.000,0.00,-1.0,0.0,0,1,0,0,0,-1,0.00,0.00
27.950,0.0,0.0,0.000,0.000,0.000,0.00,-1.0,0.0,0,1,0,0,0,-1,0.00,0.00
28.066,0.0,0.0,0.000,0.000,0.000,0.00,-1.0,0.0,0,1,0,0,0,-1,0.00,0.00
28.124,0.0,0.0,0.000,0.000,0.000,0.00,-1.0,0.0,0,1,0,0,0,-1,0.00,0.00
28.175,0.0,0.0,0.000,0.000,0.000,0.00,-1.0,0.0,0,1,0,0,0,-1,0.00,0.00
28.226,0.0,0.0,0.000,0.000,0.000,0.00,-1.0,0.0,0,1,0,0,0,-1,0.00,0.00
28.291,0.0,0.0,0.000,0.000,0.000,0.00,-1.0,0.0,0,1,0,0,0,-1,0.00,0.00
28.342,0.0,0.0,0.000,0.000,0.000,0.00,-1.0,0.0,0,1,0,0,0,-1,0.00,0.00
28.407,0.0,0.0,0.000,0.000,0.000,0.00,-1.0,0.0,0,1,0,0,0,-1,0.00,0.00
28.458,0.0,0.0,0.000,0.000,0.000,0.00,-1.0,0.0,0,1,0,0,0,-1,0.00,0.00
28.508,0.0,0.0,0.000,0.000,0.000,0.00,-1.0,0.0,0,1,0,0,0,-1,0.00,0.00
28.574,0.0,0.0,0.000,0.000,0.000,0.00,-1.0,0.0,0,1,0,0,0,-1,0.00,0.00
28.624,0.0,0.0,0.000,0.000,0.000,0.00,-1.0,0.0,0,1,0,0,0,-1,0.00,0.00
28.676,0.0,0.0,0.000,0.000,0.000,0.00,-1.0,0.0,0,1,0,0,0,-1,0.00,0.00
28.741,0.0,0.0,0.000,0.000,0.000,0.00,-1.0,0.0,0,1,0,0,0,-1,0.00,0.00
28.809,0.0,0.0,0.000,0.000,0.000,0.00,-1.0,0.0,0,1,0,0,0,-1,0.00,0.00
28.875,0.0,0.0,0.000,0.000,0.000,0.00,-1.0,0.0,0,1,0,0,0,-1,0.00,0.00
28.941,0.0,0.0,0.000,0.000,0.000,0.00,-1.0,0.0,0,1,0,0,0,-1,0.00,0.00
28.992,0.0,0.0,0.000,0.000,0.000,0.00,-1.0,0.0,0,1,0,0,0,-1,0.00,0.00
29.060,0.0,0.0,0.000,0.000,0.000,0.00,-1.0,0.0,0,1,0,0,0,-1,0.00,0.00
29.126,0.0,0.0,0.000,0.000,0.000,0.00,-1.0,0.0,0,1,0,0,0,-1,0.00,0.00
29.191,0.0,0.0,0.000,0.000,0.000,0.00,-1.0,0.0,0,1,0,0,0,-1,0.00,0.00
29.242,0.0,0.0,0.000,0.000,0.000,0.00,-1.0,0.0,0,1,0,0,0,-1,0.00,0.00
29.308,0.0,0.0,0.000,0.000,0.000,0.00,-1.0,0.0,0,1,0,0,0,-1,0.00,0.00
29.358,0.0,0.0,0.000,0.000,0.000,0.00,-1.0,0.0,0,1,0,0,0,-1,0.00,0.00
29.409,0.0,0.0,0.000,0.000,0.000,0.00,-1.0,0.0,0,1,0,0,0,-1,0.00,0.00
29.459,0.0,0.0,0.000,0.000,0.000,0.00,-1.0,0.0,0,1,0,0,0,-1,0.00,0.00
29.524,0.0,0.0,0.000,0.000,0.000,0.00,-1.0,0.0,0,1,0,0,0,-1,0.00,0.00
29.575,0.0,0.0,0.000,0.000,0.000,0.00,-1.0,0.0,0,1,0,0,0,-1,0.00,0.00
29.642,0.0,0.0,0.000,0.000,0.000,0.00,-1.0,0.0,0,1,0,0,0,-1,0.00,0.00
29.692,0.0,0.0,0.000,0.000,0.000,0.00,-1.0,0.0,0,1,0,0,0,-1,0.00,0.00
29.758,0.0,0.0,0.000,0.000,0.000,0.00,-1.0,0.0,0,1,0,0,0,-1,0.00,0.00
29.824,0.0,0.0,0.000,0.000,0.000,0.00,-1.0,0.0,0,1,0,0,0,-1,0.00,0.00
29.875,0.0,0.0,0.000,0.000,0.000,0.00,-1.0,0.0,0,1,0,0,0,-1,0.00,0.00
29.925,0.0,0.0,0.000,0.000,0.000,0.00,-1.0,0.0,0,1,0,0,0,-1,0.00,0.00
29.990,0.0,0.0,0.000,0.000,0.000,0.00,-1.0,0.0,0,1,0,0,0,-1,0.00,0.00
30.041,0.0,0.0,0.000,0.000,0.000,0.00,-1.0,0.0,0,1,0,0,0,-1,0.00,0.00
30.091,0.0,0.0,0.000,0.000,0.000,0.00,-1.0,0.0,0,1,0,0,0,-1,0.00,0.00
30.157,0.0,0.0,0.000,0.000,0.000,0.00,-1.0,0.0,0,1,0,0,0,-1,0.00,0.00
30.217,0.0,0.0,0.000,0.000,0.000,0.00,-1.0,0.0,0,1,0,0,0,-1,0.00,0.00
30.277,0.0,0.0,0.000,0.000,0.000,0.00,-1.0,0.0,0,1,0,0,0,-1,0.00,0.00
30.338,0.0,0.0,0.000,0.000,0.000,0.00,-1.0,0.0,0,1,0,0,0,-1,0.00,0.00
30.389,0.0,0.0,0.000,0.000,0.000,0.00,-1.0,0.0,0,1,0,0,0,-1,0.00,0.00
30.439,0.0,0.0,0.000,0.000,0.000,0.00,-1.0,0.0,0,1,0,0,0,-1,0.00,0.00
30.491,0.0,0.0,0.000,0.000,0.000,0.00,-1.0,0.0,0,1,0,0,0,-1,0.00,0.00
30.555,0.0,0.0,0.000,0.000,0.000,0.00,-1.0,0.0,0,1,0,0,0,-1,0.00,0.00
30.605,0.0,0.0,0.000,0.000,0.000,0.00,-1.0,0.0,0,1,0,0,0,-1,0.00,0.00
30.672,0.0,0.0,0.000,0.000,0.000,0.00,-1.0,0.0,0,1,0,0,0,-1,0.00,0.00
30.723,0.0,0.0,0.000,0.000,0.000,0.00,-1.0,0.0,0,1,0,0,0,-1,0.00,0.00
30.812,0.0,0.0,0.000,0.000,0.000,0.00,-1.0,0.0,0,1,0,0,0,-1,0.00,0.00
30.921,0.0,0.0,0.000,0.000,0.000,0.00,-1.0,0.0,0,1,0,0,0,-1,0.00,0.00
30.972,0.0,0.0,0.000,0.000,0.000,0.00,-1.0,0.0,0,1,0,0,0,-1,0.00,0.00
31.041,0.0,0.0,0.000,0.000,0.000,0.00,-1.0,0.0,0,1,0,0,0,-1,0.00,0.00
31.102,0.0,0.0,0.000,0.000,0.000,0.00,-1.0,0.0,0,1,0,0,0,-1,0.00,0.00
31.169,0.0,0.0,0.000,0.000,0.000,0.00,-1.0,0.0,0,1,0,0,0,-1,0.00,0.00
31.221,0.0,0.0,0.000,0.000,0.000,0.00,-1.0,0.0,0,1,0,0,0,-1,0.00,0.00
31.273,0.0,0.0,0.000,0.000,0.000,0.00,-1.0,0.0,0,1,0,0,0,-1,0.00,0.00
31.371,0.0,0.0,0.000,0.000,0.000,0.00,-1.0,0.0,0,1,0,0,0,-1,0.00,0.00
31.423,0.0,0.0,0.000,0.000,0.000,0.00,-1.0,0.0,0,1,0,0,0,-1,0.00,0.00
31.490,0.0,0.0,0.000,0.000,0.000,0.00,-1.0,0.0,0,1,0,0,0,-1,0.00,0.00
31.541,0.0,0.0,0.000,0.000,0.000,0.00,-1.0,0.0,0,1,0,0,0,-1,0.00,0.00
31.607,0.0,0.0,0.000,0.000,0.000,0.00,-1.0,0.0,0,1,0,0,0,-1,0.00,0.00
31.674,0.0,0.0,0.000,0.000,0.000,0.00,-1.0,0.0,0,1,0,0,0,-1,0.00,0.00
31.724,0.0,0.0,0.000,0.000,0.000,0.00,-1.0,0.0,0,1,0,0,0,-1,0.00,0.00
31.790,0.0,0.0,0.000,0.000,0.000,0.00,-1.0,0.0,0,1,0,0,0,-1,0.00,0.00
31.856,0.0,0.0,0.000,0.000,0.000,0.00,-1.0,0.0,0,1,0,0,0,-1,0.00,0.00
31.906,0.0,0.0,0.000,0.000,0.000,0.00,-1.0,0.0,0,1,0,0,0,-1,0.00,0.00
31.957,0.0,0.0,0.000,0.000,0.000,0.00,-1.0,0.0,0,1,0,0,0,-1,0.00,0.00
32.011,0.0,0.0,0.000,0.000,0.000,0.00,-1.0,0.0,0,1,0,0,0,-1,0.00,0.00
32.073,0.0,0.0,0.000,0.000,0.000,0.00,-1.0,0.0,0,1,0,0,0,-1,0.00,0.00
32.140,0.0,0.0,0.000,0.000,0.000,0.00,-1.0,0.0,0,1,0,0,0,-1,0.00,0.00
32.191,0.0,0.0,0.000,0.000,0.000,0.00,-1.0,0.0,0,1,0,0,0,-1,0.00,0.00
32.256,0.0,0.0,0.000,0.000,0.000,0.00,-1.0,0.0,0,1,0,0,0,-1,0.00,0.00
32.307,0.0,0.0,0.000,0.000,0.000,0.00,-1.0,0.0,0,1,0,0,0,-1,0.00,0.00
32.359,0.0,0.0,0.000,0.000,0.000,0.00,-1.0,0.0,0,1,0,0,0,-1,0.00,0.00
32.423,0.0,0.0,0.000,0.000,0.000,0.00,-1.0,0.0,0,1,0,0,0,-1,0.00,0.00
32.489,0.0,0.0,0.000,0.000,0.000,0.00,-1.0,0.0,0,1,0,0,0,-1,0.00,0.00
32.542,0.0,0.0,0.000,0.000,0.000,0.00,-1.0,0.0,0,1,0,0,0,-1,0.00,0.00
32.608,0.0,0.0,0.000,0.000,0.000,0.00,-1.0,0.0,0,1,0,0,0,-1,0.00,0.00
32.670,0.0,0.0,0.000,0.000,0.000,0.00,-1.0,0.0,0,1,0,0,0,-1,0.00,0.00
32.723,0.0,0.0,0.000,0.000,0.000,0.00,-1.0,0.0,0,1,0,0,0,-1,0.00,0.00
32.773,0.0,0.0,0.000,0.000,0.000,0.00,-1.0,0.0,0,1,0,0,0,-1,0.00,0.00
32.824,0.0,0.0,0.000,0.000,0.000,0.00,-1.0,0.0,0,1,0,0,0,-1,0.00,0.00
32.891,0.0,0.0,0.000,0.000,0.000,0.00,-1.0,0.0,0,1,0,0,0,-1,0.00,0.00
32.955,0.0,0.0,0.000,0.000,0.000,0.00,-1.0,0.0,0,1,0,0,0,-1,0.00,0.00
33.008,0.0,0.0,0.000,0.000,0.000,0.00,-1.0,0.0,0,1,0,0,0,-1,0.00,0.00
33.076,0.0,0.0,0.000,0.000,0.000,0.00,-1.0,0.0,0,1,0,0,0,-1,0.00,0.00
33.139,0.0,0.0,0.000,0.000,0.000,0.00,-1.0,0.0,0,1,0,0,0,-1,0.00,0.00
33.189,0.0,0.0,0.000,0.000,0.000,0.00,-1.0,0.0,0,1,0,0,0,-1,0.00,0.00
33.241,0.0,0.0,0.000,0.000,0.000,0.00,-1.0,0.0,0,1,0,0,0,-1,0.00,0.00
33.307,0.0,0.0,0.000,0.000,0.000,0.00,-1.0,0.0,0,1,0,0,0,-1,0.00,0.00
33.358,0.0,0.0,0.000,0.000,0.000,0.00,-1.0,0.0,0,1,0,0,0,-1,0.00,0.00
33.423,0.0,0.0,0.000,0.000,0.000,0.00,-1.0,0.0,0,1,0,0,0,-1,0.00,0.00
33.475,0.0,0.0,0.000,0.000,0.000,0.00,-1.0,0.0,0,1,0,0,0,-1,0.00,0.00
33.538,0.0,0.0,0.000,0.000,0.000,0.00,-1.0,0.0,0,1,0,0,0,-1,0.00,0.00
33.590,0.0,0.0,0.000,0.000,0.000,0.00,-1.0,0.0,0,1,0,0,0,-1,0.00,0.00
33.658,0.0,0.0,0.000,0.000,0.000,0.00,-1.0,0.0,0,1,0,0,0,-1,0.00,0.00
33.709,0.0,0.0,0.000,0.000,0.000,0.00,-1.0,0.0,0,1,0,0,0,-1,0.00,0.00
33.773,0.0,0.0,0.000,0.000,0.000,0.00,-1.0,0.0,0,1,0,0,0,-1,0.00,0.00
33.823,0.0,0.0,0.000,0.000,0.000,0.00,-1.0,0.0,0,1,0,0,0,-1,0.00,0.00
33.890,0.0,0.0,0.000,0.000,0.000,0.00,-1.0,0.0,0,1,0,0,0,-1,0.00,0.00
33.940,0.0,0.0,0.000,0.000,0.000,0.00,-1.0,0.0,0,1,0,0,0,-1,0.00,0.00
34.006,0.0,0.0,0.000,0.000,0.000,0.00,-1.0,0.0,0,1,0,0,0,-1,0.00,0.00
34.056,0.0,0.0,0.000,0.000,0.000,0.00,-1.0,0.0,0,1,0,0,0,-1,0.00,0.00
34.106,0.0,0.0,0.000,0.000,0.000,0.00,-1.0,0.0,0,1,0,0,0,-1,0.00,0.00
34.172,0.0,0.0,0.000,0.000,0.000,0.00,-1.0,0.0,0,1,0,0,0,-1,0.00,0.00
34.222,0.0,0.0,0.000,0.000,0.000,0.00,-1.0,0.0,0,1,0,0,0,-1,0.00,0.00
34.290,0.0,0.0,0.000,0.000,0.000,0.00,-1.0,0.0,0,1,0,0,0,-1,0.00,0.00
34.356,0.0,0.0,0.000,0.000,0.000,0.00,-1.0,0.0,0,1,0,0,0,-1,0.00,0.00
34.407,0.0,0.0,0.000,0.000,0.000,0.00,-1.0,0.0,0,1,0,0,0,-1,0.00,0.00
34.472,0.0,0.0,0.000,0.000,0.000,0.00,-1.0,0.0,0,1,0,0,0,-1,0.00,0.00
34.524,0.0,0.0,0.000,0.000,0.000,0.00,-1.0,0.0,0,1,0,0,0,-1,0.00,0.00
34.589,0.0,0.0,0.000,0.000,0.000,0.00,-1.0,0.0,0,1,0,0,0,-1,0.00,0.00
34.639,0.0,0.0,0.000,0.000,0.000,0.00,-1.0,0.0,0,1,0,0,0,-1,0.00,0.00
34.690,0.0,0.0,0.000,0.000,0.000,0.00,-1.0,0.0,0,1,0,0,0,-1,0.00,0.00
34.756,0.0,0.0,0.000,0.000,0.000,0.00,-1.0,0.0,0,1,0,0,0,-1,0.00,0.00
34.807,0.0,0.0,0.000,0.000,0.000,0.00,-1.0,0.0,0,1,0,0,0,-1,0.00,0.00
34.873,0.0,0.0,0.000,0.000,0.000,0.00,-1.0,0.0,0,1,0,0,0,-1,0.00,0.00
34.941,0.0,0.0,0.000,0.000,0.000,0.00,-1.0,0.0,0,1,0,0,0,-1,0.00,0.00
34.991,0.0,0.0,0.000,0.000,0.000,0.00,-1.0,0.0,0,1,0,0,0,-1,0.00,0.00
35.057,0.0,0.0,0.000,0.000,0.000,0.00,-1.0,0.0,0,1,0,0,0,-1,0.00,0.00
35.108,0.0,0.0,0.000,0.000,0.000,0.00,-1.0,0.0,0,1,0,0,0,-1,0.00,0.00
35.173,0.0,0.0,0.000,0.000,0.000,0.00,-1.0,0.0,0,1,0,0,0,-1,0.00,0.00
35.240,0.0,0.0,0.000,0.000,0.000,0.00,-1.0,0.0,0,1,0,0,0,-1,0.00,0.00
35.312,0.0,0.0,0.000,0.000,0.000,0.00,-1.0,0.0,0,1,0,0,0,-1,0.00,0.00
35.373,0.0,0.0,0.000,0.000,0.000,0.00,-1.0,0.0,0,1,0,0,0,-1,0.00,0.00
35.439,0.0,0.0,0.000,0.000,0.000,0.00,-1.0,0.0,0,1,0,0,0,-1,0.00,0.00
35.506,0.0,0.0,0.000,0.000,0.000,0.00,-1.0,0.0,0,1,0,0,0,-1,0.00,0.00
35.557,0.0,0.0,0.000,0.000,0.000,0.00,-1.0,0.0,0,1,0,0,0,-1,0.00,0.00
35.622,0.0,0.0,0.000,0.000,0.000,0.00,-1.0,0.0,0,1,0,0,0,-1,0.00,0.00
35.672,0.0,0.0,0.000,0.000,0.000,0.00,-1.0,0.0,0,1,0,0,0,-1,0.00,0.00
35.724,0.0,0.0,0.000,0.000,0.000,0.00,-1.0,0.0,0,1,0,0,0,-1,0.00,0.00
35.775,0.0,0.0,0.000,0.000,0.000,0.00,-1.0,0.0,0,1,0,0,0,-1,0.00,0.00
35.841,0.0,0.0,0.000,0.000,0.000,0.00,-1.0,0.0,0,1,0,0,0,-1,0.00,0.00
35.906,0.0,0.0,0.000,0.000,0.000,0.00,-1.0,0.0,0,1,0,0,0,-1,0.00,0.00
35.974,0.0,0.0,0.000,0.000,0.000,0.00,-1.0,0.0,0,1,0,0,0,-1,0.00,0.00
36.039,0.0,0.0,0.000,0.000,0.000,0.00,-1.0,0.0,0,1,0,0,0,-1,0.00,0.00
36.089,0.0,0.0,0.000,0.000,0.000,0.00,-1.0,0.0,0,1,0,0,0,-1,0.00,0.00
36.158,0.0,0.0,0.000,0.000,0.000,0.00,-1.0,0.0,0,1,0,0,0,-1,0.00,0.00
36.223,0.0,0.0,0.000,0.000,0.000,0.00,-1.0,0.0,0,1,0,0,0,-1,0.00,0.00
36.273,0.0,0.0,0.000,0.000,0.000,0.00,-1.0,0.0,0,1,0,0,0,-1,0.00,0.00
36.324,0.0,0.0,0.000,0.000,0.000,0.00,-1.0,0.0,0,1,0,0,0,-1,0.00,0.00
36.374,0.0,0.0,0.000,0.000,0.000,0.00,-1.0,0.0,0,1,0,0,0,-1,0.00,0.00
36.438,0.0,0.0,0.000,0.000,0.000,0.00,-1.0,0.0,0,1,0,0,0,-1,0.00,0.00
36.491,0.0,0.0,0.000,0.000,0.000,0.00,-1.0,0.0,0,1,0,0,0,-1,0.00,0.00
36.556,0.0,0.0,0.000,0.000,0.000,0.00,-1.0,0.0,0,1,0,0,0,-1,0.00,0.00
36.623,0.0,0.0,0.000,0.000,0.000,0.00,-1.0,0.0,0,1,0,0,0,-1,0.00,0.00
36.689,0.0,0.0,0.000,0.000,0.000,0.00,-1.0,0.0,0,1,0,0,0,-1,0.00,0.00
36.740,0.0,0.0,0.000,0.000,0.000,0.00,-1.0,0.0,0,1,0,0,0,-1,0.00,0.00
36.806,0.0,0.0,0.000,0.000,0.000,0.00,-1.0,0.0,0,1,0,0,0,-1,0.00,0.00
36.856,0.0,0.0,0.000,0.000,0.000,0.00,-1.0,0.0,0,1,0,0,0,-1,0.00,0.00
36.906,0.0,0.0,0.000,0.000,0.000,0.00,-1.0,0.0,0,1,0,0,0,-1,0.00,0.00
36.958,0.0,0.0,0.000,0.000,0.000,0.00,-1.0,0.0,0,1,0,0,0,-1,0.00,0.00
37.023,0.0,0.0,0.000,0.000,0.000,0.00,-1.0,0.0,0,1,0,0,0,-1,0.00,0.00
37.074,0.0,0.0,0.000,0.000,0.000,0.00,-1.0,0.0,0,1,0,0,0,-1,0.00,0.00
37.139,0.0,0.0,0.000,0.000,0.000,0.00,-1.0,0.0,0,1,0,0,0,-1,0.00,0.00
37.190,0.0,0.0,0.000,0.000,0.000,0.00,-1.0,0.0,0,1,0,0,0,-1,0.00,0.00
37.240,0.0,0.0,0.000,0.000,0.000,0.00,-1.0,0.0,0,1,0,0,0,-1,0.00,0.00
37.304,0.0,0.0,0.000,0.000,0.000,0.00,-1.0,0.0,0,1,0,0,0,-1,0.00,0.00
37.356,0.0,0.0,0.000,0.000,0.000,0.00,-1.0,0.0,0,1,0,0,0,-1,0.00,0.00
37.407,0.0,0.0,0.000,0.000,0.000,0.00,-1.0,0.0,0,1,0,0,0,-1,0.00,0.00
37.472,0.0,0.0,0.000,0.000,0.000,0.00,-1.0,0.0,0,1,0,0,0,-1,0.00,0.00
37.539,0.0,0.0,0.000,0.000,0.000,0.00,-1.0,0.0,0,1,0,0,0,-1,0.00,0.00
37.589,0.0,0.0,0.000,0.000,0.000,0.00,-1.0,0.0,0,1,0,0,0,-1,0.00,0.00
37.639,0.0,0.0,0.000,0.000,0.000,0.00,-1.0,0.0,0,1,0,0,0,-1,0.00,0.00
37.693,0.0,0.0,0.000,0.000,0.000,0.00,-1.0,0.0,0,1,0,0,0,-1,0.00,0.00
37.746,0.0,0.0,0.000,0.000,0.000,0.00,-1.0,0.0,0,1,0,0,0,-1,0.00,0.00
37.811,0.0,0.0,0.000,0.000,0.000,0.00,-1.0,0.0,0,1,0,0,0,-1,0.00,0.00
37.877,0.0,0.0,0.000,0.000,0.000,0.00,-1.0,0.0,0,1,0,0,0,-1,0.00,0.00
37.941,0.0,0.0,0.000,0.000,0.000,0.00,-1.0,0.0,0,1,0,0,0,-1,0.00,0.00
38.001,0.0,0.0,0.000,0.000,0.000,0.00,-1.0,0.0,0,1,0,0,0,-1,0.00,0.00
38.052,0.0,0.0,0.000,0.000,0.000,0.00,-1.0,0.0,0,1,0,0,0,-1,0.00,0.00
38.125,0.0,0.0,0.000,0.000,0.000,0.00,-1.0,0.0,0,1,0,0,0,-1,0.00,0.00
38.185,0.0,0.0,0.000,0.000,0.000,0.00,-1.0,0.0,0,1,0,0,0,-1,0.00,0.00
38.235,0.0,0.0,0.000,0.000,0.000,0.00,-1.0,0.0,0,1,0,0,0,-1,0.00,0.00
38.301,0.0,0.0,0.000,0.000,0.000,0.00,-1.0,0.0,0,1,0,0,0,-1,0.00,0.00
38.352,0.0,0.0,0.000,0.000,0.000,0.00,-1.0,0.0,0,1,0,0,0,-1,0.00,0.00
38.402,0.0,0.0,0.000,0.000,0.000,0.00,-1.0,0.0,0,1,0,0,0,-1,0.00,0.00
38.468,0.0,0.0,0.000,0.000,0.000,0.00,-1.0,0.0,0,1,0,0,0,-1,0.00,0.00
38.557,0.0,0.0,0.000,0.000,0.000,0.00,-1.0,0.0,0,1,0,0,0,-1,0.00,0.00
38.616,0.0,0.0,0.000,0.000,0.000,0.00,-1.0,0.0,0,1,0,0,0,-1,0.00,0.00
38.678,0.0,0.0,0.000,0.000,0.000,0.00,-1.0,0.0,0,1,0,0,0,-1,0.00,0.00
38.729,0.0,0.0,0.000,0.000,0.000,0.00,-1.0,0.0,0,1,0,0,0,-1,0.00,0.00
38.796,0.0,0.0,0.000,0.000,0.000,0.00,-1.0,0.0,0,1,0,0,0,-1,0.00,0.00
38.846,0.0,0.0,0.000,0.000,0.000,0.00,-1.0,0.0,0,1,0,0,0,-1,0.00,0.00
38.896,0.0,0.0,0.000,0.000,0.000,0.00,-1.0,0.0,0,1,0,0,0,-1,0.00,0.00
38.947,0.0,0.0,0.000,0.000,0.000,0.00,-1.0,0.0,0,1,0,0,0,-1,0.00,0.00
39.012,0.0,0.0,0.000,0.000,0.000,0.00,-1.0,0.0,0,1,0,0,0,-1,0.00,0.00
39.080,0.0,0.0,0.000,0.000,0.000,0.00,-1.0,0.0,0,1,0,0,0,-1,0.00,0.00
39.147,0.0,0.0,0.000,0.000,0.000,0.00,-1.0,0.0,0,1,0,0,0,-1,0.00,0.00
39.216,0.0,0.0,0.000,0.000,0.000,0.00,-1.0,0.0,0,1,0,0,0,-1,0.00,0.00
39.278,0.0,0.0,0.000,0.000,0.000,0.00,-1.0,0.0,0,1,0,0,0,-1,0.00,0.00
39.330,0.0,0.0,0.000,0.000,0.000,0.00,-1.0,0.0,0,1,0,0,0,-1,0.00,0.00
39.396,0.0,0.0,0.000,0.000,0.000,0.00,-1.0,0.0,0,1,0,0,0,-1,0.00,0.00
39.463,0.0,0.0,0.000,0.000,0.000,0.00,-1.0,0.0,0,1,0,0,0,-1,0.00,0.00
39.529,0.0,0.0,0.000,0.000,0.000,0.00,-1.0,0.0,0,1,0,0,0,-1,0.00,0.00
39.594,0.0,0.0,0.000,0.000,0.000,0.00,-1.0,0.0,0,1,0,0,0,-1,0.00,0.00
39.647,0.0,0.0,0.000,0.000,0.000,0.00,-1.0,0.0,0,1,0,0,0,-1,0.00,0.00
39.697,0.0,0.0,0.000,0.000,0.000,0.00,-1.0,0.0,0,1,0,0,0,-1,0.00,0.00
39.762,0.0,0.0,0.000,0.000,0.000,0.00,-1.0,0.0,0,1,0,0,0,-1,0.00,0.00
39.813,0.0,0.0,0.000,0.000,0.000,0.00,-1.0,0.0,0,1,0,0,0,-1,0.00,0.00
39.863,0.0,0.0,0.000,0.000,0.000,0.00,-1.0,0.0,0,1,0,0,0,-1,0.00,0.00
39.930,0.0,0.0,0.000,0.000,0.000,0.00,-1.0,0.0,0,1,0,0,0,-1,0.00,0.00
39.980,0.0,0.0,0.000,0.000,0.000,0.00,-1.0,0.0,0,1,0,0,0,-1,0.00,0.00
40.045,0.0,0.0,0.000,0.000,0.000,0.00,-1.0,0.0,0,1,0,0,0,-1,0.00,0.00
40.096,0.0,0.0,0.000,0.000,0.000,0.00,-1.0,0.0,0,1,0,0,0,-1,0.00,0.00
40.163,0.0,0.0,0.000,0.000,0.000,0.00,-1.0,0.0,0,1,0,0,0,-1,0.00,0.00
40.228,0.0,0.0,0.000,0.000,0.000,0.00,-1.0,0.0,0,1,0,0,0,-1,0.00,0.00
40.278,0.0,0.0,0.000,0.000,0.000,0.00,-1.0,0.0,0,1,0,0,0,-1,0.00,0.00
40.328,0.0,0.0,0.000,0.000,0.000,0.00,-1.0,0.0,0,1,0,0,0,-1,0.00,0.00
40.380,0.0,0.0,0.000,0.000,0.000,0.00,-1.0,0.0,0,1,0,0,0,-1,0.00,0.00
40.448,0.0,0.0,0.000,0.000,0.000,0.00,-1.0,0.0,0,1,0,0,0,-1,0.00,0.00
40.512,0.0,0.0,0.000,0.000,0.000,0.00,-1.0,0.0,0,1,0,0,0,-1,0.00,0.00
40.564,0.0,0.0,0.000,0.000,0.000,0.00,-1.0,0.0,0,1,0,0,0,-1,0.00,0.00
40.629,0.0,0.0,0.000,0.000,0.000,0.00,-1.0,0.0,0,1,0,0,0,-1,0.00,0.00
40.695,0.0,0.0,0.000,0.000,0.000,0.00,-1.0,0.0,0,1,0,0,0,-1,0.00,0.00
40.746,0.0,0.0,0.000,0.000,0.000,0.00,-1.0,0.0,0,1,0,0,0,-1,0.00,0.00
40.797,0.0,0.0,0.000,0.000,0.000,0.00,-1.0,0.0,0,1,0,0,0,-1,0.00,0.00
40.887,0.0,0.0,0.000,0.000,0.000,0.00,-1.0,0.0,0,1,0,0,0,-1,0.00,0.00
40.952,0.0,0.0,0.000,0.000,0.000,0.00,-1.0,0.0,0,1,0,0,0,-1,0.00,0.00
41.014,0.0,0.0,0.000,0.000,0.000,0.00,-1.0,0.0,0,1,0,0,0,-1,0.00,0.00
41.070,0.0,0.0,0.000,0.000,0.000,0.00,-1.0,0.0,0,1,0,0,0,-1,0.00,0.00
41.133,0.0,0.0,0.000,0.000,0.000,0.00,-1.0,0.0,0,1,0,0,0,-1,0.00,0.00
41.189,0.0,0.0,0.000,0.000,0.000,0.00,-1.0,0.0,0,1,0,0,0,-1,0.00,0.00
41.249,0.0,0.0,0.000,0.000,0.000,0.00,-1.0,0.0,0,1,0,0,0,-1,0.00,0.00
41.300,0.0,0.0,0.000,0.000,0.000,0.00,-1.0,0.0,0,1,0,0,0,-1,0.00,0.00
41.351,0.0,0.0,0.000,0.000,0.000,0.00,-1.0,0.0,0,1,0,0,0,-1,0.00,0.00
41.418,0.0,0.0,0.000,0.000,0.000,0.00,-1.0,0.0,0,1,0,0,0,-1,0.00,0.00
41.483,0.0,0.0,0.000,0.000,0.000,0.00,-1.0,0.0,0,1,0,0,0,-1,0.00,0.00
41.534,0.0,0.0,0.000,0.000,0.000,0.00,-1.0,0.0,0,1,0,0,0,-1,0.00,0.00
41.584,0.0,0.0,0.000,0.000,0.000,0.00,-1.0,0.0,0,1,0,0,0,-1,0.00,0.00
41.652,0.0,0.0,0.000,0.000,0.000,0.00,-1.0,0.0,0,1,0,0,0,-1,0.00,0.00
41.718,0.0,0.0,0.000,0.000,0.000,0.00,-1.0,0.0,0,1,0,0,0,-1,0.00,0.00
41.770,0.0,0.0,0.000,0.000,0.000,0.00,-1.0,0.0,0,1,0,0,0,-1,0.00,0.00
41.833,0.0,0.0,0.000,0.000,0.000,0.00,-1.0,0.0,0,1,0,0,0,-1,0.00,0.00
41.899,0.0,0.0,0.000,0.000,0.000,0.00,-1.0,0.0,0,1,0,0,0,-1,0.00,0.00
41.950,0.0,0.0,0.000,0.000,0.000,0.00,-1.0,0.0,0,1,0,0,0,-1,0.00,0.00
42.018,0.0,0.0,0.000,0.000,0.000,0.00,-1.0,0.0,0,1,0,0,0,-1,0.00,0.00
42.073,0.0,0.0,0.000,0.000,0.000,0.00,-1.0,0.0,0,1,0,0,0,-1,0.00,0.00
42.137,0.0,0.0,0.000,0.000,0.000,0.00,-1.0,0.0,0,1,0,0,0,-1,0.00,0.00
42.190,0.0,0.0,0.000,0.000,0.000,0.00,-1.0,0.0,0,1,0,0,0,-1,0.00,0.00
42.249,0.0,0.0,0.000,0.000,0.000,0.00,-1.0,0.0,0,1,0,0,0,-1,0.00,0.00
42.303,0.0,0.0,0.000,0.000,0.000,0.00,-1.0,0.0,0,1,0,0,0,-1,0.00,0.00
42.372,0.0,0.0,0.000,0.000,0.000,0.00,-1.0,0.0,0,1,0,0,0,-1,0.00,0.00
42.438,0.0,0.0,0.000,0.000,0.000,0.00,-1.0,0.0,0,1,0,0,0,-1,0.00,0.00
42.504,0.0,0.0,0.000,0.000,0.000,0.00,-1.0,0.0,0,1,0,0,0,-1,0.00,0.00
42.557,0.0,0.0,0.000,0.000,0.000,0.00,-1.0,0.0,0,1,0,0,0,-1,0.00,0.00
42.623,0.0,0.0,0.000,0.000,0.000,0.00,-1.0,0.0,0,1,0,0,0,-1,0.00,0.00
42.673,0.0,0.0,0.000,0.000,0.000,0.00,-1.0,0.0,0,1,0,0,0,-1,0.00,0.00
42.740,0.0,0.0,0.000,0.000,0.000,0.00,-1.0,0.0,0,1,0,0,0,-1,0.00,0.00
42.805,0.0,0.0,0.000,0.000,0.000,0.00,-1.0,0.0,0,1,0,0,0,-1,0.00,0.00
42.858,0.0,0.0,0.000,0.000,0.000,0.00,-1.0,0.0,0,1,0,0,0,-1,0.00,0.00
42.920,0.0,0.0,0.000,0.000,0.000,0.00,-1.0,0.0,0,1,0,0,0,-1,0.00,0.00
42.970,0.0,0.0,0.000,0.000,0.000,0.00,-1.0,0.0,0,1,0,0,0,-1,0.00,0.00
43.020,0.0,0.0,0.000,0.000,0.000,0.00,-1.0,0.0,0,1,0,0,0,-1,0.00,0.00
43.072,0.0,0.0,0.000,0.000,0.000,0.00,-1.0,0.0,0,1,0,0,0,-1,0.00,0.00
43.138,0.0,0.0,0.000,0.000,0.000,0.00,-1.0,0.0,0,1,0,0,0,-1,0.00,0.00
43.189,0.0,0.0,0.000,0.000,0.000,0.00,-1.0,0.0,0,1,0,0,0,-1,0.00,0.00
43.254,0.0,0.0,0.000,0.000,0.000,0.00,-1.0,0.0,0,1,0,0,0,-1,0.00,0.00
43.320,0.0,0.0,0.000,0.000,0.000,0.00,-1.0,0.0,0,1,0,0,0,-1,0.00,0.00
43.370,0.0,0.0,0.000,0.000,0.000,0.00,-1.0,0.0,0,1,0,0,0,-1,0.00,0.00
43.422,0.0,0.0,0.000,0.000,0.000,0.00,-1.0,0.0,0,1,0,0,0,-1,0.00,0.00
43.487,0.0,0.0,0.000,0.000,0.000,0.00,-1.0,0.0,0,1,0,0,0,-1,0.00,0.00
43.538,0.0,0.0,0.000,0.000,0.000,0.00,-1.0,0.0,0,1,0,0,0,-1,0.00,0.00
43.604,0.0,0.0,0.000,0.000,0.000,0.00,-1.0,0.0,0,1,0,0,0,-1,0.00,0.00
43.658,0.0,0.0,0.000,0.000,0.000,0.00,-1.0,0.0,0,1,0,0,0,-1,0.00,0.00
43.720,0.0,0.0,0.000,0.000,0.000,0.00,-1.0,0.0,0,1,0,0,0,-1,0.00,0.00
43.770,0.0,0.0,0.000,0.000,0.000,0.00,-1.0,0.0,0,1,0,0,0,-1,0.00,0.00
43.821,0.0,0.0,0.000,0.000,0.000,0.00,-1.0,0.0,0,1,0,0,0,-1,0.00,0.00
43.888,0.0,0.0,0.000,0.000,0.000,0.00,-1.0,0.0,0,1,0,0,0,-1,0.00,0.00
43.953,0.0,0.0,0.000,0.000,0.000,0.00,-1.0,0.0,0,1,0,0,0,-1,0.00,0.00
44.005,0.0,0.0,0.000,0.000,0.000,0.00,-1.0,0.0,0,1,0,0,0,-1,0.00,0.00
44.088,0.0,0.0,0.000,0.000,0.000,0.00,-1.0,0.0,0,1,0,0,0,-1,0.00,0.00
44.158,0.0,0.0,0.000,0.000,0.000,0.00,-1.0,0.0,0,1,0,0,0,-1,0.00,0.00
44.211,0.0,0.0,0.000,0.000,0.000,0.00,-1.0,0.0,0,1,0,0,0,-1,0.00,0.00
44.282,0.0,0.0,0.000,0.000,0.000,0.00,-1.0,0.0,0,1,0,0,0,-1,0.00,0.00
44.341,0.0,0.0,0.000,0.000,0.000,0.00,-1.0,0.0,0,1,0,0,0,-1,0.00,0.00
44.393,0.0,0.0,0.000,0.000,0.000,0.00,-1.0,0.0,0,1,0,0,0,-1,0.00,0.00
44.459,0.0,0.0,0.000,0.000,0.000,0.00,-1.0,0.0,0,1,0,0,0,-1,0.00,0.00
44.509,0.0,0.0,0.000,0.000,0.000,0.00,-1.0,0.0,0,1,0,0,0,-1,0.00,0.00
44.575,0.0,0.0,0.000,0.000,0.000,0.00,-1.0,0.0,0,1,0,0,0,-1,0.00,0.00
44.633,0.0,0.0,0.000,0.000,0.000,0.00,-1.0,0.0,0,1,0,0,0,-1,0.00,0.00
44.692,0.0,0.0,0.000,0.000,0.000,0.00,-1.0,0.0,0,1,0,0,0,-1,0.00,0.00
44.743,0.0,0.0,0.000,0.000,0.000,0.00,-1.0,0.0,0,1,0,0,0,-1,0.00,0.00
44.810,0.0,0.0,0.000,0.000,0.000,0.00,-1.0,0.0,0,1,0,0,0,-1,0.00,0.00
44.861,0.0,0.0,0.000,0.000,0.000,0.00,-1.0,0.0,0,1,0,0,0,-1,0.00,0.00
44.925,0.0,0.0,0.000,0.000,0.000,0.00,-1.0,0.0,0,1,0,0,0,-1,0.00,0.00
44.977,0.0,0.0,0.000,0.000,0.000,0.00,-1.0,0.0,0,1,0,0,0,-1,0.00,0.00
45.042,0.0,0.0,0.000,0.000,0.000,0.00,-1.0,0.0,0,1,0,0,0,-1,0.00,0.00
45.094,0.0,0.0,0.000,0.000,0.000,0.00,-1.0,0.0,0,1,0,0,0,-1,0.00,0.00
45.159,0.0,0.0,0.000,0.000,0.000,0.00,-1.0,0.0,0,1,0,0,0,-1,0.00,0.00
45.209,0.0,0.0,0.000,0.000,0.000,0.00,-1.0,0.0,0,1,0,0,0,-1,0.00,0.00
45.276,0.0,0.0,0.000,0.000,0.000,0.00,-1.0,0.0,0,1,0,0,0,-1,0.00,0.00
45.327,0.0,0.0,0.000,0.000,0.000,0.00,-1.0,0.0,0,1,0,0,0,-1,0.00,0.00
45.394,0.0,0.0,0.000,0.000,0.000,0.00,-1.0,0.0,0,1,0,0,0,-1,0.00,0.00
45.459,0.0,0.0,0.000,0.000,0.000,0.00,-1.0,0.0,0,1,0,0,0,-1,0.00,0.00
45.514,0.0,0.0,0.000,0.000,0.000,0.00,-1.0,0.0,0,1,0,0,0,-1,0.00,0.00
45.575,0.0,0.0,0.000,0.000,0.000,0.00,-1.0,0.0,0,1,0,0,0,-1,0.00,0.00
45.628,0.0,0.0,0.000,0.000,0.000,0.00,-1.0,0.0,0,1,0,0,0,-1,0.00,0.00
45.691,0.0,0.0,0.000,0.000,0.000,0.00,-1.0,0.0,0,1,0,0,0,-1,0.00,0.00
45.759,0.0,0.0,0.000,0.000,0.000,0.00,-1.0,0.0,0,1,0,0,0,-1,0.00,0.00
45.814,0.0,0.0,0.000,0.000,0.000,0.00,-1.0,0.0,0,1,0,0,0,-1,0.00,0.00
45.875,0.0,0.0,0.000,0.000,0.000,0.00,-1.0,0.0,0,1,0,0,0,-1,0.00,0.00
45.925,0.0,0.0,0.000,0.000,0.000,0.00,-1.0,0.0,0,1,0,0,0,-1,0.00,0.00
45.976,0.0,0.0,0.000,0.000,0.000,0.00,-1.0,0.0,0,1,0,0,0,-1,0.00,0.00
46.042,0.0,0.0,0.000,0.000,0.000,0.00,-1.0,0.0,0,1,0,0,0,-1,0.00,0.00
46.110,0.0,0.0,0.000,0.000,0.000,0.00,-1.0,0.0,0,1,0,0,0,-1,0.00,0.00
46.175,0.0,0.0,0.000,0.000,0.000,0.00,-1.0,0.0,0,1,0,0,0,-1,0.00,0.00
46.228,0.0,0.0,0.000,0.000,0.000,0.00,-1.0,0.0,0,1,0,0,0,-1,0.00,0.00
46.293,0.0,0.0,0.000,0.000,0.000,0.00,-1.0,0.0,0,1,0,0,0,-1,0.00,0.00
46.359,0.0,0.0,0.000,0.000,0.000,0.00,-1.0,0.0,0,1,0,0,0,-1,0.00,0.00
46.409,0.0,0.0,0.000,0.000,0.000,0.00,-1.0,0.0,0,1,0,0,0,-1,0.00,0.00
46.459,0.0,0.0,0.000,0.000,0.000,0.00,-1.0,0.0,0,1,0,0,0,-1,0.00,0.00
46.511,0.0,0.0,0.000,0.000,0.000,0.00,-1.0,0.0,0,1,0,0,0,-1,0.00,0.00
46.576,0.0,0.0,0.000,0.000,0.000,0.00,-1.0,0.0,0,1,0,0,0,-1,0.00,0.00
46.642,0.0,0.0,0.000,0.000,0.000,0.00,-1.0,0.0,0,1,0,0,0,-1,0.00,0.00
46.693,0.0,0.0,0.000,0.000,0.000,0.00,-1.0,0.0,0,1,0,0,0,-1,0.00,0.00
46.761,0.0,0.0,0.000,0.000,0.000,0.00,-1.0,0.0,0,1,0,0,0,-1,0.00,0.00
46.826,0.0,0.0,0.000,0.000,0.000,0.00,-1.0,0.0,0,1,0,0,0,-1,0.00,0.00
46.877,0.0,0.0,0.000,0.000,0.000,0.00,-1.0,0.0,0,1,0,0,0,-1,0.00,0.00
46.943,0.0,0.0,0.000,0.000,0.000,0.00,-1.0,0.0,0,1,0,0,0,-1,0.00,0.00
47.010,0.0,0.0,0.000,0.000,0.000,0.00,-1.0,0.0,0,1,0,0,0,-1,0.00,0.00
47.075,0.0,0.0,0.000,0.000,0.000,0.00,-1.0,0.0,0,1,0,0,0,-1,0.00,0.00
47.136,0.0,0.0,0.000,0.000,0.000,0.00,-1.0,0.0,0,1,0,0,0,-1,0.00,0.00
47.203,0.0,0.0,0.000,0.000,0.000,0.00,-1.0,0.0,0,1,0,0,0,-1,0.00,0.00
47.269,0.0,0.0,0.000,0.000,0.000,0.00,-1.0,0.0,0,1,0,0,0,-1,0.00,0.00
47.335,0.0,0.0,0.000,0.000,0.000,0.00,-1.0,0.0,0,1,0,0,0,-1,0.00,0.00
47.387,0.0,0.0,0.000,0.000,0.000,0.00,-1.0,0.0,0,1,0,0,0,-1,0.00,0.00
47.451,0.0,0.0,0.000,0.000,0.000,0.00,-1.0,0.0,0,1,0,0,0,-1,0.00,0.00
47.519,0.0,0.0,0.000,0.000,0.000,0.00,-1.0,0.0,0,1,0,0,0,-1,0.00,0.00
47.585,0.0,0.0,0.000,0.000,0.000,0.00,-1.0,0.0,0,1,0,0,0,-1,0.00,0.00
47.635,0.0,0.0,0.000,0.000,0.000,0.00,-1.0,0.0,0,1,0,0,0,-1,0.00,0.00
47.701,0.0,0.0,0.000,0.000,0.000,0.00,-1.0,0.0,0,1,0,0,0,-1,0.00,0.00
47.752,0.0,0.0,0.000,0.000,0.000,0.00,-1.0,0.0,0,1,0,0,0,-1,0.00,0.00
47.802,0.0,0.0,0.000,0.000,0.000,0.00,-1.0,0.0,0,1,0,0,0,-1,0.00,0.00
47.868,0.0,0.0,0.000,0.000,0.000,0.00,-1.0,0.0,0,1,0,0,0,-1,0.00,0.00
47.919,0.0,0.0,0.000,0.000,0.000,0.00,-1.0,0.0,0,1,0,0,0,-1,0.00,0.00
47.986,0.0,0.0,0.000,0.000,0.000,0.00,-1.0,0.0,0,1,0,0,0,-1,0.00,0.00
48.053,0.0,0.0,0.000,0.000,0.000,0.00,-1.0,0.0,0,1,0,0,0,-1,0.00,0.00
48.117,0.0,0.0,0.000,0.000,0.000,0.00,-1.0,0.0,0,1,0,0,0,-1,0.00,0.00
48.168,0.0,0.0,0.000,0.000,0.000,0.00,-1.0,0.0,0,1,0,0,0,-1,0.00,0.00
48.219,0.0,0.0,0.000,0.000,0.000,0.00,-1.0,0.0,0,1,0,0,0,-1,0.00,0.00
48.271,0.0,0.0,0.000,0.000,0.000,0.00,-1.0,0.0,0,1,0,0,0,-1,0.00,0.00
48.336,0.0,0.0,0.000,0.000,0.000,0.00,-1.0,0.0,0,1,0,0,0,-1,0.00,0.00
48.403,0.0,0.0,0.000,0.000,0.000,0.00,-1.0,0.0,0,1,0,0,0,-1,0.00,0.00
48.466,0.0,0.0,0.000,0.000,0.000,0.00,-1.0,0.0,0,1,0,0,0,-1,0.00,0.00
48.517,0.0,0.0,0.000,0.000,0.000,0.00,-1.0,0.0,0,1,0,0,0,-1,0.00,0.00
48.574,0.0,0.0,0.000,0.000,0.000,0.00,-1.0,0.0,0,1,0,0,0,-1,0.00,0.00
48.633,0.0,0.0,0.000,0.000,0.000,0.00,-1.0,0.0,0,1,0,0,0,-1,0.00,0.00
48.685,0.0,0.0,0.000,0.000,0.000,0.00,-1.0,0.0,0,1,0,0,0,-1,0.00,0.00
48.740,0.0,0.0,0.000,0.000,0.000,0.00,-1.0,0.0,0,1,0,0,0,-1,0.00,0.00
48.797,0.0,0.0,0.000,0.000,0.000,0.00,-1.0,0.0,0,1,0,0,0,-1,0.00,0.00
48.852,0.0,0.0,0.000,0.000,0.000,0.00,-1.0,0.0,0,1,0,0,0,-1,0.00,0.00
48.906,0.0,0.0,0.000,0.000,0.000,0.00,-1.0,0.0,0,1,0,0,0,-1,0.00,0.00
48.970,0.0,0.0,0.000,0.000,0.000,0.00,-1.0,0.0,0,1,0,0,0,-1,0.00,0.00
49.035,0.0,0.0,0.000,0.000,0.000,0.00,-1.0,0.0,0,1,0,0,0,-1,0.00,0.00
49.087,0.0,0.0,0.000,0.000,0.000,0.00,-1.0,0.0,0,1,0,0,0,-1,0.00,0.00
49.151,0.0,0.0,0.000,0.000,0.000,0.00,-1.0,0.0,0,1,0,0,0,-1,0.00,0.00
49.217,0.0,0.0,0.000,0.000,0.000,0.00,-1.0,0.0,0,1,0,0,0,-1,0.00,0.00
49.268,0.0,0.0,0.000,0.000,0.000,0.00,-1.0,0.0,0,1,0,0,0,-1,0.00,0.00
49.335,0.0,0.0,0.000,0.000,0.000,0.00,-1.0,0.0,0,1,0,0,0,-1,0.00,0.00
49.386,0.0,0.0,0.000,0.000,0.000,0.00,-1.0,0.0,0,1,0,0,0,-1,0.00,0.00
49.452,0.0,0.0,0.000,0.000,0.000,0.00,-1.0,0.0,0,1,0,0,0,-1,0.00,0.00
49.518,0.0,0.0,0.000,0.000,0.000,0.00,-1.0,0.0,0,1,0,0,0,-1,0.00,0.00
49.569,0.0,0.0,0.000,0.000,0.000,0.00,-1.0,0.0,0,1,0,0,0,-1,0.00,0.00
49.634,0.0,0.0,0.000,0.000,0.000,0.00,-1.0,0.0,0,1,0,0,0,-1,0.00,0.00
49.685,0.0,0.0,0.000,0.000,0.000,0.00,-1.0,0.0,0,1,0,0,0,-1,0.00,0.00
49.736,0.0,0.0,0.000,0.000,0.000,0.00,-1.0,0.0,0,1,0,0,0,-1,0.00,0.00
49.786,0.0,0.0,0.000,0.000,0.000,0.00,-1.0,0.0,0,1,0,0,0,-1,0.00,0.00
49.852,0.0,0.0,0.000,0.000,0.000,0.00,-1.0,0.0,0,1,0,0,0,-1,0.00,0.00
49.918,0.0,0.0,0.000,0.000,0.000,0.00,-1.0,0.0,0,1,0,0,0,-1,0.00,0.00
49.985,0.0,0.0,0.000,0.000,0.000,0.00,-1.0,0.0,0,1,0,0,0,-1,0.00,0.00
50.052,0.0,0.0,0.000,0.000,0.000,0.00,-1.0,0.0,0,1,0,0,0,-1,0.00,0.00
50.118,0.0,0.0,0.000,0.000,0.000,0.00,-1.0,0.0,0,1,0,0,0,-1,0.00,0.00
50.186,0.0,0.0,0.000,0.000,0.000,0.00,-1.0,0.0,0,1,0,0,0,-1,0.00,0.00
50.252,0.0,0.0,0.000,0.000,0.000,0.00,-1.0,0.0,0,1,0,0,0,-1,0.00,0.00
50.319,0.0,0.0,0.000,0.000,0.000,0.00,-1.0,0.0,0,1,0,0,0,-1,0.00,0.00
50.386,0.0,0.0,0.000,0.000,0.000,0.00,-1.0,0.0,0,1,0,0,0,-1,0.00,0.00
50.477,0.0,0.0,0.000,0.000,0.000,0.00,-1.0,0.0,0,1,0,0,0,-1,0.00,0.00
50.529,0.0,0.0,0.000,0.000,0.000,0.00,-1.0,0.0,0,1,0,0,0,-1,0.00,0.00
50.598,0.0,0.0,0.000,0.000,0.000,0.00,-1.0,0.0,0,1,0,0,0,-1,0.00,0.00
50.670,0.0,0.0,0.000,0.000,0.000,0.00,-1.0,0.0,0,1,0,0,0,-1,0.00,0.00
50.729,0.0,0.0,0.000,0.000,0.000,0.00,-1.0,0.0,0,1,0,0,0,-1,0.00,0.00
50.784,0.0,0.0,0.000,0.000,0.000,0.00,-1.0,0.0,0,1,0,0,0,-1,0.00,0.00
50.848,0.0,0.0,0.000,0.000,0.000,0.00,-1.0,0.0,0,1,0,0,0,-1,0.00,0.00
50.914,0.0,0.0,0.000,0.000,0.000,0.00,-1.0,0.0,0,1,0,0,0,-1,0.00,0.00
50.980,0.0,0.0,0.000,0.000,0.000,0.00,-1.0,0.0,0,1,0,0,0,-1,0.00,0.00
51.030,0.0,0.0,0.000,0.000,0.000,0.00,-1.0,0.0,0,1,0,0,0,-1,0.00,0.00
51.080,0.0,0.0,0.000,0.000,0.000,0.00,-1.0,0.0,0,1,0,0,0,-1,0.00,0.00
51.147,0.0,0.0,0.000,0.000,0.000,0.00,-1.0,0.0,0,1,0,0,0,-1,0.00,0.00
51.198,0.0,0.0,0.000,0.000,0.000,0.00,-1.0,0.0,0,1,0,0,0,-1,0.00,0.00
51.249,0.0,0.0,0.000,0.000,0.000,0.00,-1.0,0.0,0,1,0,0,0,-1,0.00,0.00
51.314,0.0,0.0,0.000,0.000,0.000,0.00,-1.0,0.0,0,1,0,0,0,-1,0.00,0.00
51.366,0.0,0.0,0.000,0.000,0.000,0.00,-1.0,0.0,0,1,0,0,0,-1,0.00,0.00
51.431,0.0,0.0,0.000,0.000,0.000,0.00,-1.0,0.0,0,1,0,0,0,-1,0.00,0.00
51.482,0.0,0.0,0.000,0.000,0.000,0.00,-1.0,0.0,0,1,0,0,0,-1,0.00,0.00
51.547,0.0,0.0,0.000,0.000,0.000,0.00,-1.0,0.0,0,1,0,0,0,-1,0.00,0.00
51.598,0.0,0.0,0.000,0.000,0.000,0.00,-1.0,0.0,0,1,0,0,0,-1,0.00,0.00
51.663,0.0,0.0,0.000,0.000,0.000,0.00,-1.0,0.0,0,1,0,0,0,-1,0.00,0.00
51.715,0.0,0.0,0.000,0.000,0.000,0.00,-1.0,0.0,0,1,0,0,0,-1,0.00,0.00
51.767,0.0,0.0,0.000,0.000,0.000,0.00,-1.0,0.0,0,1,0,0,0,-1,0.00,0.00
51.831,0.0,0.0,0.000,0.000,0.000,0.00,-1.0,0.0,0,1,0,0,0,-1,0.00,0.00
51.898,0.0,0.0,0.000,0.000,0.000,0.00,-1.0,0.0,0,1,0,0,0,-1,0.00,0.00
51.948,0.0,0.0,0.000,0.000,0.000,0.00,-1.0,0.0,0,1,0,0,0,-1,0.00,0.00
52.014,0.0,0.0,0.000,0.000,0.000,0.00,-1.0,0.0,0,1,0,0,0,-1,0.00,0.00
52.082,0.0,0.0,0.000,0.000,0.000,0.00,-1.0,0.0,0,1,0,0,0,-1,0.00,0.00
52.147,0.0,0.0,0.000,0.000,0.000,0.00,-1.0,0.0,0,1,0,0,0,-1,0.00,0.00
52.198,0.0,0.0,0.000,0.000,0.000,0.00,-1.0,0.0,0,1,0,0,0,-1,0.00,0.00
52.265,0.0,0.0,0.000,0.000,0.000,0.00,-1.0,0.0,0,1,0,0,0,-1,0.00,0.00
52.332,0.0,0.0,0.000,0.000,0.000,0.00,-1.0,0.0,0,1,0,0,0,-1,0.00,0.00
52.398,0.0,0.0,0.000,0.000,0.000,0.00,-1.0,0.0,0,1,0,0,0,-1,0.00,0.00
52.448,0.0,0.0,0.000,0.000,0.000,0.00,-1.0,0.0,0,1,0,0,0,-1,0.00,0.00
52.515,0.0,0.0,0.000,0.000,0.000,0.00,-1.0,0.0,0,1,0,0,0,-1,0.00,0.00
52.565,0.0,0.0,0.000,0.000,0.000,0.00,-1.0,0.0,0,1,0,0,0,-1,0.00,0.00
52.631,0.0,0.0,0.000,0.000,0.000,0.00,-1.0,0.0,0,1,0,0,0,-1,0.00,0.00
52.681,0.0,0.0,0.000,0.000,0.000,0.00,-1.0,0.0,0,1,0,0,0,-1,0.00,0.00
52.748,0.0,0.0,0.000,0.000,0.000,0.00,-1.0,0.0,0,1,0,0,0,-1,0.00,0.00
52.815,0.0,0.0,0.000,0.000,0.000,0.00,-1.0,0.0,0,1,0,0,0,-1,0.00,0.00
52.880,0.0,0.0,0.000,0.000,0.000,0.00,-1.0,0.0,0,1,0,0,0,-1,0.00,0.00
52.931,0.0,0.0,0.000,0.000,0.000,0.00,-1.0,0.0,0,1,0,0,0,-1,0.00,0.00
53.002,0.0,0.0,0.000,0.000,0.000,0.00,-1.0,0.0,0,1,0,0,0,-1,0.00,0.00
53.065,0.0,0.0,0.000,0.000,0.000,0.00,-1.0,0.0,0,1,0,0,0,-1,0.00,0.00
53.131,0.0,0.0,0.000,0.000,0.000,0.00,-1.0,0.0,0,1,0,0,0,-1,0.00,0.00
53.182,0.0,0.0,0.000,0.000,0.000,0.00,-1.0,0.0,0,1,0,0,0,-1,0.00,0.00
53.249,0.0,0.0,0.000,0.000,0.000,0.00,-1.0,0.0,0,1,0,0,0,-1,0.00,0.00
53.315,0.0,0.0,0.000,0.000,0.000,0.00,-1.0,0.0,0,1,0,0,0,-1,0.00,0.00
53.381,0.0,0.0,0.000,0.000,0.000,0.00,-1.0,0.0,0,1,0,0,0,-1,0.00,0.00
53.449,0.0,0.0,0.000,0.000,0.000,0.00,-1.0,0.0,0,1,0,0,0,-1,0.00,0.00
53.515,0.0,0.0,0.000,0.000,0.000,0.00,-1.0,0.0,0,1,0,0,0,-1,0.00,0.00
53.582,0.0,0.0,0.000,0.000,0.000,0.00,-1.0,0.0,0,1,0,0,0,-1,0.00,0.00
53.648,0.0,0.0,0.000,0.000,0.000,0.00,-1.0,0.0,0,1,0,0,0,-1,0.00,0.00
53.713,0.0,0.0,0.000,0.000,0.000,0.00,-1.0,0.0,0,1,0,0,0,-1,0.00,0.00
53.764,0.0,0.0,0.000,0.000,0.000,0.00,-1.0,0.0,0,1,0,0,0,-1,0.00,0.00
53.814,0.0,0.0,0.000,0.000,0.000,0.00,-1.0,0.0,0,1,0,0,0,-1,0.00,0.00
53.880,0.0,0.0,0.000,0.000,0.000,0.00,-1.0,0.0,0,1,0,0,0,-1,0.00,0.00
53.931,0.0,0.0,0.000,0.000,0.000,0.00,-1.0,0.0,0,1,0,0,0,-1,0.00,0.00
53.982,0.0,0.0,0.000,0.000,0.000,0.00,-1.0,0.0,0,1,0,0,0,-1,0.00,0.00
54.048,0.0,0.0,0.000,0.000,0.000,0.00,-1.0,0.0,0,1,0,0,0,-1,0.00,0.00
54.098,0.0,0.0,0.000,0.000,0.000,0.00,-1.0,0.0,0,1,0,0,0,-1,0.00,0.00
54.167,0.0,0.0,0.000,0.000,0.000,0.00,-1.0,0.0,0,1,0,0,0,-1,0.00,0.00
54.231,0.0,0.0,0.000,0.000,0.000,0.00,-1.0,0.0,0,1,0,0,0,-1,0.00,0.00
54.298,0.0,0.0,0.000,0.000,0.000,0.00,-1.0,0.0,0,1,0,0,0,-1,0.00,0.00
54.364,0.0,0.0,0.000,0.000,0.000,0.00,-1.0,0.0,0,1,0,0,0,-1,0.00,0.00
54.415,0.0,0.0,0.000,0.000,0.000,0.00,-1.0,0.0,0,1,0,0,0,-1,0.00,0.00
54.481,0.0,0.0,0.000,0.000,0.000,0.00,-1.0,0.0,0,1,0,0,0,-1,0.00,0.00
54.548,0.0,0.0,0.000,0.000,0.000,0.00,-1.0,0.0,0,1,0,0,0,-1,0.00,0.00
54.599,0.0,0.0,0.000,0.000,0.000,0.00,-1.0,0.0,0,1,0,0,0,-1,0.00,0.00
54.664,0.0,0.0,0.000,0.000,0.000,0.00,-1.0,0.0,0,1,0,0,0,-1,0.00,0.00
54.715,0.0,0.0,0.000,0.000,0.000,0.00,-1.0,0.0,0,1,0,0,0,-1,0.00,0.00
54.782,0.0,0.0,0.000,0.000,0.000,0.00,-1.0,0.0,0,1,0,0,0,-1,0.00,0.00
54.847,0.0,0.0,0.000,0.000,0.000,0.00,-1.0,0.0,0,1,0,0,0,-1,0.00,0.00
54.898,0.0,0.0,0.000,0.000,0.000,0.00,-1.0,0.0,0,1,0,0,0,-1,0.00,0.00
54.949,0.0,0.0,0.000,0.000,0.000,0.00,-1.0,0.0,0,1,0,0,0,-1,0.00,0.00
55.014,0.0,0.0,0.000,0.000,0.000,0.00,-1.0,0.0,0,1,0,0,0,-1,0.00,0.00
55.064,0.0,0.0,0.000,0.000,0.000,0.00,-1.0,0.0,0,1,0,0,0,-1,0.00,0.00
55.114,0.0,0.0,0.000,0.000,0.000,0.00,-1.0,0.0,0,1,0,0,0,-1,0.00,0.00
55.168,0.0,0.0,0.000,0.000,0.000,0.00,-1.0,0.0,0,1,0,0,0,-1,0.00,0.00
55.232,0.0,0.0,0.000,0.000,0.000,0.00,-1.0,0.0,0,1,0,0,0,-1,0.00,0.00
55.298,0.0,0.0,0.000,0.000,0.000,0.00,-1.0,0.0,0,1,0,0,0,-1,0.00,0.00
55.365,0.0,0.0,0.000,0.000,0.000,0.00,-1.0,0.0,0,1,0,0,0,-1,0.00,0.00
55.431,0.0,0.0,0.000,0.000,0.000,0.00,-1.0,0.0,0,1,0,0,0,-1,0.00,0.00
55.482,0.0,0.0,0.000,0.000,0.000,0.00,-1.0,0.0,0,1,0,0,0,-1,0.00,0.00
55.548,0.0,0.0,0.000,0.000,0.000,0.00,-1.0,0.0,0,1,0,0,0,-1,0.00,0.00
55.598,0.0,0.0,0.000,0.000,0.000,0.00,-1.0,0.0,0,1,0,0,0,-1,0.00,0.00
55.649,0.0,0.0,0.000,0.000,0.000,0.00,-1.0,0.0,0,1,0,0,0,-1,0.00,0.00
55.714,0.0,0.0,0.000,0.000,0.000,0.00,-1.0,0.0,0,1,0,0,0,-1,0.00,0.00
55.765,0.0,0.0,0.000,0.000,0.000,0.00,-1.0,0.0,0,1,0,0,0,-1,0.00,0.00
55.831,0.0,0.0,0.000,0.000,0.000,0.00,-1.0,0.0,0,1,0,0,0,-1,0.00,0.00
55.882,0.0,0.0,0.000,0.000,0.000,0.00,-1.0,0.0,0,1,0,0,0,-1,0.00,0.00
55.947,0.0,0.0,0.000,0.000,0.000,0.00,-1.0,0.0,0,1,0,0,0,-1,0.00,0.00
55.998,0.0,0.0,0.000,0.000,0.000,0.00,-1.0,0.0,0,1,0,0,0,-1,0.00,0.00
56.048,0.0,0.0,0.000,0.000,0.000,0.00,-1.0,0.0,0,1,0,0,0,-1,0.00,0.00
56.098,0.0,0.0,0.000,0.000,0.000,0.00,-1.0,0.0,0,1,0,0,0,-1,0.00,0.00
56.164,0.0,0.0,0.000,0.000,0.000,0.00,-1.0,0.0,0,1,0,0,0,-1,0.00,0.00
56.215,0.0,0.0,0.000,0.000,0.000,0.00,-1.0,0.0,0,1,0,0,0,-1,0.00,0.00
56.281,0.0,0.0,0.000,0.000,0.000,0.00,-1.0,0.0,0,1,0,0,0,-1,0.00,0.00
56.347,0.0,0.0,0.000,0.000,0.000,0.00,-1.0,0.0,0,1,0,0,0,-1,0.00,0.00
56.399,0.0,0.0,0.000,0.000,0.000,0.00,-1.0,0.0,0,1,0,0,0,-1,0.00,0.00
56.464,0.0,0.0,0.000,0.000,0.000,0.00,-1.0,0.0,0,1,0,0,0,-1,0.00,0.00
56.515,0.0,0.0,0.000,0.000,0.000,0.00,-1.0,0.0,0,1,0,0,0,-1,0.00,0.00
56.581,0.0,0.0,0.000,0.000,0.000,0.00,-1.0,0.0,0,1,0,0,0,-1,0.00,0.00
56.648,0.0,0.0,0.000,0.000,0.000,0.00,-1.0,0.0,0,1,0,0,0,-1,0.00,0.00
56.699,0.0,0.0,0.000,0.000,0.000,0.00,-1.0,0.0,0,1,0,0,0,-1,0.00,0.00
56.765,0.0,0.0,0.000,0.000,0.000,0.00,-1.0,0.0,0,1,0,0,0,-1,0.00,0.00
56.831,0.0,0.0,0.000,0.000,0.000,0.00,-1.0,0.0,0,1,0,0,0,-1,0.00,0.00
56.881,0.0,0.0,0.000,0.000,0.000,0.00,-1.0,0.0,0,1,0,0,0,-1,0.00,0.00
56.932,0.0,0.0,0.000,0.000,0.000,0.00,-1.0,0.0,0,1,0,0,0,-1,0.00,0.00
56.999,0.0,0.0,0.000,0.000,0.000,0.00,-1.0,0.0,0,1,0,0,0,-1,0.00,0.00
57.065,0.0,0.0,0.000,0.000,0.000,0.00,-1.0,0.0,0,1,0,0,0,-1,0.00,0.00
57.131,0.0,0.0,0.000,0.000,0.000,0.00,-1.0,0.0,0,1,0,0,0,-1,0.00,0.00
57.182,0.0,0.0,0.000,0.000,0.000,0.00,-1.0,0.0,0,1,0,0,0,-1,0.00,0.00
57.248,0.0,0.0,0.000,0.000,0.000,0.00,-1.0,0.0,0,1,0,0,0,-1,0.00,0.00
57.299,0.0,0.0,0.000,0.000,0.000,0.00,-1.0,0.0,0,1,0,0,0,-1,0.00,0.00
57.365,0.0,0.0,0.000,0.000,0.000,0.00,-1.0,0.0,0,1,0,0,0,-1,0.00,0.00
57.415,0.0,0.0,0.000,0.000,0.000,0.00,-1.0,0.0,0,1,0,0,0,-1,0.00,0.00
57.467,0.0,0.0,0.000,0.000,0.000,0.00,-1.0,0.0,0,1,0,0,0,-1,0.00,0.00
57.532,0.0,0.0,0.000,0.000,0.000,0.00,-1.0,0.0,0,1,0,0,0,-1,0.00,0.00
57.598,0.0,0.0,0.000,0.000,0.000,0.00,-1.0,0.0,0,1,0,0,0,-1,0.00,0.00
57.664,0.0,0.0,0.000,0.000,0.000,0.00,-1.0,0.0,0,1,0,0,0,-1,0.00,0.00
57.715,0.0,0.0,0.000,0.000,0.000,0.00,-1.0,0.0,0,1,0,0,0,-1,0.00,0.00
57.781,0.0,0.0,0.000,0.000,0.000,0.00,-1.0,0.0,0,1,0,0,0,-1,0.00,0.00
57.831,0.0,0.0,0.000,0.000,0.000,0.00,-1.0,0.0,0,1,0,0,0,-1,0.00,0.00
57.896,0.0,0.0,0.000,0.000,0.000,0.00,-1.0,0.0,0,1,0,0,0,-1,0.00,0.00
57.948,0.0,0.0,0.000,0.000,0.000,0.00,-1.0,0.0,0,1,0,0,0,-1,0.00,0.00
57.998,0.0,0.0,0.000,0.000,0.000,0.00,-1.0,0.0,0,1,0,0,0,-1,0.00,0.00
58.049,0.0,0.0,0.000,0.000,0.000,0.00,-1.0,0.0,0,1,0,0,0,-1,0.00,0.00
58.099,0.0,0.0,0.000,0.000,0.000,0.00,-1.0,0.0,0,1,0,0,0,-1,0.00,0.00
58.165,0.0,0.0,0.000,0.000,0.000,0.00,-1.0,0.0,0,1,0,0,0,-1,0.00,0.00
58.216,0.0,0.0,0.000,0.000,0.000,0.00,-1.0,0.0,0,1,0,0,0,-1,0.00,0.00
58.281,0.0,0.0,0.000,0.000,0.000,0.00,-1.0,0.0,0,1,0,0,0,-1,0.00,0.00
58.332,0.0,0.0,0.000,0.000,0.000,0.00,-1.0,0.0,0,1,0,0,0,-1,0.00,0.00
58.399,0.0,0.0,0.000,0.000,0.000,0.00,-1.0,0.0,0,1,0,0,0,-1,0.00,0.00
58.464,0.0,0.0,0.000,0.000,0.000,0.00,-1.0,0.0,0,1,0,0,0,-1,0.00,0.00
58.515,0.0,0.0,0.000,0.000,0.000,0.00,-1.0,0.0,0,1,0,0,0,-1,0.00,0.00
58.565,0.0,0.0,0.000,0.000,0.000,0.00,-1.0,0.0,0,1,0,0,0,-1,0.00,0.00
58.616,0.0,0.0,0.000,0.000,0.000,0.00,-1.0,0.0,0,1,0,0,0,-1,0.00,0.00
58.682,0.0,0.0,0.000,0.000,0.000,0.00,-1.0,0.0,0,1,0,0,0,-1,0.00,0.00
58.748,0.0,0.0,0.000,0.000,0.000,0.00,-1.0,0.0,0,1,0,0,0,-1,0.00,0.00
58.798,0.0,0.0,0.000,0.000,0.000,0.00,-1.0,0.0,0,1,0,0,0,-1,0.00,0.00
58.865,0.0,0.0,0.000,0.000,0.000,0.00,-1.0,0.0,0,1,0,0,0,-1,0.00,0.00
58.931,0.0,0.0,0.000,0.000,0.000,0.00,-1.0,0.0,0,1,0,0,0,-1,0.00,0.00
58.981,0.0,0.0,0.000,0.000,0.000,0.00,-1.0,0.0,0,1,0,0,0,-1,0.00,0.00
59.040,0.0,0.0,0.000,0.000,0.000,0.00,-1.0,0.0,0,1,0,0,0,-1,0.00,0.00
59.094,0.0,0.0,0.000,0.000,0.000,0.00,-1.0,0.0,0,1,0,0,0,-1,0.00,0.00
59.159,0.0,0.0,0.000,0.000,0.000,0.00,-1.0,0.0,0,1,0,0,0,-1,0.00,0.00
59.227,0.0,0.0,0.000,0.000,0.000,0.00,-1.0,0.0,0,1,0,0,0,-1,0.00,0.00
59.293,0.0,0.0,0.000,0.000,0.000,0.00,-1.0,0.0,0,1,0,0,0,-1,0.00,0.00
59.345,0.0,0.0,0.000,0.000,0.000,0.00,-1.0,0.0,0,1,0,0,0,-1,0.00,0.00
59.410,0.0,0.0,0.000,0.000,0.000,0.00,-1.0,0.0,0,1,0,0,0,-1,0.00,0.00
59.477,0.0,0.0,0.000,0.000,0.000,0.00,-1.0,0.0,0,1,0,0,0,-1,0.00,0.00
59.543,0.0,0.0,0.000,0.000,0.000,0.00,-1.0,0.0,0,1,0,0,0,-1,0.00,0.00
59.594,0.0,0.0,0.000,0.000,0.000,0.00,-1.0,0.0,0,1,0,0,0,-1,0.00,0.00
59.644,0.0,0.0,0.000,0.000,0.000,0.00,-1.0,0.0,0,1,0,0,0,-1,0.00,0.00
59.711,0.0,0.0,0.000,0.000,0.000,0.00,-1.0,0.0,0,1,0,0,0,-1,0.00,0.00
59.776,0.0,0.0,0.000,0.000,0.000,0.00,-1.0,0.0,0,1,0,0,0,-1,0.00,0.00
59.827,0.0,0.0,0.000,0.000,0.000,0.00,-1.0,0.0,0,1,0,0,0,-1,0.00,0.00
59.877,0.0,0.0,0.000,0.000,0.000,0.00,-1.0,0.0,0,1,0,0,0,-1,0.00,0.00
59.927,0.0,0.0,0.000,0.000,0.000,0.00,-1.0,0.0,0,1,0,0,0,-1,0.00,0.00
59.994,0.0,0.0,0.000,0.000,0.000,0.00,-1.0,0.0,0,1,0,0,0,-1,0.00,0.00
60.045,0.0,0.0,0.000,0.000,0.000,0.00,-1.0,0.0,0,1,0,0,0,-1,0.00,0.00
60.110,0.0,0.0,0.000,0.000,0.000,0.00,-1.0,0.0,0,1,0,0,0,-1,0.00,0.00
60.177,0.0,0.0,0.000,0.000,0.000,0.00,-1.0,0.0,0,1,0,0,0,-1,0.00,0.00
60.244,0.0,0.0,0.000,0.000,0.000,0.00,-1.0,0.0,0,1,0,0,0,-1,0.00,0.00
60.309,0.0,0.0,0.000,0.000,0.000,0.00,-1.0,0.0,0,1,0,0,0,-1,0.00,0.00
60.361,0.0,0.0,0.000,0.000,0.000,0.00,-1.0,0.0,0,1,0,0,0,-1,0.00,0.00
60.427,0.0,0.0,0.000,0.000,0.000,0.00,-1.0,0.0,0,1,0,0,0,-1,0.00,0.00
60.491,0.0,0.0,0.000,0.000,0.000,0.00,-1.0,0.0,0,1,0,0,0,-1,0.00,0.00
60.543,0.0,0.0,0.000,0.000,0.000,0.00,-1.0,0.0,0,1,0,0,0,-1,0.00,0.00
60.611,0.0,0.0,0.000,0.000,0.000,0.00,-1.0,0.0,0,1,0,0,0,-1,0.00,0.00
60.676,0.0,0.0,0.000,0.000,0.000,0.00,-1.0,0.0,0,1,0,0,0,-1,0.00,0.00
60.728,0.0,0.0,0.000,0.000,0.000,0.00,-1.0,0.0,0,1,0,0,0,-1,0.00,0.00
60.793,0.0,0.0,0.000,0.000,0.000,0.00,-1.0,0.0,0,1,0,0,0,-1,0.00,0.00
60.844,0.0,0.0,0.000,0.000,0.000,0.00,-1.0,0.0,0,1,0,0,0,-1,0.00,0.00
60.894,0.0,0.0,0.000,0.000,0.000,0.00,-1.0,0.0,0,1,0,0,0,-1,0.00,0.00
60.960,0.0,0.0,0.000,0.000,0.000,0.00,-1.0,0.0,0,1,0,0,0,-1,0.00,0.00
61.027,0.0,0.0,0.000,0.000,0.000,0.00,-1.0,0.0,0,1,0,0,0,-1,0.00,0.00
61.078,0.0,0.0,0.000,0.000,0.000,0.00,-1.0,0.0,0,1,0,0,0,-1,0.00,0.00
61.142,0.0,0.0,0.000,0.000,0.000,0.00,-1.0,0.0,0,1,0,0,0,-1,0.00,0.00
61.193,0.0,0.0,0.000,0.000,0.000,0.00,-1.0,0.0,0,1,0,0,0,-1,0.00,0.00
61.260,0.0,0.0,0.000,0.000,0.000,0.00,-1.0,0.0,0,1,0,0,0,-1,0.00,0.00
61.326,0.0,0.0,0.000,0.000,0.000,0.00,-1.0,0.0,0,1,0,0,0,-1,0.00,0.00
61.376,0.0,0.0,0.000,0.000,0.000,0.00,-1.0,0.0,0,1,0,0,0,-1,0.00,0.00
61.426,0.0,0.0,0.000,0.000,0.000,0.00,-1.0,0.0,0,1,0,0,0,-1,0.00,0.00
61.493,0.0,0.0,0.000,0.000,0.000,0.00,-1.0,0.0,0,1,0,0,0,-1,0.00,0.00
61.544,0.0,0.0,0.000,0.000,0.000,0.00,-1.0,0.0,0,1,0,0,0,-1,0.00,0.00
61.610,0.0,0.0,0.000,0.000,0.000,0.00,-1.0,0.0,0,1,0,0,0,-1,0.00,0.00
61.677,0.0,0.0,0.000,0.000,0.000,0.00,-1.0,0.0,0,1,0,0,0,-1,0.00,0.00
61.745,0.0,0.0,0.000,0.000,0.000,0.00,-1.0,0.0,0,1,0,0,0,-1,0.00,0.00
61.810,0.0,0.0,0.000,0.000,0.000,0.00,-1.0,0.0,0,1,0,0,0,-1,0.00,0.00
61.877,0.0,0.0,0.000,0.000,0.000,0.00,-1.0,0.0,0,1,0,0,0,-1,0.00,0.00
61.945,0.0,0.0,0.000,0.000,0.000,0.00,-1.0,0.0,0,1,0,0,0,-1,0.00,0.00
62.009,0.0,0.0,0.000,0.000,0.000,0.00,-1.0,0.0,0,1,0,0,0,-1,0.00,0.00
62.059,0.0,0.0,0.000,0.000,0.000,0.00,-1.0,0.0,0,1,0,0,0,-1,0.00,0.00
62.109,0.0,0.0,0.000,0.000,0.000,0.00,-1.0,0.0,0,1,0,0,0,-1,0.00,0.00
62.160,0.0,0.0,0.000,0.000,0.000,0.00,-1.0,0.0,0,1,0,0,0,-1,0.00,0.00
62.210,0.0,0.0,0.000,0.000,0.000,0.00,-1.0,0.0,0,1,0,0,0,-1,0.00,0.00
62.261,0.0,0.0,0.000,0.000,0.000,0.00,-1.0,0.0,0,1,0,0,0,-1,0.00,0.00
62.327,0.0,0.0,0.000,0.000,0.000,0.00,-1.0,0.0,0,1,0,0,0,-1,0.00,0.00
62.393,0.0,0.0,0.000,0.000,0.000,0.00,-1.0,0.0,0,1,0,0,0,-1,0.00,0.00
62.460,0.0,0.0,0.000,0.000,0.000,0.00,-1.0,0.0,0,1,0,0,0,-1,0.00,0.00
62.510,0.0,0.0,0.000,0.000,0.000,0.00,-1.0,0.0,0,1,0,0,0,-1,0.00,0.00
62.562,0.0,0.0,0.000,0.000,0.000,0.00,-1.0,0.0,0,1,0,0,0,-1,0.00,0.00
62.626,0.0,0.0,0.000,0.000,0.000,0.00,-1.0,0.0,0,1,0,0,0,-1,0.00,0.00
62.676,0.0,0.0,0.000,0.000,0.000,0.00,-1.0,0.0,0,1,0,0,0,-1,0.00,0.00
62.727,0.0,0.0,0.000,0.000,0.000,0.00,-1.0,0.0,0,1,0,0,0,-1,0.00,0.00
62.794,0.0,0.0,0.000,0.000,0.000,0.00,-1.0,0.0,0,1,0,0,0,-1,0.00,0.00
62.845,0.0,0.0,0.000,0.000,0.000,0.00,-1.0,0.0,0,1,0,0,0,-1,0.00,0.00
62.912,0.0,0.0,0.000,0.000,0.000,0.00,-1.0,0.0,0,1,0,0,0,-1,0.00,0.00
62.976,0.0,0.0,0.000,0.000,0.000,0.00,-1.0,0.0,0,1,0,0,0,-1,0.00,0.00
63.027,0.0,0.0,0.000,0.000,0.000,0.00,-1.0,0.0,0,1,0,0,0,-1,0.00,0.00
63.093,0.0,0.0,0.000,0.000,0.000,0.00,-1.0,0.0,0,1,0,0,0,-1,0.00,0.00
63.160,0.0,0.0,0.000,0.000,0.000,0.00,-1.0,0.0,0,1,0,0,0,-1,0.00,0.00
63.227,0.0,0.0,0.000,0.000,0.000,0.00,-1.0,0.0,0,1,0,0,0,-1,0.00,0.00
63.278,0.0,0.0,0.000,0.000,0.000,0.00,-1.0,0.0,0,1,0,0,0,-1,0.00,0.00
63.344,0.0,0.0,0.000,0.000,0.000,0.00,-1.0,0.0,0,1,0,0,0,-1,0.00,0.00
63.394,0.0,0.0,0.000,0.000,0.000,0.00,-1.0,0.0,0,1,0,0,0,-1,0.00,0.00
63.460,0.0,0.0,0.000,0.000,0.000,0.00,-1.0,0.0,0,1,0,0,0,-1,0.00,0.00
63.527,0.0,0.0,0.000,0.000,0.000,0.00,-1.0,0.0,0,1,0,0,0,-1,0.00,0.00
63.577,0.0,0.0,0.000,0.000,0.000,0.00,-1.0,0.0,0,1,0,0,0,-1,0.00,0.00
63.627,0.0,0.0,0.000,0.000,0.000,0.00,-1.0,0.0,0,1,0,0,0,-1,0.00,0.00
63.678,0.0,0.0,0.000,0.000,0.000,0.00,-1.0,0.0,0,1,0,0,0,-1,0.00,0.00
63.743,0.0,0.0,0.000,0.000,0.000,0.00,-1.0,0.0,0,1,0,0,0,-1,0.00,0.00
63.810,0.0,0.0,0.000,0.000,0.000,0.00,-1.0,0.0,0,1,0,0,0,-1,0.00,0.00
63.860,0.0,0.0,0.000,0.000,0.000,0.00,-1.0,0.0,0,1,0,0,0,-1,0.00,0.00
63.926,0.0,0.0,0.000,0.000,0.000,0.00,-1.0,0.0,0,1,0,0,0,-1,0.00,0.00
63.993,0.0,0.0,0.000,0.000,0.000,0.00,-1.0,0.0,0,1,0,0,0,-1,0.00,0.00
64.044,0.0,0.0,0.000,0.000,0.000,0.00,-1.0,0.0,0,1,0,0,0,-1,0.00,0.00
64.094,0.0,0.0,0.000,0.000,0.000,0.00,-1.0,0.0,0,1,0,0,0,-1,0.00,0.00
64.144,0.0,0.0,0.000,0.000,0.000,0.00,-1.0,0.0,0,1,0,0,0,-1,0.00,0.00
64.210,0.0,0.0,0.000,0.000,0.000,0.00,-1.0,0.0,0,1,0,0,0,-1,0.00,0.00
64.261,0.0,0.0,0.000,0.000,0.000,0.00,-1.0,0.0,0,1,0,0,0,-1,0.00,0.00
64.326,0.0,0.0,0.000,0.000,0.000,0.00,-1.0,0.0,0,1,0,0,0,-1,0.00,0.00
64.377,0.0,0.0,0.000,0.000,0.000,0.00,-1.0,0.0,0,1,0,0,0,-1,0.00,0.00
64.443,0.0,0.0,0.000,0.000,0.000,0.00,-1.0,0.0,0,1,0,0,0,-1,0.00,0.00
64.496,0.0,0.0,0.000,0.000,0.000,0.00,-1.0,0.0,0,1,0,0,0,-1,0.00,0.00
64.561,0.0,0.0,0.000,0.000,0.000,0.00,-1.0,0.0,0,1,0,0,0,-1,0.00,0.00
64.626,0.0,0.0,0.000,0.000,0.000,0.00,-1.0,0.0,0,1,0,0,0,-1,0.00,0.00
64.694,0.0,0.0,0.000,0.000,0.000,0.00,-1.0,0.0,0,1,0,0,0,-1,0.00,0.00
64.760,0.0,0.0,0.000,0.000,0.000,0.00,-1.0,0.0,0,1,0,0,0,-1,0.00,0.00
64.830,0.0,0.0,0.000,0.000,0.000,0.00,-1.0,0.0,0,1,0,0,0,-1,0.00,0.00
64.893,0.0,0.0,0.000,0.000,0.000,0.00,-1.0,0.0,0,1,0,0,0,-1,0.00,0.00
64.960,0.0,0.0,0.000,0.000,0.000,0.00,-1.0,0.0,0,1,0,0,0,-1,0.00,0.00
65.012,0.0,0.0,0.000,0.000,0.000,0.00,-1.0,0.0,0,1,0,0,0,-1,0.00,0.00
65.078,0.0,0.0,0.000,0.000,0.000,0.00,-1.0,0.0,0,1,0,0,0,-1,0.00,0.00
65.128,0.0,0.0,0.000,0.000,0.000,0.00,-1.0,0.0,0,1,0,0,0,-1,0.00,0.00
65.193,0.0,0.0,0.000,0.000,0.000,0.00,-1.0,0.0,0,1,0,0,0,-1,0.00,0.00
65.244,0.0,0.0,0.000,0.000,0.000,0.00,-1.0,0.0,0,1,0,0,0,-1,0.00,0.00
65.309,0.0,0.0,0.000,0.000,0.000,0.00,-1.0,0.0,0,1,0,0,0,-1,0.00,0.00
65.364,0.0,0.0,0.000,0.000,0.000,0.00,-1.0,0.0,0,1,0,0,0,-1,0.00,0.00
65.416,0.0,0.0,0.000,0.000,0.000,0.00,-1.0,0.0,0,1,0,0,0,-1,0.00,0.00
65.476,0.0,0.0,0.000,0.000,0.000,0.00,-1.0,0.0,0,1,0,0,0,-1,0.00,0.00
65.546,0.0,0.0,0.000,0.000,0.000,0.00,-1.0,0.0,0,1,0,0,0,-1,0.00,0.00
65.610,0.0,0.0,0.000,0.000,0.000,0.00,-1.0,0.0,0,1,0,0,0,-1,0.00,0.00
65.660,0.0,0.0,0.000,0.000,0.000,0.00,-1.0,0.0,0,1,0,0,0,-1,0.00,0.00
65.713,0.0,0.0,0.000,0.000,0.000,0.00,-1.0,0.0,0,1,0,0,0,-1,0.00,0.00
65.781,0.0,0.0,0.000,0.000,0.000,0.00,-1.0,0.0,0,1,0,0,0,-1,0.00,0.00
65.839,0.0,0.0,0.000,0.000,0.000,0.00,-1.0,0.0,0,1,0,0,0,-1,0.00,0.00
65.893,0.0,0.0,0.000,0.000,0.000,0.00,-1.0,0.0,0,1,0,0,0,-1,0.00,0.00
65.961,0.0,0.0,0.000,0.000,0.000,0.00,-1.0,0.0,0,1,0,0,0,-1,0.00,0.00
66.041,0.0,0.0,0.000,0.000,0.000,0.00,-1.0,0.0,0,1,0,0,0,-1,0.00,0.00
66.094,0.0,0.0,0.000,0.000,0.000,0.00,-1.0,0.0,0,1,0,0,0,-1,0.00,0.00
66.159,0.0,0.0,0.000,0.000,0.000,0.00,-1.0,0.0,0,1,0,0,0,-1,0.00,0.00
66.210,0.0,0.0,0.000,0.000,0.000,0.00,-1.0,0.0,0,1,0,0,0,-1,0.00,0.00
66.276,0.0,0.0,0.000,0.000,0.000,0.00,-1.0,0.0,0,1,0,0,0,-1,0.00,0.00
66.327,0.0,0.0,0.000,0.000,0.000,0.00,-1.0,0.0,0,1,0,0,0,-1,0.00,0.00
66.393,0.0,0.0,0.000,0.000,0.000,0.00,-1.0,0.0,0,1,0,0,0,-1,0.00,0.00
66.460,0.0,0.0,0.000,0.000,0.000,0.00,-1.0,0.0,0,1,0,0,0,-1,0.00,0.00
66.526,0.0,0.0,0.000,0.000,0.000,0.00,-1.0,0.0,0,1,0,0,0,-1,0.00,0.00
66.576,0.0,0.0,0.000,0.000,0.000,0.00,-1.0,0.0,0,1,0,0,0,-1,0.00,0.00
66.627,0.0,0.0,0.000,0.000,0.000,0.00,-1.0,0.0,0,1,0,0,0,-1,0.00,0.00
66.692,0.0,0.0,0.000,0.000,0.000,0.00,-1.0,0.0,0,1,0,0,0,-1,0.00,0.00
66.743,0.0,0.0,0.000,0.000,0.000,0.00,-1.0,0.0,0,1,0,0,0,-1,0.00,0.00
66.794,0.0,0.0,0.000,0.000,0.000,0.00,-1.0,0.0,0,1,0,0,0,-1,0.00,0.00
66.860,0.0,0.0,0.000,0.000,0.000,0.00,-1.0,0.0,0,1,0,0,0,-1,0.00,0.00
66.927,0.0,0.0,0.000,0.000,0.000,0.00,-1.0,0.0,0,1,0,0,0,-1,0.00,0.00
66.993,0.0,0.0,0.000,0.000,0.000,0.00,-1.0,0.0,0,1,0,0,0,-1,0.00,0.00
67.060,0.0,0.0,0.000,0.000,0.000,0.00,-1.0,0.0,0,1,0,0,0,-1,0.00,0.00
67.127,0.0,0.0,0.000,0.000,0.000,0.00,-1.0,0.0,0,1,0,0,0,-1,0.00,0.00
67.181,0.0,0.0,0.000,0.000,0.000,0.00,-1.0,0.0,0,1,0,0,0,-1,0.00,0.00
67.243,0.0,0.0,0.000,0.000,0.000,0.00,-1.0,0.0,0,1,0,0,0,-1,0.00,0.00
67.309,0.0,0.0,0.000,0.000,0.000,0.00,-1.0,0.0,0,1,0,0,0,-1,0.00,0.00
67.360,0.0,0.0,0.000,0.000,0.000,0.00,-1.0,0.0,0,1,0,0,0,-1,0.00,0.00
67.428,0.0,0.0,0.000,0.000,0.000,0.00,-1.0,0.0,0,1,0,0,0,-1,0.00,0.00
67.479,0.0,0.0,0.000,0.000,0.000,0.00,-1.0,0.0,0,1,0,0,0,-1,0.00,0.00
67.541,0.0,0.0,0.000,0.000,0.000,0.00,-1.0,0.0,0,1,0,0,0,-1,0.00,0.00
67.593,0.0,0.0,0.000,0.000,0.000,0.00,-1.0,0.0,0,1,0,0,0,-1,0.00,0.00
67.643,0.0,0.0,0.000,0.000,0.000,0.00,-1.0,0.0,0,1,0,0,0,-1,0.00,0.00
67.693,0.0,0.0,0.000,0.000,0.000,0.00,-1.0,0.0,0,1,0,0,0,-1,0.00,0.00
67.792,0.0,0.0,0.000,0.000,0.000,0.00,-1.0,0.0,0,1,0,0,0,-1,0.00,0.00
67.857,0.0,0.0,0.000,0.000,0.000,0.00,-1.0,0.0,0,1,0,0,0,-1,0.00,0.00
67.918,0.0,0.0,0.000,0.000,0.000,0.00,-1.0,0.0,0,1,0,0,0,-1,0.00,0.00
67.985,0.0,0.0,0.000,0.000,0.000,0.00,-1.0,0.0,0,1,0,0,0,-1,0.00,0.00
68.051,0.0,0.0,0.000,0.000,0.000,0.00,-1.0,0.0,0,1,0,0,0,-1,0.00,0.00
68.102,0.0,0.0,0.000,0.000,0.000,0.00,-1.0,0.0,0,1,0,0,0,-1,0.00,0.00
68.167,0.0,0.0,0.000,0.000,0.000,0.00,-1.0,0.0,0,1,0,0,0,-1,0.00,0.00
68.232,0.0,0.0,0.000,0.000,0.000,0.00,-1.0,0.0,0,1,0,0,0,-1,0.00,0.00
68.286,0.0,0.0,0.000,0.000,0.000,0.00,-1.0,0.0,0,1,0,0,0,-1,0.00,0.00
68.337,0.0,0.0,0.000,0.000,0.000,0.00,-1.0,0.0,0,1,0,0,0,-1,0.00,0.00
68.398,0.0,0.0,0.000,0.000,0.000,0.00,-1.0,0.0,0,1,0,0,0,-1,0.00,0.00
68.448,0.0,0.0,0.000,0.000,0.000,0.00,-1.0,0.0,0,1,0,0,0,-1,0.00,0.00
68.499,0.0,0.0,0.000,0.000,0.000,0.00,-1.0,0.0,0,1,0,0,0,-1,0.00,0.00
68.552,0.0,0.0,0.000,0.000,0.000,0.00,-1.0,0.0,0,1,0,0,0,-1,0.00,0.00
68.604,0.0,0.0,0.000,0.000,0.000,0.00,-1.0,0.0,0,1,0,0,0,-1,0.00,0.00
68.668,0.0,0.0,0.000,0.000,0.000,0.00,-1.0,0.0,0,1,0,0,0,-1,0.00,0.00
68.733,0.0,0.0,0.000,0.000,0.000,0.00,-1.0,0.0,0,1,0,0,0,-1,0.00,0.00
68.801,0.0,0.0,0.000,0.000,0.000,0.00,-1.0,0.0,0,1,0,0,0,-1,0.00,0.00
68.867,0.0,0.0,0.000,0.000,0.000,0.00,-1.0,0.0,0,1,0,0,0,-1,0.00,0.00
68.918,0.0,0.0,0.000,0.000,0.000,0.00,-1.0,0.0,0,1,0,0,0,-1,0.00,0.00
68.970,0.0,0.0,0.000,0.000,0.000,0.00,-1.0,0.0,0,1,0,0,0,-1,0.00,0.00
69.036,0.0,0.0,0.000,0.000,0.000,0.00,-1.0,0.0,0,1,0,0,0,-1,0.00,0.00
69.101,0.0,0.0,0.000,0.000,0.000,0.00,-1.0,0.0,0,1,0,0,0,-1,0.00,0.00
69.169,0.0,0.0,0.000,0.000,0.000,0.00,-1.0,0.0,0,1,0,0,0,-1,0.00,0.00
69.233,0.0,0.0,0.000,0.000,0.000,0.00,-1.0,0.0,0,1,0,0,0,-1,0.00,0.00
69.301,0.0,0.0,0.000,0.000,0.000,0.00,-1.0,0.0,0,1,0,0,0,-1,0.00,0.00
69.366,0.0,0.0,0.000,0.000,0.000,0.00,-1.0,0.0,0,1,0,0,0,-1,0.00,0.00
69.427,0.0,0.0,0.000,0.000,0.000,0.00,-1.0,0.0,0,1,0,0,0,-1,0.00,0.00
69.478,0.0,0.0,0.000,0.000,0.000,0.00,-1.0,0.0,0,1,0,0,0,-1,0.00,0.00
69.531,0.0,0.0,0.000,0.000,0.000,0.00,-1.0,0.0,0,1,0,0,0,-1,0.00,0.00
69.597,0.0,0.0,0.000,0.000,0.000,0.00,-1.0,0.0,0,1,0,0,0,-1,0.00,0.00
69.648,0.0,0.0,0.000,0.000,0.000,0.00,-1.0,0.0,0,1,0,0,0,-1,0.00,0.00
69.701,0.0,0.0,0.000,0.000,0.000,0.00,-1.0,0.0,0,1,0,0,0,-1,0.00,0.00
69.760,0.0,0.0,0.000,0.000,0.000,0.00,-1.0,0.0,0,1,0,0,0,-1,0.00,0.00
69.815,0.0,0.0,0.000,0.000,0.000,0.00,-1.0,0.0,0,1,0,0,0,-1,0.00,0.00
69.881,0.0,0.0,0.000,0.000,0.000,0.00,-1.0,0.0,0,1,0,0,0,-1,0.00,0.00
69.949,0.0,0.0,0.000,0.000,0.000,0.00,-1.0,0.0,0,1,0,0,0,-1,0.00,0.00
70.016,0.0,0.0,0.000,0.000,0.000,0.00,-1.0,0.0,0,1,0,0,0,-1,0.00,0.00
70.075,0.0,0.0,0.000,0.000,0.000,0.00,-1.0,0.0,0,1,0,0,0,-1,0.00,0.00
70.126,0.0,0.0,0.000,0.000,0.000,0.00,-1.0,0.0,0,1,0,0,0,-1,0.00,0.00
70.192,0.0,0.0,0.000,0.000,0.000,0.00,-1.0,0.0,0,1,0,0,0,-1,0.00,0.00
70.242,0.0,0.0,0.000,0.000,0.000,0.00,-1.0,0.0,0,1,0,0,0,-1,0.00,0.00
70.294,0.0,0.0,0.000,0.000,0.000,0.00,-1.0,0.0,0,1,0,0,0,-1,0.00,0.00
70.361,0.0,0.0,0.000,0.000,0.000,0.00,-1.0,0.0,0,1,0,0,0,-1,0.00,0.00
70.427,0.0,0.0,0.000,0.000,0.000,0.00,-1.0,0.0,0,1,0,0,0,-1,0.00,0.00
70.482,0.0,0.0,0.000,0.000,0.000,0.00,-1.0,0.0,0,1,0,0,0,-1,0.00,0.00
70.543,0.0,0.0,0.000,0.000,0.000,0.00,-1.0,0.0,0,1,0,0,0,-1,0.00,0.00
70.610,0.0,0.0,0.000,0.000,0.000,0.00,-1.0,0.0,0,1,0,0,0,-1,0.00,0.00
70.677,0.0,0.0,0.000,0.000,0.000,0.00,-1.0,0.0,0,1,0,0,0,-1,0.00,0.00
70.744,0.0,0.0,0.000,0.000,0.000,0.00,-1.0,0.0,0,1,0,0,0,-1,0.00,0.00
70.809,0.0,0.0,0.000,0.000,0.000,0.00,-1.0,0.0,0,1,0,0,0,-1,0.00,0.00
70.860,0.0,0.0,0.000,0.000,0.000,0.00,-1.0,0.0,0,1,0,0,0,-1,0.00,0.00
70.925,0.0,0.0,0.000,0.000,0.000,0.00,-1.0,0.0,0,1,0,0,0,-1,0.00,0.00
70.978,0.0,0.0,0.000,0.000,0.000,0.00,-1.0,0.0,0,1,0,0,0,-1,0.00,0.00
71.043,0.0,0.0,0.000,0.000,0.000,0.00,-1.0,0.0,0,1,0,0,0,-1,0.00,0.00
71.094,0.0,0.0,0.000,0.000,0.000,0.00,-1.0,0.0,0,1,0,0,0,-1,0.00,0.00
71.146,0.0,0.0,0.000,0.000,0.000,0.00,-1.0,0.0,0,1,0,0,0,-1,0.00,0.00
71.209,0.0,0.0,0.000,0.000,0.000,0.00,-1.0,0.0,0,1,0,0,0,-1,0.00,0.00
71.260,0.0,0.0,0.000,0.000,0.000,0.00,-1.0,0.0,0,1,0,0,0,-1,0.00,0.00
71.313,0.0,0.0,0.000,0.000,0.000,0.00,-1.0,0.0,0,1,0,0,0,-1,0.00,0.00
71.375,0.0,0.0,0.000,0.000,0.000,0.00,-1.0,0.0,0,1,0,0,0,-1,0.00,0.00
71.425,0.0,0.0,0.000,0.000,0.000,0.00,-1.0,0.0,0,1,0,0,0,-1,0.00,0.00
71.493,0.0,0.0,0.000,0.000,0.000,0.00,-1.0,0.0,0,1,0,0,0,-1,0.00,0.00
71.543,0.0,0.0,0.000,0.000,0.000,0.00,-1.0,0.0,0,1,0,0,0,-1,0.00,0.00
71.608,0.0,0.0,0.000,0.000,0.000,0.00,-1.0,0.0,0,1,0,0,0,-1,0.00,0.00
71.661,0.0,0.0,0.000,0.000,0.000,0.00,-1.0,0.0,0,1,0,0,0,-1,0.00,0.00
71.724,0.0,0.0,0.000,0.000,0.000,0.00,-1.0,0.0,0,1,0,0,0,-1,0.00,0.00
71.778,0.0,0.0,0.000,0.000,0.000,0.00,-1.0,0.0,0,1,0,0,0,-1,0.00,0.00
71.844,0.0,0.0,0.000,0.000,0.000,0.00,-1.0,0.0,0,1,0,0,0,-1,0.00,0.00
71.894,0.0,0.0,0.000,0.000,0.000,0.00,-1.0,0.0,0,1,0,0,0,-1,0.00,0.00
71.944,0.0,0.0,0.000,0.000,0.000,0.00,-1.0,0.0,0,1,0,0,0,-1,0.00,0.00
72.013,0.0,0.0,0.000,0.000,0.000,0.00,-1.0,0.0,0,1,0,0,0,-1,0.00,0.00
72.078,0.0,0.0,0.000,0.000,0.000,0.00,-1.0,0.0,0,1,0,0,0,-1,0.00,0.00
72.144,0.0,0.0,0.000,0.000,0.000,0.00,-1.0,0.0,0,1,0,0,0,-1,0.00,0.00
72.195,0.0,0.0,0.000,0.000,0.000,0.00,-1.0,0.0,0,1,0,0,0,-1,0.00,0.00
72.245,0.0,0.0,0.000,0.000,0.000,0.00,-1.0,0.0,0,1,0,0,0,-1,0.00,0.00
72.295,0.0,0.0,0.000,0.000,0.000,0.00,-1.0,0.0,0,1,0,0,0,-1,0.00,0.00
72.361,0.0,0.0,0.000,0.000,0.000,0.00,-1.0,0.0,0,1,0,0,0,-1,0.00,0.00
72.428,0.0,0.0,0.000,0.000,0.000,0.00,-1.0,0.0,0,1,0,0,0,-1,0.00,0.00
72.495,0.0,0.0,0.000,0.000,0.000,0.00,-1.0,0.0,0,1,0,0,0,-1,0.00,0.00
72.545,0.0,0.0,0.000,0.000,0.000,0.00,-1.0,0.0,0,1,0,0,0,-1,0.00,0.00
72.611,0.0,0.0,0.000,0.000,0.000,0.00,-1.0,0.0,0,1,0,0,0,-1,0.00,0.00
72.663,0.0,0.0,0.000,0.000,0.000,0.00,-1.0,0.0,0,1,0,0,0,-1,0.00,0.00
72.721,0.0,0.0,0.000,0.000,0.000,0.00,-1.0,0.0,0,1,0,0,0,-1,0.00,0.00
72.777,0.0,0.0,0.000,0.000,0.000,0.00,-1.0,0.0,0,1,0,0,0,-1,0.00,0.00
72.829,0.0,0.0,0.000,0.000,0.000,0.00,-1.0,0.0,0,1,0,0,0,-1,0.00,0.00
72.896,0.0,0.0,0.000,0.000,0.000,0.00,-1.0,0.0,0,1,0,0,0,-1,0.00,0.00
72.949,0.0,0.0,0.000,0.000,0.000,0.00,-1.0,0.0,0,1,0,0,0,-1,0.00,0.00
73.011,0.0,0.0,0.000,0.000,0.000,0.00,-1.0,0.0,0,1,0,0,0,-1,0.00,0.00
73.080,0.0,0.0,0.000,0.000,0.000,0.00,-1.0,0.0,0,1,0,0,0,-1,0.00,0.00
73.130,0.0,0.0,0.000,0.000,0.000,0.00,-1.0,0.0,0,1,0,0,0,-1,0.00,0.00
73.228,0.0,0.0,0.000,0.000,0.000,0.00,-1.0,0.0,0,1,0,0,0,-1,0.00,0.00
73.299,0.0,0.0,0.000,0.000,0.000,0.00,-1.0,0.0,0,1,0,0,0,-1,0.00,0.00
73.364,0.0,0.0,0.000,0.000,0.000,0.00,-1.0,0.0,0,1,0,0,0,-1,0.00,0.00
73.418,0.0,0.0,0.000,0.000,0.000,0.00,-1.0,0.0,0,1,0,0,0,-1,0.00,0.00
73.493,0.0,0.0,0.000,0.000,0.000,0.00,-1.0,0.0,0,1,0,0,0,-1,0.00,0.00
73.552,0.0,0.0,0.000,0.000,0.000,0.00,-1.0,0.0,0,1,0,0,0,-1,0.00,0.00
73.604,0.0,0.0,0.000,0.000,0.000,0.00,-1.0,0.0,0,1,0,0,0,-1,0.00,0.00
73.668,0.0,0.0,0.000,0.000,0.000,0.00,-1.0,0.0,0,1,0,0,0,-1,0.00,0.00
73.733,0.0,0.0,0.000,0.000,0.000,0.00,-1.0,0.0,0,1,0,0,0,-1,0.00,0.00
73.786,0.0,0.0,0.000,0.000,0.000,0.00,-1.0,0.0,0,1,0,0,0,-1,0.00,0.00
73.851,0.0,0.0,0.000,0.000,0.000,0.00,-1.0,0.0,0,1,0,0,0,-1,0.00,0.00
73.902,0.0,0.0,0.000,0.000,0.000,0.00,-1.0,0.0,0,1,0,0,0,-1,0.00,0.00
73.967,0.0,0.0,0.000,0.000,0.000,0.00,-1.0,0.0,0,1,0,0,0,-1,0.00,0.00
74.018,0.0,0.0,0.000,0.000,0.000,0.00,-1.0,0.0,0,1,0,0,0,-1,0.00,0.00
74.076,0.0,0.0,0.000,0.000,0.000,0.00,-1.0,0.0,0,1,0,0,0,-1,0.00,0.00
74.127,0.0,0.0,0.000,0.000,0.000,0.00,-1.0,0.0,0,1,0,0,0,-1,0.00,0.00
74.193,0.0,0.0,0.000,0.000,0.000,0.00,-1.0,0.0,0,1,0,0,0,-1,0.00,0.00
74.251,0.0,0.0,0.000,0.000,0.000,0.00,-1.0,0.0,0,1,0,0,0,-1,0.00,0.00
74.311,0.0,0.0,0.000,0.000,0.000,0.00,-1.0,0.0,0,1,0,0,0,-1,0.00,0.00
74.380,0.0,0.0,0.000,0.000,0.000,0.00,-1.0,0.0,0,1,0,0,0,-1,0.00,0.00
74.443,0.0,0.0,0.000,0.000,0.000,0.00,-1.0,0.0,0,1,0,0,0,-1,0.00,0.00
74.495,0.0,0.0,0.000,0.000,0.000,0.00,-1.0,0.0,0,1,0,0,0,-1,0.00,0.00
74.545,0.0,0.0,0.000,0.000,0.000,0.00,-1.0,0.0,0,1,0,0,0,-1,0.00,0.00
74.611,0.0,0.0,0.000,0.000,0.000,0.00,-1.0,0.0,0,1,0,0,0,-1,0.00,0.00
74.661,0.0,0.0,0.000,0.000,0.000,0.00,-1.0,0.0,0,1,0,0,0,-1,0.00,0.00
74.729,0.0,0.0,0.000,0.000,0.000,0.00,-1.0,0.0,0,1,0,0,0,-1,0.00,0.00
74.795,0.0,0.0,0.000,0.000,0.000,0.00,-1.0,0.0,0,1,0,0,0,-1,0.00,0.00
74.861,0.0,0.0,0.000,0.000,0.000,0.00,-1.0,0.0,0,1,0,0,0,-1,0.00,0.00
74.928,0.0,0.0,0.000,0.000,0.000,0.00,-1.0,0.0,0,1,0,0,0,-1,0.00,0.00
74.997,0.0,0.0,0.000,0.000,0.000,0.00,-1.0,0.0,0,1,0,0,0,-1,0.00,0.00
75.060,0.0,0.0,0.000,0.000,0.000,0.00,-1.0,0.0,0,1,0,0,0,-1,0.00,0.00
75.128,0.0,0.0,0.000,0.000,0.000,0.00,-1.0,0.0,0,1,0,0,0,-1,0.00,0.00
75.196,0.0,0.0,0.000,0.000,0.000,0.00,-1.0,0.0,0,1,0,0,0,-1,0.00,0.00
75.261,0.0,0.0,0.000,0.000,0.000,0.00,-1.0,0.0,0,1,0,0,0,-1,0.00,0.00
75.311,0.0,0.0,0.000,0.000,0.000,0.00,-1.0,0.0,0,1,0,0,0,-1,0.00,0.00
75.378,0.0,0.0,0.000,0.000,0.000,0.00,-1.0,0.0,0,1,0,0,0,-1,0.00,0.00
75.445,0.0,0.0,0.000,0.000,0.000,0.00,-1.0,0.0,0,1,0,0,0,-1,0.00,0.00
75.512,0.0,0.0,0.000,0.000,0.000,0.00,-1.0,0.0,0,1,0,0,0,-1,0.00,0.00
75.577,0.0,0.0,0.000,0.000,0.000,0.00,-1.0,0.0,0,1,0,0,0,-1,0.00,0.00
75.644,0.0,0.0,0.000,0.000,0.000,0.00,-1.0,0.0,0,1,0,0,0,-1,0.00,0.00
75.695,0.0,0.0,0.000,0.000,0.000,0.00,-1.0,0.0,0,1,0,0,0,-1,0.00,0.00
75.760,0.0,0.0,0.000,0.000,0.000,0.00,-1.0,0.0,0,1,0,0,0,-1,0.00,0.00
75.811,0.0,0.0,0.000,0.000,0.000,0.00,-1.0,0.0,0,1,0,0,0,-1,0.00,0.00
75.877,0.0,0.0,0.000,0.000,0.000,0.00,-1.0,0.0,0,1,0,0,0,-1,0.00,0.00
75.944,0.0,0.0,0.000,0.000,0.000,0.00,-1.0,0.0,0,1,0,0,0,-1,0.00,0.00
76.012,0.0,0.0,0.000,0.000,0.000,0.00,-1.0,0.0,0,1,0,0,0,-1,0.00,0.00
76.077,0.0,0.0,0.000,0.000,0.000,0.00,-1.0,0.0,0,1,0,0,0,-1,0.00,0.00
76.128,0.0,0.0,0.000,0.000,0.000,0.00,-1.0,0.0,0,1,0,0,0,-1,0.00,0.00
76.178,0.0,0.0,0.000,0.000,0.000,0.00,-1.0,0.0,0,1,0,0,0,-1,0.00,0.00
76.246,0.0,0.0,0.000,0.000,0.000,0.00,-1.0,0.0,0,1,0,0,0,-1,0.00,0.00
76.313,0.0,0.0,0.000,0.000,0.000,0.00,-1.0,0.0,0,1,0,0,0,-1,0.00,0.00
76.379,0.0,0.0,0.000,0.000,0.000,0.00,-1.0,0.0,0,1,0,0,0,-1,0.00,0.00
76.444,0.0,0.0,0.000,0.000,0.000,0.00,-1.0,0.0,0,1,0,0,0,-1,0.00,0.00
76.508,0.0,0.0,0.000,0.000,0.000,0.00,-1.0,0.0,0,1,0,0,0,-1,0.00,0.00
76.561,0.0,0.0,0.000,0.000,0.000,0.00,-1.0,0.0,0,1,0,0,0,-1,0.00,0.00
76.627,0.0,0.0,0.000,0.000,0.000,0.00,-1.0,0.0,0,1,0,0,0,-1,0.00,0.00
76.677,0.0,0.0,0.000,0.000,0.000,0.00,-1.0,0.0,0,1,0,0,0,-1,0.00,0.00
76.728,0.0,0.0,0.000,0.000,0.000,0.00,-1.0,0.0,0,1,0,0,0,-1,0.00,0.00
76.796,0.0,0.0,0.000,0.000,0.000,0.00,-1.0,0.0,0,1,0,0,0,-1,0.00,0.00
76.860,0.0,0.0,0.000,0.000,0.000,0.00,-1.0,0.0,0,1,0,0,0,-1,0.00,0.00
76.928,0.0,0.0,0.000,0.000,0.000,0.00,-1.0,0.0,0,1,0,0,0,-1,0.00,0.00
76.978,0.0,0.0,0.000,0.000,0.000,0.00,-1.0,0.0,0,1,0,0,0,-1,0.00,0.00
77.046,0.0,0.0,0.000,0.000,0.000,0.00,-1.0,0.0,0,1,0,0,0,-1,0.00,0.00
77.111,0.0,0.0,0.000,0.000,0.000,0.00,-1.0,0.0,0,1,0,0,0,-1,0.00,0.00
77.178,0.0,0.0,0.000,0.000,0.000,0.00,-1.0,0.0,0,1,0,0,0,-1,0.00,0.00
77.244,0.0,0.0,0.000,0.000,0.000,0.00,-1.0,0.0,0,1,0,0,0,-1,0.00,0.00
77.294,0.0,0.0,0.000,0.000,0.000,0.00,-1.0,0.0,0,1,0,0,0,-1,0.00,0.00
77.360,0.0,0.0,0.000,0.000,0.000,0.00,-1.0,0.0,0,1,0,0,0,-1,0.00,0.00
77.411,0.0,0.0,0.000,0.000,0.000,0.00,-1.0,0.0,0,1,0,0,0,-1,0.00,0.00
77.478,0.0,0.0,0.000,0.000,0.000,0.00,-1.0,0.0,0,1,0,0,0,-1,0.00,0.00
77.544,0.0,0.0,0.000,0.000,0.000,0.00,-1.0,0.0,0,1,0,0,0,-1,0.00,0.00
77.611,0.0,0.0,0.000,0.000,0.000,0.00,-1.0,0.0,0,1,0,0,0,-1,0.00,0.00
77.661,0.0,0.0,0.000,0.000,0.000,0.00,-1.0,0.0,0,1,0,0,0,-1,0.00,0.00
77.712,0.0,0.0,0.000,0.000,0.000,0.00,-1.0,0.0,0,1,0,0,0,-1,0.00,0.00
77.777,0.0,0.0,0.000,0.000,0.000,0.00,-1.0,0.0,0,1,0,0,0,-1,0.00,0.00
77.844,0.0,0.0,0.000,0.000,0.000,0.00,-1.0,0.0,0,1,0,0,0,-1,0.00,0.00
77.895,0.0,0.0,0.000,0.000,0.000,0.00,-1.0,0.0,0,1,0,0,0,-1,0.00,0.00
77.961,0.0,0.0,0.000,0.000,0.000,0.00,-1.0,0.0,0,1,0,0,0,-1,0.00,0.00
78.011,0.0,0.0,0.000,0.000,0.000,0.00,-1.0,0.0,0,1,0,0,0,-1,0.00,0.00
78.078,0.0,0.0,0.000,0.000,0.000,0.00,-1.0,0.0,0,1,0,0,0,-1,0.00,0.00
78.145,0.0,0.0,0.000,0.000,0.000,0.00,-1.0,0.0,0,1,0,0,0,-1,0.00,0.00
78.212,0.0,0.0,0.000,0.000,0.000,0.00,-1.0,0.0,0,1,0,0,0,-1,0.00,0.00
78.277,0.0,0.0,0.000,0.000,0.000,0.00,-1.0,0.0,0,1,0,0,0,-1,0.00,0.00
78.328,0.0,0.0,0.000,0.000,0.000,0.00,-1.0,0.0,0,1,0,0,0,-1,0.00,0.00
78.378,0.0,0.0,0.000,0.000,0.000,0.00,-1.0,0.0,0,1,0,0,0,-1,0.00,0.00
78.444,0.0,0.0,0.000,0.000,0.000,0.00,-1.0,0.0,0,1,0,0,0,-1,0.00,0.00
78.510,0.0,0.0,0.000,0.000,0.000,0.00,-1.0,0.0,0,1,0,0,0,-1,0.00,0.00
78.578,0.0,0.0,0.000,0.000,0.000,0.00,-1.0,0.0,0,1,0,0,0,-1,0.00,0.00
78.629,0.0,0.0,0.000,0.000,0.000,0.00,-1.0,0.0,0,1,0,0,0,-1,0.00,0.00
78.695,0.0,0.0,0.000,0.000,0.000,0.00,-1.0,0.0,0,1,0,0,0,-1,0.00,0.00
78.760,0.0,0.0,0.000,0.000,0.000,0.00,-1.0,0.0,0,1,0,0,0,-1,0.00,0.00
78.811,0.0,0.0,0.000,0.000,0.000,0.00,-1.0,0.0,0,1,0,0,0,-1,0.00,0.00
78.861,0.0,0.0,0.000,0.000,0.000,0.00,-1.0,0.0,0,1,0,0,0,-1,0.00,0.00
78.927,0.0,0.0,0.000,0.000,0.000,0.00,-1.0,0.0,0,1,0,0,0,-1,0.00,0.00
78.978,0.0,0.0,0.000,0.000,0.000,0.00,-1.0,0.0,0,1,0,0,0,-1,0.00,0.00
79.044,0.0,0.0,0.000,0.000,0.000,0.00,-1.0,0.0,0,1,0,0,0,-1,0.00,0.00
79.095,0.0,0.0,0.000,0.000,0.000,0.00,-1.0,0.0,0,1,0,0,0,-1,0.00,0.00
79.160,0.0,0.0,0.000,0.000,0.000,0.00,-1.0,0.0,0,1,0,0,0,-1,0.00,0.00
79.211,0.0,0.0,0.000,0.000,0.000,0.00,-1.0,0.0,0,1,0,0,0,-1,0.00,0.00
79.262,0.0,0.0,0.000,0.000,0.000,0.00,-1.0,0.0,0,1,0,0,0,-1,0.00,0.00
79.327,0.0,0.0,0.000,0.000,0.000,0.00,-1.0,0.0,0,1,0,0,0,-1,0.00,0.00
79.377,0.0,0.0,0.000,0.000,0.000,0.00,-1.0,0.0,0,1,0,0,0,-1,0.00,0.00
79.427,0.0,0.0,0.000,0.000,0.000,0.00,-1.0,0.0,0,1,0,0,0,-1,0.00,0.00
79.477,0.0,0.0,0.000,0.000,0.000,0.00,-1.0,0.0,0,1,0,0,0,-1,0.00,0.00
79.543,0.0,0.0,0.000,0.000,0.000,0.00,-1.0,0.0,0,1,0,0,0,-1,0.00,0.00
79.611,0.0,0.0,0.000,0.000,0.000,0.00,-1.0,0.0,0,1,0,0,0,-1,0.00,0.00
79.664,0.0,0.0,0.000,0.000,0.000,0.00,-1.0,0.0,0,1,0,0,0,-1,0.00,0.00
79.728,0.0,0.0,0.000,0.000,0.000,0.00,-1.0,0.0,0,1,0,0,0,-1,0.00,0.00
79.794,0.0,0.0,0.000,0.000,0.000,0.00,-1.0,0.0,0,1,0,0,0,-1,0.00,0.00
79.844,0.0,0.0,0.000,0.000,0.000,0.00,-1.0,0.0,0,1,0,0,0,-1,0.00,0.00
79.910,0.0,0.0,0.000,0.000,0.000,0.00,-1.0,0.0,0,1,0,0,0,-1,0.00,0.00
79.978,0.0,0.0,0.000,0.000,0.000,0.00,-1.0,0.0,0,1,0,0,0,-1,0.00,0.00
80.045,0.0,0.0,0.000,0.000,0.000,0.00,-1.0,0.0,0,1,0,0,0,-1,0.00,0.00
80.110,0.0,0.0,0.000,0.000,0.000,0.00,-1.0,0.0,0,1,0,0,0,-1,0.00,0.00
80.161,0.0,0.0,0.000,0.000,0.000,0.00,-1.0,0.0,0,1,0,0,0,-1,0.00,0.00
80.211,0.0,0.0,0.000,0.000,0.000,0.00,-1.0,0.0,0,1,0,0,0,-1,0.00,0.00
80.278,0.0,0.0,0.000,0.000,0.000,0.00,-1.0,0.0,0,1,0,0,0,-1,0.00,0.00
80.328,0.0,0.0,0.000,0.000,0.000,0.00,-1.0,0.0,0,1,0,0,0,-1,0.00,0.00
80.394,0.0,0.0,0.000,0.000,0.000,0.00,-1.0,0.0,0,1,0,0,0,-1,0.00,0.00
80.461,0.0,0.0,0.000,0.000,0.000,0.00,-1.0,0.0,0,1,0,0,0,-1,0.00,0.00
80.527,0.0,0.0,0.000,0.000,0.000,0.00,-1.0,0.0,0,1,0,0,0,-1,0.00,0.00
80.594,0.0,0.0,0.000,0.000,0.000,0.00,-1.0,0.0,0,1,0,0,0,-1,0.00,0.00
80.661,0.0,0.0,0.000,0.000,0.000,0.00,-1.0,0.0,0,1,0,0,0,-1,0.00,0.00
80.711,0.0,0.0,0.000,0.000,0.000,0.00,-1.0,0.0,0,1,0,0,0,-1,0.00,0.00
80.778,0.0,0.0,0.000,0.000,0.000,0.00,-1.0,0.0,0,1,0,0,0,-1,0.00,0.00
80.843,0.0,0.0,0.000,0.000,0.000,0.00,-1.0,0.0,0,1,0,0,0,-1,0.00,0.00
80.894,0.0,0.0,0.000,0.000,0.000,0.00,-1.0,0.0,0,1,0,0,0,-1,0.00,0.00
80.944,0.0,0.0,0.000,0.000,0.000,0.00,-1.0,0.0,0,1,0,0,0,-1,0.00,0.00
80.994,0.0,0.0,0.000,0.000,0.000,0.00,-1.0,0.0,0,1,0,0,0,-1,0.00,0.00
81.060,0.0,0.0,0.000,0.000,0.000,0.00,-1.0,0.0,0,1,0,0,0,-1,0.00,0.00
81.112,0.0,0.0,0.000,0.000,0.000,0.00,-1.0,0.0,0,1,0,0,0,-1,0.00,0.00
81.177,0.0,0.0,0.000,0.000,0.000,0.00,-1.0,0.0,0,1,0,0,0,-1,0.00,0.00
81.245,0.0,0.0,0.000,0.000,0.000,0.00,-1.0,0.0,0,1,0,0,0,-1,0.00,0.00
81.311,0.0,0.0,0.000,0.000,0.000,0.00,-1.0,0.0,0,1,0,0,0,-1,0.00,0.00
81.377,0.0,0.0,0.000,0.000,0.000,0.00,-1.0,0.0,0,1,0,0,0,-1,0.00,0.00
81.444,0.0,0.0,0.000,0.000,0.000,0.00,-1.0,0.0,0,1,0,0,0,-1,0.00,0.00
81.510,0.0,0.0,0.000,0.000,0.000,0.00,-1.0,0.0,0,1,0,0,0,-1,0.00,0.00
81.578,0.0,0.0,0.000,0.000,0.000,0.00,-1.0,0.0,0,1,0,0,0,-1,0.00,0.00
81.645,0.0,0.0,0.000,0.000,0.000,0.00,-1.0,0.0,0,1,0,0,0,-1,0.00,0.00
81.713,0.0,0.0,0.000,0.000,0.000,0.00,-1.0,0.0,0,1,0,0,0,-1,0.00,0.00
81.777,0.0,0.0,0.000,0.000,0.000,0.00,-1.0,0.0,0,1,0,0,0,-1,0.00,0.00
81.828,0.0,0.0,0.000,0.000,0.000,0.00,-1.0,0.0,0,1,0,0,0,-1,0.00,0.00
81.897,0.0,0.0,0.000,0.000,0.000,0.00,-1.0,0.0,0,1,0,0,0,-1,0.00,0.00
81.961,0.0,0.0,0.000,0.000,0.000,0.00,-1.0,0.0,0,1,0,0,0,-1,0.00,0.00
82.027,0.0,0.0,0.000,0.000,0.000,0.00,-1.0,0.0,0,1,0,0,0,-1,0.00,0.00
82.094,0.0,0.0,0.000,0.000,0.000,0.00,-1.0,0.0,0,1,0,0,0,-1,0.00,0.00
82.161,0.0,0.0,0.000,0.000,0.000,0.00,-1.0,0.0,0,1,0,0,0,-1,0.00,0.00
82.211,0.0,0.0,0.000,0.000,0.000,0.00,-1.0,0.0,0,1,0,0,0,-1,0.00,0.00
82.277,0.0,0.0,0.000,0.000,0.000,0.00,-1.0,0.0,0,1,0,0,0,-1,0.00,0.00
82.328,0.0,0.0,0.000,0.000,0.000,0.00,-1.0,0.0,0,1,0,0,0,-1,0.00,0.00
82.379,0.0,0.0,0.000,0.000,0.000,0.00,-1.0,0.0,0,1,0,0,0,-1,0.00,0.00
82.444,0.0,0.0,0.000,0.000,0.000,0.00,-1.0,0.0,0,1,0,0,0,-1,0.00,0.00
82.495,0.0,0.0,0.000,0.000,0.000,0.00,-1.0,0.0,0,1,0,0,0,-1,0.00,0.00
82.560,0.0,0.0,0.000,0.000,0.000,0.00,-1.0,0.0,0,1,0,0,0,-1,0.00,0.00
82.611,0.0,0.0,0.000,0.000,0.000,0.00,-1.0,0.0,0,1,0,0,0,-1,0.00,0.00
82.677,0.0,0.0,0.000,0.000,0.000,0.00,-1.0,0.0,0,1,0,0,0,-1,0.00,0.00
82.744,0.0,0.0,0.000,0.000,0.000,0.00,-1.0,0.0,0,1,0,0,0,-1,0.00,0.00
82.811,0.0,0.0,0.000,0.000,0.000,0.00,-1.0,0.0,0,1,0,0,0,-1,0.00,0.00
82.877,0.0,0.0,0.000,0.000,0.000,0.00,-1.0,0.0,0,1,0,0,0,-1,0.00,0.00
82.945,0.0,0.0,0.000,0.000,0.000,0.00,-1.0,0.0,0,1,0,0,0,-1,0.00,0.00
83.011,0.0,0.0,0.000,0.000,0.000,0.00,-1.0,0.0,0,1,0,0,0,-1,0.00,0.00
83.061,0.0,0.0,0.000,0.000,0.000,0.00,-1.0,0.0,0,1,0,0,0,-1,0.00,0.00
83.127,0.0,0.0,0.000,0.000,0.000,0.00,-1.0,0.0,0,1,0,0,0,-1,0.00,0.00
83.177,0.0,0.0,0.000,0.000,0.000,0.00,-1.0,0.0,0,1,0,0,0,-1,0.00,0.00
83.228,0.0,0.0,0.000,0.000,0.000,0.00,-1.0,0.0,0,1,0,0,0,-1,0.00,0.00
83.295,0.0,0.0,0.000,0.000,0.000,0.00,-1.0,0.0,0,1,0,0,0,-1,0.00,0.00
83.346,0.0,0.0,0.000,0.000,0.000,0.00,-1.0,0.0,0,1,0,0,0,-1,0.00,0.00
83.412,0.0,0.0,0.000,0.000,0.000,0.00,-1.0,0.0,0,1,0,0,0,-1,0.00,0.00
83.478,0.0,0.0,0.000,0.000,0.000,0.00,-1.0,0.0,0,1,0,0,0,-1,0.00,0.00
83.544,0.0,0.0,0.000,0.000,0.000,0.00,-1.0,0.0,0,1,0,0,0,-1,0.00,0.00
83.611,0.0,0.0,0.000,0.000,0.000,0.00,-1.0,0.0,0,1,0,0,0,-1,0.00,0.00
83.677,0.0,0.0,0.000,0.000,0.000,0.00,-1.0,0.0,0,1,0,0,0,-1,0.00,0.00
83.744,0.0,0.0,0.000,0.000,0.000,0.00,-1.0,0.0,0,1,0,0,0,-1,0.00,0.00
83.811,0.0,0.0,0.000,0.000,0.000,0.00,-1.0,0.0,0,1,0,0,0,-1,0.00,0.00
83.877,0.0,0.0,0.000,0.000,0.000,0.00,-1.0,0.0,0,1,0,0,0,-1,0.00,0.00
83.928,0.0,0.0,0.000,0.000,0.000,0.00,-1.0,0.0,0,1,0,0,0,-1,0.00,0.00
83.994,0.0,0.0,0.000,0.000,0.000,0.00,-1.0,0.0,0,1,0,0,0,-1,0.00,0.00
84.044,0.0,0.0,0.000,0.000,0.000,0.00,-1.0,0.0,0,1,0,0,0,-1,0.00,0.00
84.094,0.0,0.0,0.000,0.000,0.000,0.00,-1.0,0.0,0,1,0,0,0,-1,0.00,0.00
84.144,0.0,0.0,0.000,0.000,0.000,0.00,-1.0,0.0,0,1,0,0,0,-1,0.00,0.00
84.212,0.0,0.0,0.000,0.000,0.000,0.00,-1.0,0.0,0,1,0,0,0,-1,0.00,0.00
84.277,0.0,0.0,0.000,0.000,0.000,0.00,-1.0,0.0,0,1,0,0,0,-1,0.00,0.00
84.328,0.0,0.0,0.000,0.000,0.000,0.00,-1.0,0.0,0,1,0,0,0,-1,0.00,0.00
84.395,0.0,0.0,0.000,0.000,0.000,0.00,-1.0,0.0,0,1,0,0,0,-1,0.00,0.00
84.461,0.0,0.0,0.000,0.000,0.000,0.00,-1.0,0.0,0,1,0,0,0,-1,0.00,0.00
84.512,0.0,0.0,0.000,0.000,0.000,0.00,-1.0,0.0,0,1,0,0,0,-1,0.00,0.00
84.578,0.0,0.0,0.000,0.000,0.000,0.00,-1.0,0.0,0,1,0,0,0,-1,0.00,0.00
84.644,0.0,0.0,0.000,0.000,0.000,0.00,-1.0,0.0,0,1,0,0,0,-1,0.00,0.00
84.710,0.0,0.0,0.000,0.000,0.000,0.00,-1.0,0.0,0,1,0,0,0,-1,0.00,0.00
84.761,0.0,0.0,0.000,0.000,0.000,0.00,-1.0,0.0,0,1,0,0,0,-1,0.00,0.00
84.828,0.0,0.0,0.000,0.000,0.000,0.00,-1.0,0.0,0,1,0,0,0,-1,0.00,0.00
84.895,0.0,0.0,0.000,0.000,0.000,0.00,-1.0,0.0,0,1,0,0,0,-1,0.00,0.00
84.946,0.0,0.0,0.000,0.000,0.000,0.00,-1.0,0.0,0,1,0,0,0,-1,0.00,0.00
85.012,0.0,0.0,0.000,0.000,0.000,0.00,-1.0,0.0,0,1,0,0,0,-1,0.00,0.00
85.078,0.0,0.0,0.000,0.000,0.000,0.00,-1.0,0.0,0,1,0,0,0,-1,0.00,0.00
85.144,0.0,0.0,0.000,0.000,0.000,0.00,-1.0,0.0,0,1,0,0,0,-1,0.00,0.00
85.211,0.0,0.0,0.000,0.000,0.000,0.00,-1.0,0.0,0,1,0,0,0,-1,0.00,0.00
85.277,0.0,0.0,0.000,0.000,0.000,0.00,-1.0,0.0,0,1,0,0,0,-1,0.00,0.00
85.344,0.0,0.0,0.000,0.000,0.000,0.00,-1.0,0.0,0,1,0,0,0,-1,0.00,0.00
85.398,0.0,0.0,0.000,0.000,0.000,0.00,-1.0,0.0,0,1,0,0,0,-1,0.00,0.00
85.460,0.0,0.0,0.000,0.000,0.000,0.00,-1.0,0.0,0,1,0,0,0,-1,0.00,0.00
85.510,0.0,0.0,0.000,0.000,0.000,0.00,-1.0,0.0,0,1,0,0,0,-1,0.00,0.00
85.561,0.0,0.0,0.000,0.000,0.000,0.00,-1.0,0.0,0,1,0,0,0,-1,0.00,0.00
85.645,0.0,0.0,0.000,0.000,0.000,0.00,-1.0,0.0,0,1,0,0,0,-1,0.00,0.00
85.699,0.0,0.0,0.000,0.000,0.000,0.00,-1.0,0.0,0,1,0,0,0,-1,0.00,0.00
85.750,0.0,0.0,0.000,0.000,0.000,0.00,-1.0,0.0,0,1,0,0,0,-1,0.00,0.00
85.816,0.0,0.0,0.000,0.000,0.000,0.00,-1.0,0.0,0,1,0,0,0,-1,0.00,0.00
85.867,0.0,0.0,0.000,0.000,0.000,0.00,-1.0,0.0,0,1,0,0,0,-1,0.00,0.00
85.917,0.0,0.0,0.000,0.000,0.000,0.00,-1.0,0.0,0,1,0,0,0,-1,0.00,0.00
85.984,0.0,0.0,0.000,0.000,0.000,0.00,-1.0,0.0,0,1,0,0,0,-1,0.00,0.00
86.050,0.0,0.0,0.000,0.000,0.000,0.00,-1.0,0.0,0,1,0,0,0,-1,0.00,0.00
86.116,0.0,0.0,0.000,0.000,0.000,0.00,-1.0,0.0,0,1,0,0,0,-1,0.00,0.00
86.167,0.0,0.0,0.000,0.000,0.000,0.00,-1.0,0.0,0,1,0,0,0,-1,0.00,0.00
86.217,0.0,0.0,0.000,0.000,0.000,0.00,-1.0,0.0,0,1,0,0,0,-1,0.00,0.00
86.283,0.0,0.0,0.000,0.000,0.000,0.00,-1.0,0.0,0,1,0,0,0,-1,0.00,0.00
86.350,0.0,0.0,0.000,0.000,0.000,0.00,-1.0,0.0,0,1,0,0,0,-1,0.00,0.00
86.416,0.0,0.0,0.000,0.000,0.000,0.00,-1.0,0.0,0,1,0,0,0,-1,0.00,0.00
86.467,0.0,0.0,0.000,0.000,0.000,0.00,-1.0,0.0,0,1,0,0,0,-1,0.00,0.00
86.518,0.0,0.0,0.000,0.000,0.000,0.00,-1.0,0.0,0,1,0,0,0,-1,0.00,0.00
86.583,0.0,0.0,0.000,0.000,0.000,0.00,-1.0,0.0,0,1,0,0,0,-1,0.00,0.00
86.634,0.0,0.0,0.000,0.000,0.000,0.00,-1.0,0.0,0,1,0,0,0,-1,0.00,0.00
86.684,0.0,0.0,0.000,0.000,0.000,0.00,-1.0,0.0,0,1,0,0,0,-1,0.00,0.00
86.751,0.0,0.0,0.000,0.000,0.000,0.00,-1.0,0.0,0,1,0,0,0,-1,0.00,0.00
86.818,0.0,0.0,0.000,0.000,0.000,0.00,-1.0,0.0,0,1,0,0,0,-1,0.00,0.00
86.883,0.0,0.0,0.000,0.000,0.000,0.00,-1.0,0.0,0,1,0,0,0,-1,0.00,0.00
86.950,0.0,0.0,0.000,0.000,0.000,0.00,-1.0,0.0,0,1,0,0,0,-1,0.00,0.00
87.000,0.0,0.0,0.000,0.000,0.000,0.00,-1.0,0.0,0,1,0,0,0,-1,0.00,0.00
87.067,0.0,0.0,0.000,0.000,0.000,0.00,-1.0,0.0,0,1,0,0,0,-1,0.00,0.00
87.133,0.0,0.0,0.000,0.000,0.000,0.00,-1.0,0.0,0,1,0,0,0,-1,0.00,0.00
87.184,0.0,0.0,0.000,0.000,0.000,0.00,-1.0,0.0,0,1,0,0,0,-1,0.00,0.00
87.250,0.0,0.0,0.000,0.000,0.000,0.00,-1.0,0.0,0,1,0,0,0,-1,0.00,0.00
87.300,0.0,0.0,0.000,0.000,0.000,0.00,-1.0,0.0,0,1,0,0,0,-1,0.00,0.00
87.367,0.0,0.0,0.000,0.000,0.000,0.00,-1.0,0.0,0,1,0,0,0,-1,0.00,0.00
87.433,0.0,0.0,0.000,0.000,0.000,0.00,-1.0,0.0,0,1,0,0,0,-1,0.00,0.00
87.483,0.0,0.0,0.000,0.000,0.000,0.00,-1.0,0.0,0,1,0,0,0,-1,0.00,0.00
87.551,0.0,0.0,0.000,0.000,0.000,0.00,-1.0,0.0,0,1,0,0,0,-1,0.00,0.00
87.619,0.0,0.0,0.000,0.000,0.000,0.00,-1.0,0.0,0,1,0,0,0,-1,0.00,0.00
87.683,0.0,0.0,0.000,0.000,0.000,0.00,-1.0,0.0,0,1,0,0,0,-1,0.00,0.00
87.750,0.0,0.0,0.000,0.000,0.000,0.00,-1.0,0.0,0,1,0,0,0,-1,0.00,0.00
87.800,0.0,0.0,0.000,0.000,0.000,0.00,-1.0,0.0,0,1,0,0,0,-1,0.00,0.00
87.867,0.0,0.0,0.000,0.000,0.000,0.00,-1.0,0.0,0,1,0,0,0,-1,0.00,0.00
87.920,0.0,0.0,0.000,0.000,0.000,0.00,-1.0,0.0,0,1,0,0,0,-1,0.00,0.00
87.983,0.0,0.0,0.000,0.000,0.000,0.00,-1.0,0.0,0,1,0,0,0,-1,0.00,0.00
88.034,0.0,0.0,0.000,0.000,0.000,0.00,-1.0,0.0,0,1,0,0,0,-1,0.00,0.00
88.085,0.0,0.0,0.000,0.000,0.000,0.00,-1.0,0.0,0,1,0,0,0,-1,0.00,0.00
88.151,0.0,0.0,0.000,0.000,0.000,0.00,-1.0,0.0,0,1,0,0,0,-1,0.00,0.00
88.217,0.0,0.0,0.000,0.000,0.000,0.00,-1.0,0.0,0,1,0,0,0,-1,0.00,0.00
88.283,0.0,0.0,0.000,0.000,0.000,0.00,-1.0,0.0,0,1,0,0,0,-1,0.00,0.00
88.333,0.0,0.0,0.000,0.000,0.000,0.00,-1.0,0.0,0,1,0,0,0,-1,0.00,0.00
88.385,0.0,0.0,0.000,0.000,0.000,0.00,-1.0,0.0,0,1,0,0,0,-1,0.00,0.00
88.450,0.0,0.0,0.000,0.000,0.000,0.00,-1.0,0.0,0,1,0,0,0,-1,0.00,0.00
88.501,0.0,0.0,0.000,0.000,0.000,0.00,-1.0,0.0,0,1,0,0,0,-1,0.00,0.00
88.567,0.0,0.0,0.000,0.000,0.000,0.00,-1.0,0.0,0,1,0,0,0,-1,0.00,0.00
88.634,0.0,0.0,0.000,0.000,0.000,0.00,-1.0,0.0,0,1,0,0,0,-1,0.00,0.00
88.684,0.0,0.0,0.000,0.000,0.000,0.00,-1.0,0.0,0,1,0,0,0,-1,0.00,0.00
88.752,0.0,0.0,0.000,0.000,0.000,0.00,-1.0,0.0,0,1,0,0,0,-1,0.00,0.00
88.817,0.0,0.0,0.000,0.000,0.000,0.00,-1.0,0.0,0,1,0,0,0,-1,0.00,0.00
88.883,0.0,0.0,0.000,0.000,0.000,0.00,-1.0,0.0,0,1,0,0,0,-1,0.00,0.00
88.934,0.0,0.0,0.000,0.000,0.000,0.00,-1.0,0.0,0,1,0,0,0,-1,0.00,0.00
88.984,0.0,0.0,0.000,0.000,0.000,0.00,-1.0,0.0,0,1,0,0,0,-1,0.00,0.00
89.034,0.0,0.0,0.000,0.000,0.000,0.00,-1.0,0.0,0,1,0,0,0,-1,0.00,0.00
89.084,0.0,0.0,0.000,0.000,0.000,0.00,-1.0,0.0,0,1,0,0,0,-1,0.00,0.00
89.135,0.0,0.0,0.000,0.000,0.000,0.00,-1.0,0.0,0,1,0,0,0,-1,0.00,0.00
89.201,0.0,0.0,0.000,0.000,0.000,0.00,-1.0,0.0,0,1,0,0,0,-1,0.00,0.00
89.267,0.0,0.0,0.000,0.000,0.000,0.00,-1.0,0.0,0,1,0,0,0,-1,0.00,0.00
89.333,0.0,0.0,0.000,0.000,0.000,0.00,-1.0,0.0,0,1,0,0,0,-1,0.00,0.00
89.384,0.0,0.0,0.000,0.000,0.000,0.00,-1.0,0.0,0,1,0,0,0,-1,0.00,0.00
89.434,0.0,0.0,0.000,0.000,0.000,0.00,-1.0,0.0,0,1,0,0,0,-1,0.00,0.00
89.500,0.0,0.0,0.000,0.000,0.000,0.00,-1.0,0.0,0,1,0,0,0,-1,0.00,0.00
89.567,0.0,0.0,0.000,0.000,0.000,0.00,-1.0,0.0,0,1,0,0,0,-1,0.00,0.00
89.633,0.0,0.0,0.000,0.000,0.000,0.00,-1.0,0.0,0,1,0,0,0,-1,0.00,0.00
89.684,0.0,0.0,0.000,0.000,0.000,0.00,-1.0,0.0,0,1,0,0,0,-1,0.00,0.00
89.750,0.0,0.0,0.000,0.000,0.000,0.00,-1.0,0.0,0,1,0,0,0,-1,0.00,0.00
89.800,0.0,0.0,0.000,0.000,0.000,0.00,-1.0,0.0,0,1,0,0,0,-1,0.00,0.00
89.851,0.0,0.0,0.000,0.000,0.000,0.00,-1.0,0.0,0,1,0,0,0,-1,0.00,0.00
89.918,0.0,0.0,0.000,0.000,0.000,0.00,-1.0,0.0,0,1,0,0,0,-1,0.00,0.00
89.984,0.0,0.0,0.000,0.000,0.000,0.00,-1.0,0.0,0,1,0,0,0,-1,0.00,0.00
90.050,0.0,0.0,0.000,0.000,0.000,0.00,-1.0,0.0,0,1,0,0,0,-1,0.00,0.00
90.116,0.0,0.0,0.000,0.000,0.000,0.00,-1.0,0.0,0,1,0,0,0,-1,0.00,0.00
90.185,0.0,0.0,0.000,0.000,0.000,0.00,-1.0,0.0,0,1,0,0,0,-1,0.00,0.00
90.250,0.0,0.0,0.000,0.000,0.000,0.00,-1.0,0.0,0,1,0,0,0,-1,0.00,0.00
90.300,0.0,0.0,0.000,0.000,0.000,0.00,-1.0,0.0,0,1,0,0,0,-1,0.00,0.00
90.366,0.0,0.0,0.000,0.000,0.000,0.00,-1.0,0.0,0,1,0,0,0,-1,0.00,0.00
90.417,0.0,0.0,0.000,0.000,0.000,0.00,-1.0,0.0,0,1,0,0,0,-1,0.00,0.00
90.484,0.0,0.0,0.000,0.000,0.000,0.00,-1.0,0.0,0,1,0,0,0,-1,0.00,0.00
90.550,0.0,0.0,0.000,0.000,0.000,0.00,-1.0,0.0,0,1,0,0,0,-1,0.00,0.00
90.622,0.0,0.0,0.000,0.000,0.000,0.00,-1.0,0.0,0,1,0,0,0,-1,0.00,0.00
90.683,0.0,0.0,0.000,0.000,0.000,0.00,-1.0,0.0,0,1,0,0,0,-1,0.00,0.00
90.734,0.0,0.0,0.000,0.000,0.000,0.00,-1.0,0.0,0,1,0,0,0,-1,0.00,0.00
90.784,0.0,0.0,0.000,0.000,0.000,0.00,-1.0,0.0,0,1,0,0,0,-1,0.00,0.00
90.849,0.0,0.0,0.000,0.000,0.000,0.00,-1.0,0.0,0,1,0,0,0,-1,0.00,0.00
90.901,0.0,0.0,0.000,0.000,0.000,0.00,-1.0,0.0,0,1,0,0,0,-1,0.00,0.00
90.967,0.0,0.0,0.000,0.000,0.000,0.00,-1.0,0.0,0,1,0,0,0,-1,0.00,0.00
91.034,0.0,0.0,0.000,0.000,0.000,0.00,-1.0,0.0,0,1,0,0,0,-1,0.00,0.00
91.084,0.0,0.0,0.000,0.000,0.000,0.00,-1.0,0.0,0,1,0,0,0,-1,0.00,0.00
91.150,0.0,0.0,0.000,0.000,0.000,0.00,-1.0,0.0,0,1,0,0,0,-1,0.00,0.00
91.201,0.0,0.0,0.000,0.000,0.000,0.00,-1.0,0.0,0,1,0,0,0,-1,0.00,0.00
91.267,0.0,0.0,0.000,0.000,0.000,0.00,-1.0,0.0,0,1,0,0,0,-1,0.00,0.00
91.317,0.0,0.0,0.000,0.000,0.000,0.00,-1.0,0.0,0,1,0,0,0,-1,0.00,0.00
91.385,0.0,0.0,0.000,0.000,0.000,0.00,-1.0,0.0,0,1,0,0,0,-1,0.00,0.00
91.435,0.0,0.0,0.000,0.000,0.000,0.00,-1.0,0.0,0,1,0,0,0,-1,0.00,0.00
91.500,0.0,0.0,0.000,0.000,0.000,0.00,-1.0,0.0,0,1,0,0,0,-1,0.00,0.00
91.550,0.0,0.0,0.000,0.000,0.000,0.00,-1.0,0.0,0,1,0,0,0,-1,0.00,0.00
91.600,0.0,0.0,0.000,0.000,0.000,0.00,-1.0,0.0,0,1,0,0,0,-1,0.00,0.00
91.651,0.0,0.0,0.000,0.000,0.000,0.00,-1.0,0.0,0,1,0,0,0,-1,0.00,0.00
91.716,0.0,0.0,0.000,0.000,0.000,0.00,-1.0,0.0,0,1,0,0,0,-1,0.00,0.00
91.766,0.0,0.0,0.000,0.000,0.000,0.00,-1.0,0.0,0,1,0,0,0,-1,0.00,0.00
91.818,0.0,0.0,0.000,0.000,0.000,0.00,-1.0,0.0,0,1,0,0,0,-1,0.00,0.00
91.883,0.0,0.0,0.000,0.000,0.000,0.00,-1.0,0.0,0,1,0,0,0,-1,0.00,0.00
91.933,0.0,0.0,0.000,0.000,0.000,0.00,-1.0,0.0,0,1,0,0,0,-1,0.00,0.00
91.983,0.0,0.0,0.000,0.000,0.000,0.00,-1.0,0.0,0,1,0,0,0,-1,0.00,0.00
92.049,0.0,0.0,0.000,0.000,0.000,0.00,-1.0,0.0,0,1,0,0,0,-1,0.00,0.00
92.104,0.0,0.0,0.000,0.000,0.000,0.00,-1.0,0.0,0,1,0,0,0,-1,0.00,0.00
92.168,0.0,0.0,0.000,0.000,0.000,0.00,-1.0,0.0,0,1,0,0,0,-1,0.00,0.00
92.233,0.0,0.0,0.000,0.000,0.000,0.00,-1.0,0.0,0,1,0,0,0,-1,0.00,0.00
92.283,0.0,0.0,0.000,0.000,0.000,0.00,-1.0,0.0,0,1,0,0,0,-1,0.00,0.00
92.335,0.0,0.0,0.000,0.000,0.000,0.00,-1.0,0.0,0,1,0,0,0,-1,0.00,0.00
92.400,0.0,0.0,0.000,0.000,0.000,0.00,-1.0,0.0,0,1,0,0,0,-1,0.00,0.00
92.450,0.0,0.0,0.000,0.000,0.000,0.00,-1.0,0.0,0,1,0,0,0,-1,0.00,0.00
92.500,0.0,0.0,0.000,0.000,0.000,0.00,-1.0,0.0,0,1,0,0,0,-1,0.00,0.00
92.551,0.0,0.0,0.000,0.000,0.000,0.00,-1.0,0.0,0,1,0,0,0,-1,0.00,0.00
92.617,0.0,0.0,0.000,0.000,0.000,0.00,-1.0,0.0,0,1,0,0,0,-1,0.00,0.00
92.671,0.0,0.0,0.000,0.000,0.000,0.00,-1.0,0.0,0,1,0,0,0,-1,0.00,0.00
92.733,0.0,0.0,0.000,0.000,0.000,0.00,-1.0,0.0,0,1,0,0,0,-1,0.00,0.00
92.783,0.0,0.0,0.000,0.000,0.000,0.00,-1.0,0.0,0,1,0,0,0,-1,0.00,0.00
92.852,0.0,0.0,0.000,0.000,0.000,0.00,-1.0,0.0,0,1,0,0,0,-1,0.00,0.00
92.919,0.0,0.0,0.000,0.000,0.000,0.00,-1.0,0.0,0,1,0,0,0,-1,0.00,0.00
92.984,0.0,0.0,0.000,0.000,0.000,0.00,-1.0,0.0,0,1,0,0,0,-1,0.00,0.00
93.050,0.0,0.0,0.000,0.000,0.000,0.00,-1.0,0.0,0,1,0,0,0,-1,0.00,0.00
93.117,0.0,0.0,0.000,0.000,0.000,0.00,-1.0,0.0,0,1,0,0,0,-1,0.00,0.00
93.185,0.0,0.0,0.000,0.000,0.000,0.00,-1.0,0.0,0,1,0,0,0,-1,0.00,0.00
93.250,0.0,0.0,0.000,0.000,0.000,0.00,-1.0,0.0,0,1,0,0,0,-1,0.00,0.00
93.317,0.0,0.0,0.000,0.000,0.000,0.00,-1.0,0.0,0,1,0,0,0,-1,0.00,0.00
93.384,0.0,0.0,0.000,0.000,0.000,0.00,-1.0,0.0,0,1,0,0,0,-1,0.00,0.00
93.434,0.0,0.0,0.000,0.000,0.000,0.00,-1.0,0.0,0,1,0,0,0,-1,0.00,0.00
93.499,0.0,0.0,0.000,0.000,0.000,0.00,-1.0,0.0,0,1,0,0,0,-1,0.00,0.00
93.551,0.0,0.0,0.000,0.000,0.000,0.00,-1.0,0.0,0,1,0,0,0,-1,0.00,0.00
93.617,0.0,0.0,0.000,0.000,0.000,0.00,-1.0,0.0,0,1,0,0,0,-1,0.00,0.00
93.667,0.0,0.0,0.000,0.000,0.000,0.00,-1.0,0.0,0,1,0,0,0,-1,0.00,0.00
93.734,0.0,0.0,0.000,0.000,0.000,0.00,-1.0,0.0,0,1,0,0,0,-1,0.00,0.00
93.800,0.0,0.0,0.000,0.000,0.000,0.00,-1.0,0.0,0,1,0,0,0,-1,0.00,0.00
93.867,0.0,0.0,0.000,0.000,0.000,0.00,-1.0,0.0,0,1,0,0,0,-1,0.00,0.00
93.934,0.0,0.0,0.000,0.000,0.000,0.00,-1.0,0.0,0,1,0,0,0,-1,0.00,0.00
94.000,0.0,0.0,0.000,0.000,0.000,0.00,-1.0,0.0,0,1,0,0,0,-1,0.00,0.00
94.050,0.0,0.0,0.000,0.000,0.000,0.00,-1.0,0.0,0,1,0,0,0,-1,0.00,0.00
94.117,0.0,0.0,0.000,0.000,0.000,0.00,-1.0,0.0,0,1,0,0,0,-1,0.00,0.00
94.167,0.0,0.0,0.000,0.000,0.000,0.00,-1.0,0.0,0,1,0,0,0,-1,0.00,0.00
94.235,0.0,0.0,0.000,0.000,0.000,0.00,-1.0,0.0,0,1,0,0,0,-1,0.00,0.00
94.301,0.0,0.0,0.000,0.000,0.000,0.00,-1.0,0.0,0,1,0,0,0,-1,0.00,0.00
94.367,0.0,0.0,0.000,0.000,0.000,0.00,-1.0,0.0,0,1,0,0,0,-1,0.00,0.00
94.433,0.0,0.0,0.000,0.000,0.000,0.00,-1.0,0.0,0,1,0,0,0,-1,0.00,0.00
94.484,0.0,0.0,0.000,0.000,0.000,0.00,-1.0,0.0,0,1,0,0,0,-1,0.00,0.00
94.551,0.0,0.0,0.000,0.000,0.000,0.00,-1.0,0.0,0,1,0,0,0,-1,0.00,0.00
94.618,0.0,0.0,0.000,0.000,0.000,0.00,-1.0,0.0,0,1,0,0,0,-1,0.00,0.00
94.683,0.0,0.0,0.000,0.000,0.000,0.00,-1.0,0.0,0,1,0,0,0,-1,0.00,0.00
94.734,0.0,0.0,0.000,0.000,0.000,0.00,-1.0,0.0,0,1,0,0,0,-1,0.00,0.00
94.800,0.0,0.0,0.000,0.000,0.000,0.00,-1.0,0.0,0,1,0,0,0,-1,0.00,0.00
94.867,0.0,0.0,0.000,0.000,0.000,0.00,-1.0,0.0,0,1,0,0,0,-1,0.00,0.00
94.917,0.0,0.0,0.000,0.000,0.000,0.00,-1.0,0.0,0,1,0,0,0,-1,0.00,0.00
94.967,0.0,0.0,0.000,0.000,0.000,0.00,-1.0,0.0,0,1,0,0,0,-1,0.00,0.00
95.018,0.0,0.0,0.000,0.000,0.000,0.00,-1.0,0.0,0,1,0,0,0,-1,0.00,0.00
95.083,0.0,0.0,0.000,0.000,0.000,0.00,-1.0,0.0,0,1,0,0,0,-1,0.00,0.00
95.151,0.0,0.0,0.000,0.000,0.000,0.00,-1.0,0.0,0,1,0,0,0,-1,0.00,0.00
95.217,0.0,0.0,0.000,0.000,0.000,0.00,-1.0,0.0,0,1,0,0,0,-1,0.00,0.00
95.283,0.0,0.0,0.000,0.000,0.000,0.00,-1.0,0.0,0,1,0,0,0,-1,0.00,0.00
95.350,0.0,0.0,0.000,0.000,0.000,0.00,-1.0,0.0,0,1,0,0,0,-1,0.00,0.00
95.400,0.0,0.0,0.000,0.000,0.000,0.00,-1.0,0.0,0,1,0,0,0,-1,0.00,0.00
95.450,0.0,0.0,0.000,0.000,0.000,0.00,-1.0,0.0,0,1,0,0,0,-1,0.00,0.00
95.517,0.0,0.0,0.000,0.000,0.000,0.00,-1.0,0.0,0,1,0,0,0,-1,0.00,0.00
95.568,0.0,0.0,0.000,0.000,0.000,0.00,-1.0,0.0,0,1,0,0,0,-1,0.00,0.00
95.633,0.0,0.0,0.000,0.000,0.000,0.00,-1.0,0.0,0,1,0,0,0,-1,0.00,0.00
95.701,0.0,0.0,0.000,0.000,0.000,0.00,-1.0,0.0,0,1,0,0,0,-1,0.00,0.00
95.766,0.0,0.0,0.000,0.000,0.000,0.00,-1.0,0.0,0,1,0,0,0,-1,0.00,0.00
95.817,0.0,0.0,0.000,0.000,0.000,0.00,-1.0,0.0,0,1,0,0,0,-1,0.00,0.00
95.884,0.0,0.0,0.000,0.000,0.000,0.00,-1.0,0.0,0,1,0,0,0,-1,0.00,0.00
95.934,0.0,0.0,0.000,0.000,0.000,0.00,-1.0,0.0,0,1,0,0,0,-1,0.00,0.00
96.000,0.0,0.0,0.000,0.000,0.000,0.00,-1.0,0.0,0,1,0,0,0,-1,0.00,0.00
96.068,0.0,0.0,0.000,0.000,0.000,0.00,-1.0,0.0,0,1,0,0,0,-1,0.00,0.00
96.118,0.0,0.0,0.000,0.000,0.000,0.00,-1.0,0.0,0,1,0,0,0,-1,0.00,0.00
96.183,0.0,0.0,0.000,0.000,0.000,0.00,-1.0,0.0,0,1,0,0,0,-1,0.00,0.00
96.234,0.0,0.0,0.000,0.000,0.000,0.00,-1.0,0.0,0,1,0,0,0,-1,0.00,0.00
96.301,0.0,0.0,0.000,0.000,0.000,0.00,-1.0,0.0,0,1,0,0,0,-1,0.00,0.00
96.369,0.0,0.0,0.000,0.000,0.000,0.00,-1.0,0.0,0,1,0,0,0,-1,0.00,0.00
96.434,0.0,0.0,0.000,0.000,0.000,0.00,-1.0,0.0,0,1,0,0,0,-1,0.00,0.00
96.484,0.0,0.0,0.000,0.000,0.000,0.00,-1.0,0.0,0,1,0,0,0,-1,0.00,0.00
96.550,0.0,0.0,0.000,0.000,0.000,0.00,-1.0,0.0,0,1,0,0,0,-1,0.00,0.00
96.616,0.0,0.0,0.000,0.000,0.000,0.00,-1.0,0.0,0,1,0,0,0,-1,0.00,0.00
96.667,0.0,0.0,0.000,0.000,0.000,0.00,-1.0,0.0,0,1,0,0,0,-1,0.00,0.00
96.717,0.0,0.0,0.000,0.000,0.000,0.00,-1.0,0.0,0,1,0,0,0,-1,0.00,0.00
96.784,0.0,0.0,0.000,0.000,0.000,0.00,-1.0,0.0,0,1,0,0,0,-1,0.00,0.00
96.834,0.0,0.0,0.000,0.000,0.000,0.00,-1.0,0.0,0,1,0,0,0,-1,0.00,0.00
96.900,0.0,0.0,0.000,0.000,0.000,0.00,-1.0,0.0,0,1,0,0,0,-1,0.00,0.00
96.950,0.0,0.0,0.000,0.000,0.000,0.00,-1.0,0.0,0,1,0,0,0,-1,0.00,0.00
97.002,0.0,0.0,0.000,0.000,0.000,0.00,-1.0,0.0,0,1,0,0,0,-1,0.00,0.00
97.067,0.0,0.0,0.000,0.000,0.000,0.00,-1.0,0.0,0,1,0,0,0,-1,0.00,0.00
97.117,0.0,0.0,0.000,0.000,0.000,0.00,-1.0,0.0,0,1,0,0,0,-1,0.00,0.00
97.183,0.0,0.0,0.000,0.000,0.000,0.00,-1.0,0.0,0,1,0,0,0,-1,0.00,0.00
97.233,0.0,0.0,0.000,0.000,0.000,0.00,-1.0,0.0,0,1,0,0,0,-1,0.00,0.00
97.300,0.0,0.0,0.000,0.000,0.000,0.00,-1.0,0.0,0,1,0,0,0,-1,0.00,0.00
97.366,0.0,0.0,0.000,0.000,0.000,0.00,-1.0,0.0,0,1,0,0,0,-1,0.00,0.00
97.417,0.0,0.0,0.000,0.000,0.000,0.00,-1.0,0.0,0,1,0,0,0,-1,0.00,0.00
97.468,0.0,0.0,0.000,0.000,0.000,0.00,-1.0,0.0,0,1,0,0,0,-1,0.00,0.00
97.533,0.0,0.0,0.000,0.000,0.000,0.00,-1.0,0.0,0,1,0,0,0,-1,0.00,0.00
97.601,0.0,0.0,0.000,0.000,0.000,0.00,-1.0,0.0,0,1,0,0,0,-1,0.00,0.00
97.654,0.0,0.0,0.000,0.000,0.000,0.00,-1.0,0.0,0,1,0,0,0,-1,0.00,0.00
97.718,0.0,0.0,0.000,0.000,0.000,0.00,-1.0,0.0,0,1,0,0,0,-1,0.00,0.00
97.770,0.0,0.0,0.000,0.000,0.000,0.00,-1.0,0.0,0,1,0,0,0,-1,0.00,0.00
97.833,0.0,0.0,0.000,0.000,0.000,0.00,-1.0,0.0,0,1,0,0,0,-1,0.00,0.00
97.899,0.0,0.0,0.000,0.000,0.000,0.00,-1.0,0.0,0,1,0,0,0,-1,0.00,0.00
97.950,0.0,0.0,0.000,0.000,0.000,0.00,-1.0,0.0,0,1,0,0,0,-1,0.00,0.00
98.016,0.0,0.0,0.000,0.000,0.000,0.00,-1.0,0.0,0,1,0,0,0,-1,0.00,0.00
98.067,0.0,0.0,0.000,0.000,0.000,0.00,-1.0,0.0,0,1,0,0,0,-1,0.00,0.00
98.118,0.0,0.0,0.000,0.000,0.000,0.00,-1.0,0.0,0,1,0,0,0,-1,0.00,0.00
98.168,0.0,0.0,0.000,0.000,0.000,0.00,-1.0,0.0,0,1,0,0,0,-1,0.00,0.00
98.234,0.0,0.0,0.000,0.000,0.000,0.00,-1.0,0.0,0,1,0,0,0,-1,0.00,0.00
98.284,0.0,0.0,0.000,0.000,0.000,0.00,-1.0,0.0,0,1,0,0,0,-1,0.00,0.00
98.351,0.0,0.0,0.000,0.000,0.000,0.00,-1.0,0.0,0,1,0,0,0,-1,0.00,0.00
98.417,0.0,0.0,0.000,0.000,0.000,0.00,-1.0,0.0,0,1,0,0,0,-1,0.00,0.00
98.467,0.0,0.0,0.000,0.000,0.000,0.00,-1.0,0.0,0,1,0,0,0,-1,0.00,0.00
98.517,0.0,0.0,0.000,0.000,0.000,0.00,-1.0,0.0,0,1,0,0,0,-1,0.00,0.00
98.584,0.0,0.0,0.000,0.000,0.000,0.00,-1.0,0.0,0,1,0,0,0,-1,0.00,0.00
98.651,0.0,0.0,0.000,0.000,0.000,0.00,-1.0,0.0,0,1,0,0,0,-1,0.00,0.00
98.702,0.0,0.0,0.000,0.000,0.000,0.00,-1.0,0.0,0,1,0,0,0,-1,0.00,0.00
98.768,0.0,0.0,0.000,0.000,0.000,0.00,-1.0,0.0,0,1,0,0,0,-1,0.00,0.00
98.833,0.0,0.0,0.000,0.000,0.000,0.00,-1.0,0.0,0,1,0,0,0,-1,0.00,0.00
98.901,0.0,0.0,0.000,0.000,0.000,0.00,-1.0,0.0,0,1,0,0,0,-1,0.00,0.00
98.967,0.0,0.0,0.000,0.000,0.000,0.00,-1.0,0.0,0,1,0,0,0,-1,0.00,0.00
99.033,0.0,0.0,0.000,0.000,0.000,0.00,-1.0,0.0,0,1,0,0,0,-1,0.00,0.00
99.083,0.0,0.0,0.000,0.000,0.000,0.00,-1.0,0.0,0,1,0,0,0,-1,0.00,0.00
99.150,0.0,0.0,0.000,0.000,0.000,0.00,-1.0,0.0,0,1,0,0,0,-1,0.00,0.00
99.216,0.0,0.0,0.000,0.000,0.000,0.00,-1.0,0.0,0,1,0,0,0,-1,0.00,0.00
99.267,0.0,0.0,0.000,0.000,0.000,0.00,-1.0,0.0,0,1,0,0,0,-1,0.00,0.00
99.317,0.0,0.0,0.000,0.000,0.000,0.00,-1.0,0.0,0,1,0,0,0,-1,0.00,0.00
99.368,0.0,0.0,0.000,0.000,0.000,0.00,-1.0,0.0,0,1,0,0,0,-1,0.00,0.00
99.434,0.0,0.0,0.000,0.000,0.000,0.00,-1.0,0.0,0,1,0,0,0,-1,0.00,0.00
99.485,0.0,0.0,0.000,0.000,0.000,0.00,-1.0,0.0,0,1,0,0,0,-1,0.00,0.00
99.550,0.0,0.0,0.000,0.000,0.000,0.00,-1.0,0.0,0,1,0,0,0,-1,0.00,0.00
99.600,0.0,0.0,0.000,0.000,0.000,0.00,-1.0,0.0,0,1,0,0,0,-1,0.00,0.00
99.651,0.0,0.0,0.000,0.000,0.000,0.00,-1.0,0.0,0,1,0,0,0,-1,0.00,0.00
99.717,0.0,0.0,0.000,0.000,0.000,0.00,-1.0,0.0,0,1,0,0,0,-1,0.00,0.00
99.784,0.0,0.0,0.000,0.000,0.000,0.00,-1.0,0.0,0,1,0,0,0,-1,0.00,0.00
99.835,0.0,0.0,0.000,0.000,0.000,0.00,-1.0,0.0,0,1,0,0,0,-1,0.00,0.00
99.901,0.0,0.0,0.000,0.000,0.000,0.00,-1.0,0.0,0,1,0,0,0,-1,0.00,0.00
99.968,0.0,0.0,0.000,0.000,0.000,0.00,-1.0,0.0,0,1,0,0,0,-1,0.00,0.00
100.033,0.0,0.0,0.000,0.000,0.000,0.00,-1.0,0.0,0,1,0,0,0,-1,0.00,0.00
100.086,0.0,0.0,0.000,0.000,0.000,0.00,-1.0,0.0,0,1,0,0,0,-1,0.00,0.00
100.149,0.0,0.0,0.000,0.000,0.000,0.00,-1.0,0.0,0,1,0,0,0,-1,0.00,0.00
100.200,0.0,0.0,0.000,0.000,0.000,0.00,-1.0,0.0,0,1,0,0,0,-1,0.00,0.00
100.267,0.0,0.0,0.000,0.000,0.000,0.00,-1.0,0.0,0,1,0,0,0,-1,0.00,0.00
100.318,0.0,0.0,0.000,0.000,0.000,0.00,-1.0,0.0,0,1,0,0,0,-1,0.00,0.00
100.368,0.0,0.0,0.000,0.000,0.000,0.00,-1.0,0.0,0,1,0,0,0,-1,0.00,0.00
100.435,0.0,0.0,0.000,0.000,0.000,0.00,-1.0,0.0,0,1,0,0,0,-1,0.00,0.00
100.500,0.0,0.0,0.000,0.000,0.000,0.00,-1.0,0.0,0,1,0,0,0,-1,0.00,0.00
100.566,0.0,0.0,0.000,0.000,0.000,0.00,-1.0,0.0,0,1,0,0,0,-1,0.00,0.00
100.619,0.0,0.0,0.000,0.000,0.000,0.00,-1.0,0.0,0,1,0,0,0,-1,0.00,0.00
100.684,0.0,0.0,0.000,0.000,0.000,0.00,-1.0,0.0,0,1,0,0,0,-1,0.00,0.00
100.751,0.0,0.0,0.000,0.000,0.000,0.00,-1.0,0.0,0,1,0,0,0,-1,0.00,0.00
100.819,0.0,0.0,0.000,0.000,0.000,0.00,-1.0,0.0,0,1,0,0,0,-1,0.00,0.00
100.884,0.0,0.0,0.000,0.000,0.000,0.00,-1.0,0.0,0,1,0,0,0,-1,0.00,0.00
100.949,0.0,0.0,0.000,0.000,0.000,0.00,-1.0,0.0,0,1,0,0,0,-1,0.00,0.00
101.001,0.0,0.0,0.000,0.000,0.000,0.00,-1.0,0.0,0,1,0,0,0,-1,0.00,0.00
101.051,0.0,0.0,0.000,0.000,0.000,0.00,-1.0,0.0,0,1,0,0,0,-1,0.00,0.00
101.117,0.0,0.0,0.000,0.000,0.000,0.00,-1.0,0.0,0,1,0,0,0,-1,0.00,0.00
101.169,0.0,0.0,0.000,0.000,0.000,0.00,-1.0,0.0,0,1,0,0,0,-1,0.00,0.00
101.233,0.0,0.0,0.000,0.000,0.000,0.00,-1.0,0.0,0,1,0,0,0,-1,0.00,0.00
101.285,0.0,0.0,0.000,0.000,0.000,0.00,-1.0,0.0,0,1,0,0,0,-1,0.00,0.00
101.354,0.0,0.0,0.000,0.000,0.000,0.00,-1.0,0.0,0,1,0,0,0,-1,0.00,0.00
101.417,0.0,0.0,0.000,0.000,0.000,0.00,-1.0,0.0,0,1,0,0,0,-1,0.00,0.00
101.467,0.0,0.0,0.000,0.000,0.000,0.00,-1.0,0.0,0,1,0,0,0,-1,0.00,0.00
101.518,0.0,0.0,0.000,0.000,0.000,0.00,-1.0,0.0,0,1,0,0,0,-1,0.00,0.00
101.583,0.0,0.0,0.000,0.000,0.000,0.00,-1.0,0.0,0,1,0,0,0,-1,0.00,0.00
101.634,0.0,0.0,0.000,0.000,0.000,0.00,-1.0,0.0,0,1,0,0,0,-1,0.00,0.00
101.684,0.0,0.0,0.000,0.000,0.000,0.00,-1.0,0.0,0,1,0,0,0,-1,0.00,0.00
101.746,0.0,0.0,0.000,0.000,0.000,0.00,-1.0,0.0,0,1,0,0,0,-1,0.00,0.00
101.803,0.0,0.0,0.000,0.000,0.000,0.00,-1.0,0.0,0,1,0,0,0,-1,0.00,0.00
101.867,0.0,0.0,0.000,0.000,0.000,0.00,-1.0,0.0,0,1,0,0,0,-1,0.00,0.00
101.934,0.0,0.0,0.000,0.000,0.000,0.00,-1.0,0.0,0,1,0,0,0,-1,0.00,0.00
101.985,0.0,0.0,0.000,0.000,0.000,0.00,-1.0,0.0,0,1,0,0,0,-1,0.00,0.00
102.052,0.0,0.0,0.000,0.000,0.000,0.00,-1.0,0.0,0,1,0,0,0,-1,0.00,0.00
102.117,0.0,0.0,0.000,0.000,0.000,0.00,-1.0,0.0,0,1,0,0,0,-1,0.00,0.00
102.169,0.0,0.0,0.000,0.000,0.000,0.00,-1.0,0.0,0,1,0,0,0,-1,0.00,0.00
102.219,0.0,0.0,0.000,0.000,0.000,0.00,-1.0,0.0,0,1,0,0,0,-1,0.00,0.00
102.286,0.0,0.0,0.000,0.000,0.000,0.00,-1.0,0.0,0,1,0,0,0,-1,0.00,0.00
102.350,0.0,0.0,0.000,0.000,0.000,0.00,-1.0,0.0,0,1,0,0,0,-1,0.00,0.00
102.401,0.0,0.0,0.000,0.000,0.000,0.00,-1.0,0.0,0,1,0,0,0,-1,0.00,0.00
102.466,0.0,0.0,0.000,0.000,0.000,0.00,-1.0,0.0,0,1,0,0,0,-1,0.00,0.00
102.517,0.0,0.0,0.000,0.000,0.000,0.00,-1.0,0.0,0,1,0,0,0,-1,0.00,0.00
102.583,0.0,0.0,0.000,0.000,0.000,0.00,-1.0,0.0,0,1,0,0,0,-1,0.00,0.00
102.650,0.0,0.0,0.000,0.000,0.000,0.00,-1.0,0.0,0,1,0,0,0,-1,0.00,0.00
102.700,0.0,0.0,0.000,0.000,0.000,0.00,-1.0,0.0,0,1,0,0,0,-1,0.00,0.00
102.751,0.0,0.0,0.000,0.000,0.000,0.00,-1.0,0.0,0,1,0,0,0,-1,0.00,0.00
102.817,0.0,0.0,0.000,0.000,0.000,0.00,-1.0,0.0,0,1,0,0,0,-1,0.00,0.00
102.867,0.0,0.0,0.000,0.000,0.000,0.00,-1.0,0.0,0,1,0,0,0,-1,0.00,0.00
102.918,0.0,0.0,0.000,0.000,0.000,0.00,-1.0,0.0,0,1,0,0,0,-1,0.00,0.00
102.984,0.0,0.0,0.000,0.000,0.000,0.00,-1.0,0.0,0,1,0,0,0,-1,0.00,0.00
103.051,0.0,0.0,0.000,0.000,0.000,0.00,-1.0,0.0,0,1,0,0,0,-1,0.00,0.00
103.117,0.0,0.0,0.000,0.000,0.000,0.00,-1.0,0.0,0,1,0,0,0,-1,0.00,0.00
103.168,0.0,0.0,0.000,0.000,0.000,0.00,-1.0,0.0,0,1,0,0,0,-1,0.00,0.00
103.233,0.0,0.0,0.000,0.000,0.000,0.00,-1.0,0.0,0,1,0,0,0,-1,0.00,0.00
103.285,0.0,0.0,0.000,0.000,0.000,0.00,-1.0,0.0,0,1,0,0,0,-1,0.00,0.00
103.350,0.0,0.0,0.000,0.000,0.000,0.00,-1.0,0.0,0,1,0,0,0,-1,0.00,0.00
103.417,0.0,0.0,0.000,0.000,0.000,0.00,-1.0,0.0,0,1,0,0,0,-1,0.00,0.00
103.483,0.0,0.0,0.000,0.000,0.000,0.00,-1.0,0.0,0,1,0,0,0,-1,0.00,0.00
103.551,0.0,0.0,0.000,0.000,0.000,0.00,-1.0,0.0,0,1,0,0,0,-1,0.00,0.00
103.616,0.0,0.0,0.000,0.000,0.000,0.00,-1.0,0.0,0,1,0,0,0,-1,0.00,0.00
103.667,0.0,0.0,0.000,0.000,0.000,0.00,-1.0,0.0,0,1,0,0,0,-1,0.00,0.00
103.717,0.0,0.0,0.000,0.000,0.000,0.00,-1.0,0.0,0,1,0,0,0,-1,0.00,0.00
103.784,0.0,0.0,0.000,0.000,0.000,0.00,-1.0,0.0,0,1,0,0,0,-1,0.00,0.00
103.851,0.0,0.0,0.000,0.000,0.000,0.00,-1.0,0.0,0,1,0,0,0,-1,0.00,0.00
103.917,0.0,0.0,0.000,0.000,0.000,0.00,-1.0,0.0,0,1,0,0,0,-1,0.00,0.00
103.968,0.0,0.0,0.000,0.000,0.000,0.00,-1.0,0.0,0,1,0,0,0,-1,0.00,0.00
104.018,0.0,0.0,0.000,0.000,0.000,0.00,-1.0,0.0,0,1,0,0,0,-1,0.00,0.00
104.083,0.0,0.0,0.000,0.000,0.000,0.00,-1.0,0.0,0,1,0,0,0,-1,0.00,0.00
104.134,0.0,0.0,0.000,0.000,0.000,0.00,-1.0,0.0,0,1,0,0,0,-1,0.00,0.00
104.200,0.0,0.0,0.000,0.000,0.000,0.00,-1.0,0.0,0,1,0,0,0,-1,0.00,0.00
104.251,0.0,0.0,0.000,0.000,0.000,0.00,-1.0,0.0,0,1,0,0,0,-1,0.00,0.00
104.317,0.0,0.0,0.000,0.000,0.000,0.00,-1.0,0.0,0,1,0,0,0,-1,0.00,0.00
104.367,0.0,0.0,0.000,0.000,0.000,0.00,-1.0,0.0,0,1,0,0,0,-1,0.00,0.00
104.417,0.0,0.0,0.000,0.000,0.000,0.00,-1.0,0.0,0,1,0,0,0,-1,0.00,0.00
104.485,0.0,0.0,0.000,0.000,0.000,0.00,-1.0,0.0,0,1,0,0,0,-1,0.00,0.00
104.550,0.0,0.0,0.000,0.000,0.000,0.00,-1.0,0.0,0,1,0,0,0,-1,0.00,0.00
104.601,0.0,0.0,0.000,0.000,0.000,0.00,-1.0,0.0,0,1,0,0,0,-1,0.00,0.00
104.667,0.0,0.0,0.000,0.000,0.000,0.00,-1.0,0.0,0,1,0,0,0,-1,0.00,0.00
104.733,0.0,0.0,0.000,0.000,0.000,0.00,-1.0,0.0,0,1,0,0,0,-1,0.00,0.00
104.784,0.0,0.0,0.000,0.000,0.000,0.00,-1.0,0.0,0,1,0,0,0,-1,0.00,0.00
104.850,0.0,0.0,0.000,0.000,0.000,0.00,-1.0,0.0,0,1,0,0,0,-1,0.00,0.00
104.916,0.0,0.0,0.000,0.000,0.000,0.00,-1.0,0.0,0,1,0,0,0,-1,0.00,0.00
104.967,0.0,0.0,0.000,0.000,0.000,0.00,-1.0,0.0,0,1,0,0,0,-1,0.00,0.00
105.033,0.0,0.0,0.000,0.000,0.000,0.00,-1.0,0.0,0,1,0,0,0,-1,0.00,0.00
105.086,0.0,0.0,0.000,0.000,0.000,0.00,-1.0,0.0,0,1,0,0,0,-1,0.00,0.00
105.137,0.0,0.0,0.000,0.000,0.000,0.00,-1.0,0.0,0,1,0,0,0,-1,0.00,0.00
105.201,0.0,0.0,0.000,0.000,0.000,0.00,-1.0,0.0,0,1,0,0,0,-1,0.00,0.00
105.267,0.0,0.0,0.000,0.000,0.000,0.00,-1.0,0.0,0,1,0,0,0,-1,0.00,0.00
105.332,0.0,0.0,0.000,0.000,0.000,0.00,-1.0,0.0,0,1,0,0,0,-1,0.00,0.00
105.383,0.0,0.0,0.000,0.000,0.000,0.00,-1.0,0.0,0,1,0,0,0,-1,0.00,0.00
105.435,0.0,0.0,0.000,0.000,0.000,0.00,-1.0,0.0,0,1,0,0,0,-1,0.00,0.00
105.500,0.0,0.0,0.000,0.000,0.000,0.00,-1.0,0.0,0,1,0,0,0,-1,0.00,0.00
105.550,0.0,0.0,0.000,0.000,0.000,0.00,-1.0,0.0,0,1,0,0,0,-1,0.00,0.00
105.617,0.0,0.0,0.000,0.000,0.000,0.00,-1.0,0.0,0,1,0,0,0,-1,0.00,0.00
105.668,0.0,0.0,0.000,0.000,0.000,0.00,-1.0,0.0,0,1,0,0,0,-1,0.00,0.00
105.733,0.0,0.0,0.000,0.000,0.000,0.00,-1.0,0.0,0,1,0,0,0,-1,0.00,0.00
105.784,0.0,0.0,0.000,0.000,0.000,0.00,-1.0,0.0,0,1,0,0,0,-1,0.00,0.00
105.851,0.0,0.0,0.000,0.000,0.000,0.00,-1.0,0.0,0,1,0,0,0,-1,0.00,0.00
105.901,0.0,0.0,0.000,0.000,0.000,0.00,-1.0,0.0,0,1,0,0,0,-1,0.00,0.00
105.967,0.0,0.0,0.000,0.000,0.000,0.00,-1.0,0.0,0,1,0,0,0,-1,0.00,0.00
106.019,0.0,0.0,0.000,0.000,0.000,0.00,-1.0,0.0,0,1,0,0,0,-1,0.00,0.00
106.084,0.0,0.0,0.000,0.000,0.000,0.00,-1.0,0.0,0,1,0,0,0,-1,0.00,0.00
106.156,0.0,0.0,0.000,0.000,0.000,0.00,-1.0,0.0,0,1,0,0,0,-1,0.00,0.00
106.217,0.0,0.0,0.000,0.000,0.000,0.00,-1.0,0.0,0,1,0,0,0,-1,0.00,0.00
106.268,0.0,0.0,0.000,0.000,0.000,0.00,-1.0,0.0,0,1,0,0,0,-1,0.00,0.00
106.333,0.0,0.0,0.000,0.000,0.000,0.00,-1.0,0.0,0,1,0,0,0,-1,0.00,0.00
106.384,0.0,0.0,0.000,0.000,0.000,0.00,-1.0,0.0,0,1,0,0,0,-1,0.00,0.00
106.450,0.0,0.0,0.000,0.000,0.000,0.00,-1.0,0.0,0,1,0,0,0,-1,0.00,0.00
106.501,0.0,0.0,0.000,0.000,0.000,0.00,-1.0,0.0,0,1,0,0,0,-1,0.00,0.00
106.551,0.0,0.0,0.000,0.000,0.000,0.00,-1.0,0.0,0,1,0,0,0,-1,0.00,0.00
106.602,0.0,0.0,0.000,0.000,0.000,0.00,-1.0,0.0,0,1,0,0,0,-1,0.00,0.00
106.667,0.0,0.0,0.000,0.000,0.000,0.00,-1.0,0.0,0,1,0,0,0,-1,0.00,0.00
106.733,0.0,0.0,0.000,0.000,0.000,0.00,-1.0,0.0,0,1,0,0,0,-1,0.00,0.00
106.784,0.0,0.0,0.000,0.000,0.000,0.00,-1.0,0.0,0,1,0,0,0,-1,0.00,0.00
106.851,0.0,0.0,0.000,0.000,0.000,0.00,-1.0,0.0,0,1,0,0,0,-1,0.00,0.00
106.916,0.0,0.0,0.000,0.000,0.000,0.00,-1.0,0.0,0,1,0,0,0,-1,0.00,0.00
106.967,0.0,0.0,0.000,0.000,0.000,0.00,-1.0,0.0,0,1,0,0,0,-1,0.00,0.00
107.017,0.0,0.0,0.000,0.000,0.000,0.00,-1.0,0.0,0,1,0,0,0,-1,0.00,0.00
107.068,0.0,0.0,0.000,0.000,0.000,0.00,-1.0,0.0,0,1,0,0,0,-1,0.00,0.00
107.133,0.0,0.0,0.000,0.000,0.000,0.00,-1.0,0.0,0,1,0,0,0,-1,0.00,0.00
107.200,0.0,0.0,0.000,0.000,0.000,0.00,-1.0,0.0,0,1,0,0,0,-1,0.00,0.00
107.251,0.0,0.0,0.000,0.000,0.000,0.00,-1.0,0.0,0,1,0,0,0,-1,0.00,0.00
107.317,0.0,0.0,0.000,0.000,0.000,0.00,-1.0,0.0,0,1,0,0,0,-1,0.00,0.00
107.384,0.0,0.0,0.000,0.000,0.000,0.00,-1.0,0.0,0,1,0,0,0,-1,0.00,0.00
107.450,0.0,0.0,0.000,0.000,0.000,0.00,-1.0,0.0,0,1,0,0,0,-1,0.00,0.00
107.517,0.0,0.0,0.000,0.000,0.000,0.00,-1.0,0.0,0,1,0,0,0,-1,0.00,0.00
107.567,0.0,0.0,0.000,0.000,0.000,0.00,-1.0,0.0,0,1,0,0,0,-1,0.00,0.00
107.634,0.0,0.0,0.000,0.000,0.000,0.00,-1.0,0.0,0,1,0,0,0,-1,0.00,0.00
107.701,0.0,0.0,0.000,0.000,0.000,0.00,-1.0,0.0,0,1,0,0,0,-1,0.00,0.00
107.767,0.0,0.0,0.000,0.000,0.000,0.00,-1.0,0.0,0,1,0,0,0,-1,0.00,0.00
107.834,0.0,0.0,0.000,0.000,0.000,0.00,-1.0,0.0,0,1,0,0,0,-1,0.00,0.00
107.900,0.0,0.0,0.000,0.000,0.000,0.00,-1.0,0.0,0,1,0,0,0,-1,0.00,0.00
107.966,0.0,0.0,0.000,0.000,0.000,0.00,-1.0,0.0,0,1,0,0,0,-1,0.00,0.00
108.018,0.0,0.0,0.000,0.000,0.000,0.00,-1.0,0.0,0,1,0,0,0,-1,0.00,0.00
108.084,0.0,0.0,0.000,0.000,0.000,0.00,-1.0,0.0,0,1,0,0,0,-1,0.00,0.00
108.149,0.0,0.0,0.000,0.000,0.000,0.00,-1.0,0.0,0,1,0,0,0,-1,0.00,0.00
108.200,0.0,0.0,0.000,0.000,0.000,0.00,-1.0,0.0,0,1,0,0,0,-1,0.00,0.00
108.250,0.0,0.0,0.000,0.000,0.000,0.00,-1.0,0.0,0,1,0,0,0,-1,0.00,0.00
108.301,0.0,0.0,0.000,0.000,0.000,0.00,-1.0,0.0,0,1,0,0,0,-1,0.00,0.00
108.366,0.0,0.0,0.000,0.000,0.000,0.00,-1.0,0.0,0,1,0,0,0,-1,0.00,0.00
108.417,0.0,0.0,0.000,0.000,0.000,0.00,-1.0,0.0,0,1,0,0,0,-1,0.00,0.00
108.468,0.0,0.0,0.000,0.000,0.000,0.00,-1.0,0.0,0,1,0,0,0,-1,0.00,0.00
108.518,0.0,0.0,0.000,0.000,0.000,0.00,-1.0,0.0,0,1,0,0,0,-1,0.00,0.00
108.583,0.0,0.0,0.000,0.000,0.000,0.00,-1.0,0.0,0,1,0,0,0,-1,0.00,0.00
108.651,0.0,0.0,0.000,0.000,0.000,0.00,-1.0,0.0,0,1,0,0,0,-1,0.00,0.00
108.701,0.0,0.0,0.000,0.000,0.000,0.00,-1.0,0.0,0,1,0,0,0,-1,0.00,0.00
108.768,0.0,0.0,0.000,0.000,0.000,0.00,-1.0,0.0,0,1,0,0,0,-1,0.00,0.00
108.834,0.0,0.0,0.000,0.000,0.000,0.00,-1.0,0.0,0,1,0,0,0,-1,0.00,0.00
108.900,0.0,0.0,0.000,0.000,0.000,0.00,-1.0,0.0,0,1,0,0,0,-1,0.00,0.00
108.951,0.0,0.0,0.000,0.000,0.000,0.00,-1.0,0.0,0,1,0,0,0,-1,0.00,0.00
109.017,0.0,0.0,0.000,0.000,0.000,0.00,-1.0,0.0,0,1,0,0,0,-1,0.00,0.00
109.083,0.0,0.0,0.000,0.000,0.000,0.00,-1.0,0.0,0,1,0,0,0,-1,0.00,0.00
109.134,0.0,0.0,0.000,0.000,0.000,0.00,-1.0,0.0,0,1,0,0,0,-1,0.00,0.00
109.201,0.0,0.0,0.000,0.000,0.000,0.00,-1.0,0.0,0,1,0,0,0,-1,0.00,0.00
109.267,0.0,0.0,0.000,0.000,0.000,0.00,-1.0,0.0,0,1,0,0,0,-1,0.00,0.00
109.320,0.0,0.0,0.000,0.000,0.000,0.00,-1.0,0.0,0,1,0,0,0,-1,0.00,0.00
109.383,0.0,0.0,0.000,0.000,0.000,0.00,-1.0,0.0,0,1,0,0,0,-1,0.00,0.00
109.433,0.0,0.0,0.000,0.000,0.000,0.00,-1.0,0.0,0,1,0,0,0,-1,0.00,0.00
109.486,0.0,0.0,0.000,0.000,0.000,0.00,-1.0,0.0,0,1,0,0,0,-1,0.00,0.00
109.551,0.0,0.0,0.000,0.000,0.000,0.00,-1.0,0.0,0,1,0,0,0,-1,0.00,0.00
109.617,0.0,0.0,0.000,0.000,0.000,0.00,-1.0,0.0,0,1,0,0,0,-1,0.00,0.00
109.670,0.0,0.0,0.000,0.000,0.000,0.00,-1.0,0.0,0,1,0,0,0,-1,0.00,0.00
109.733,0.0,0.0,0.000,0.000,0.000,0.00,-1.0,0.0,0,1,0,0,0,-1,0.00,0.00
109.783,0.0,0.0,0.000,0.000,0.000,0.00,-1.0,0.0,0,1,0,0,0,-1,0.00,0.00
109.835,0.0,0.0,0.000,0.000,0.000,0.00,-1.0,0.0,0,1,0,0,0,-1,0.00,0.00
109.904,0.0,0.0,0.000,0.000,0.000,0.00,-1.0,0.0,0,1,0,0,0,-1,0.00,0.00
109.967,0.0,0.0,0.000,0.000,0.000,0.00,-1.0,0.0,0,1,0,0,0,-1,0.00,0.00
110.017,0.0,0.0,0.000,0.000,0.000,0.00,-1.0,0.0,0,1,0,0,0,-1,0.00,0.00
110.068,0.0,0.0,0.000,0.000,0.000,0.00,-1.0,0.0,0,1,0,0,0,-1,0.00,0.00
110.134,0.0,0.0,0.000,0.000,0.000,0.00,-1.0,0.0,0,1,0,0,0,-1,0.00,0.00
110.186,0.0,0.0,0.000,0.000,0.000,0.00,-1.0,0.0,0,1,0,0,0,-1,0.00,0.00
110.250,0.0,0.0,0.000,0.000,0.000,0.00,-1.0,0.0,0,1,0,0,0,-1,0.00,0.00
110.302,0.0,0.0,0.000,0.000,0.000,0.00,-1.0,0.0,0,1,0,0,0,-1,0.00,0.00
110.354,0.0,0.0,0.000,0.000,0.000,0.00,-1.0,0.0,0,1,0,0,0,-1,0.00,0.00
110.416,0.0,0.0,0.000,0.000,0.000,0.00,-1.0,0.0,0,1,0,0,0,-1,0.00,0.00
110.466,0.0,0.0,0.000,0.000,0.000,0.00,-1.0,0.0,0,1,0,0,0,-1,0.00,0.00
110.517,0.0,0.0,0.000,0.000,0.000,0.00,-1.0,0.0,0,1,0,0,0,-1,0.00,0.00
110.571,0.0,0.0,0.000,0.000,0.000,0.00,-1.0,0.0,0,1,0,0,0,-1,0.00,0.00
110.633,0.0,0.0,0.000,0.000,0.000,0.00,-1.0,0.0,0,1,0,0,0,-1,0.00,0.00
110.684,0.0,0.0,0.000,0.000,0.000,0.00,-1.0,0.0,0,1,0,0,0,-1,0.00,0.00
110.749,0.0,0.0,0.000,0.000,0.000,0.00,-1.0,0.0,0,1,0,0,0,-1,0.00,0.00
110.800,0.0,0.0,0.000,0.000,0.000,0.00,-1.0,0.0,0,1,0,0,0,-1,0.00,0.00
110.866,0.0,0.0,0.000,0.000,0.000,0.00,-1.0,0.0,0,1,0,0,0,-1,0.00,0.00
110.916,0.0,0.0,0.000,0.000,0.000,0.00,-1.0,0.0,0,1,0,0,0,-1,0.00,0.00
110.967,0.0,0.0,0.000,0.000,0.000,0.00,-1.0,0.0,0,1,0,0,0,-1,0.00,0.00
111.018,0.0,0.0,0.000,0.000,0.000,0.00,-1.0,0.0,0,1,0,0,0,-1,0.00,0.00
111.083,0.0,0.0,0.000,0.000,0.000,0.00,-1.0,0.0,0,1,0,0,0,-1,0.00,0.00
111.151,0.0,0.0,0.000,0.000,0.000,0.00,-1.0,0.0,0,1,0,0,0,-1,0.00,0.00
111.217,0.0,0.0,0.000,0.000,0.000,0.00,-1.0,0.0,0,1,0,0,0,-1,0.00,0.00
111.267,0.0,0.0,0.000,0.000,0.000,0.00,-1.0,0.0,0,1,0,0,0,-1,0.00,0.00
111.333,0.0,0.0,0.000,0.000,0.000,0.00,-1.0,0.0,0,1,0,0,0,-1,0.00,0.00
111.401,0.0,0.0,0.000,0.000,0.000,0.00,-1.0,0.0,0,1,0,0,0,-1,0.00,0.00
111.466,0.0,0.0,0.000,0.000,0.000,0.00,-1.0,0.0,0,1,0,0,0,-1,0.00,0.00
111.517,0.0,0.0,0.000,0.000,0.000,0.00,-1.0,0.0,0,1,0,0,0,-1,0.00,0.00
111.583,0.0,0.0,0.000,0.000,0.000,0.00,-1.0,0.0,0,1,0,0,0,-1,0.00,0.00
111.651,0.0,0.0,0.000,0.000,0.000,0.00,-1.0,0.0,0,1,0,0,0,-1,0.00,0.00
111.717,0.0,0.0,0.000,0.000,0.000,0.00,-1.0,0.0,0,1,0,0,0,-1,0.00,0.00
111.767,0.0,0.0,0.000,0.000,0.000,0.00,-1.0,0.0,0,1,0,0,0,-1,0.00,0.00
111.818,0.0,0.0,0.000,0.000,0.000,0.00,-1.0,0.0,0,1,0,0,0,-1,0.00,0.00
111.884,0.0,0.0,0.000,0.000,0.000,0.00,-1.0,0.0,0,1,0,0,0,-1,0.00,0.00
111.950,0.0,0.0,0.000,0.000,0.000,0.00,-1.0,0.0,0,1,0,0,0,-1,0.00,0.00
112.016,0.0,0.0,0.000,0.000,0.000,0.00,-1.0,0.0,0,1,0,0,0,-1,0.00,0.00
112.066,0.0,0.0,0.000,0.000,0.000,0.00,-1.0,0.0,0,1,0,0,0,-1,0.00,0.00
112.117,0.0,0.0,0.000,0.000,0.000,0.00,-1.0,0.0,0,1,0,0,0,-1,0.00,0.00
112.183,0.0,0.0,0.000,0.000,0.000,0.00,-1.0,0.0,0,1,0,0,0,-1,0.00,0.00
112.233,0.0,0.0,0.000,0.000,0.000,0.00,-1.0,0.0,0,1,0,0,0,-1,0.00,0.00
112.284,0.0,0.0,0.000,0.000,0.000,0.00,-1.0,0.0,0,1,0,0,0,-1,0.00,0.00
112.349,0.0,0.0,0.000,0.000,0.000,0.00,-1.0,0.0,0,1,0,0,0,-1,0.00,0.00
112.402,0.0,0.0,0.000,0.000,0.000,0.00,-1.0,0.0,0,1,0,0,0,-1,0.00,0.00
112.466,0.0,0.0,0.000,0.000,0.000,0.00,-1.0,0.0,0,1,0,0,0,-1,0.00,0.00
112.533,0.0,0.0,0.000,0.000,0.000,0.00,-1.0,0.0,0,1,0,0,0,-1,0.00,0.00
112.583,0.0,0.0,0.000,0.000,0.000,0.00,-1.0,0.0,0,1,0,0,0,-1,0.00,0.00
112.651,0.0,0.0,0.000,0.000,0.000,0.00,-1.0,0.0,0,1,0,0,0,-1,0.00,0.00
112.701,0.0,0.0,0.000,0.000,0.000,0.00,-1.0,0.0,0,1,0,0,0,-1,0.00,0.00
112.766,0.0,0.0,0.000,0.000,0.000,0.00,-1.0,0.0,0,1,0,0,0,-1,0.00,0.00
112.816,0.0,0.0,0.000,0.000,0.000,0.00,-1.0,0.0,0,1,0,0,0,-1,0.00,0.00
112.884,0.0,0.0,0.000,0.000,0.000,0.00,-1.0,0.0,0,1,0,0,0,-1,0.00,0.00
112.950,0.0,0.0,0.000,0.000,0.000,0.00,-1.0,0.0,0,1,0,0,0,-1,0.00,0.00
113.016,0.0,0.0,0.000,0.000,0.000,0.00,-1.0,0.0,0,1,0,0,0,-1,0.00,0.00
113.067,0.0,0.0,0.000,0.000,0.000,0.00,-1.0,0.0,0,1,0,0,0,-1,0.00,0.00
113.133,0.0,0.0,0.000,0.000,0.000,0.00,-1.0,0.0,0,1,0,0,0,-1,0.00,0.00
113.183,0.0,0.0,0.000,0.000,0.000,0.00,-1.0,0.0,0,1,0,0,0,-1,0.00,0.00
113.250,0.0,0.0,0.000,0.000,0.000,0.00,-1.0,0.0,0,1,0,0,0,-1,0.00,0.00
113.317,0.0,0.0,0.000,0.000,0.000,0.00,-1.0,0.0,0,1,0,0,0,-1,0.00,0.00
113.383,0.0,0.0,0.000,0.000,0.000,0.00,-1.0,0.0,0,1,0,0,0,-1,0.00,0.00
113.433,0.0,0.0,0.000,0.000,0.000,0.00,-1.0,0.0,0,1,0,0,0,-1,0.00,0.00
113.484,0.0,0.0,0.000,0.000,0.000,0.00,-1.0,0.0,0,1,0,0,0,-1,0.00,0.00
113.550,0.0,0.0,0.000,0.000,0.000,0.00,-1.0,0.0,0,1,0,0,0,-1,0.00,0.00
113.600,0.0,0.0,0.000,0.000,0.000,0.00,-1.0,0.0,0,1,0,0,0,-1,0.00,0.00
113.668,0.0,0.0,0.000,0.000,0.000,0.00,-1.0,0.0,0,1,0,0,0,-1,0.00,0.00
113.736,0.0,0.0,0.000,0.000,0.000,0.00,-1.0,0.0,0,1,0,0,0,-1,0.00,0.00
113.800,0.0,0.0,0.000,0.000,0.000,0.00,-1.0,0.0,0,1,0,0,0,-1,0.00,0.00
113.851,0.0,0.0,0.000,0.000,0.000,0.00,-1.0,0.0,0,1,0,0,0,-1,0.00,0.00
113.918,0.0,0.0,0.000,0.000,0.000,0.00,-1.0,0.0,0,1,0,0,0,-1,0.00,0.00
113.983,0.0,0.0,0.000,0.000,0.000,0.00,-1.0,0.0,0,1,0,0,0,-1,0.00,0.00
114.034,0.0,0.0,0.000,0.000,0.000,0.00,-1.0,0.0,0,1,0,0,0,-1,0.00,0.00
114.100,0.0,0.0,0.000,0.000,0.000,0.00,-1.0,0.0,0,1,0,0,0,-1,0.00,0.00
114.151,0.0,0.0,0.000,0.000,0.000,0.00,-1.0,0.0,0,1,0,0,0,-1,0.00,0.00
114.216,0.0,0.0,0.000,0.000,0.000,0.00,-1.0,0.0,0,1,0,0,0,-1,0.00,0.00
114.268,0.0,0.0,0.000,0.000,0.000,0.00,-1.0,0.0,0,1,0,0,0,-1,0.00,0.00
114.318,0.0,0.0,0.000,0.000,0.000,0.00,-1.0,0.0,0,1,0,0,0,-1,0.00,0.00
114.384,0.0,0.0,0.000,0.000,0.000,0.00,-1.0,0.0,0,1,0,0,0,-1,0.00,0.00
114.450,0.0,0.0,0.000,0.000,0.000,0.00,-1.0,0.0,0,1,0,0,0,-1,0.00,0.00
114.500,0.0,0.0,0.000,0.000,0.000,0.00,-1.0,0.0,0,1,0,0,0,-1,0.00,0.00
114.550,0.0,0.0,0.000,0.000,0.000,0.00,-1.0,0.0,0,1,0,0,0,-1,0.00,0.00
114.616,0.0,0.0,0.000,0.000,0.000,0.00,-1.0,0.0,0,1,0,0,0,-1,0.00,0.00
114.668,0.0,0.0,0.000,0.000,0.000,0.00,-1.0,0.0,0,1,0,0,0,-1,0.00,0.00
114.733,0.0,0.0,0.000,0.000,0.000,0.00,-1.0,0.0,0,1,0,0,0,-1,0.00,0.00
114.783,0.0,0.0,0.000,0.000,0.000,0.00,-1.0,0.0,0,1,0,0,0,-1,0.00,0.00
114.834,0.0,0.0,0.000,0.000,0.000,0.00,-1.0,0.0,0,1,0,0,0,-1,0.00,0.00
114.900,0.0,0.0,0.000,0.000,0.000,0.00,-1.0,0.0,0,1,0,0,0,-1,0.00,0.00
114.967,0.0,0.0,0.000,0.000,0.000,0.00,-1.0,0.0,0,1,0,0,0,-1,0.00,0.00
115.033,0.0,0.0,0.000,0.000,0.000,0.00,-1.0,0.0,0,1,0,0,0,-1,0.00,0.00
115.086,0.0,0.0,0.000,0.000,0.000,0.00,-1.0,0.0,0,1,0,0,0,-1,0.00,0.00
115.150,0.0,0.0,0.000,0.000,0.000,0.00,-1.0,0.0,0,1,0,0,0,-1,0.00,0.00
115.216,0.0,0.0,0.000,0.000,0.000,0.00,-1.0,0.0,0,1,0,0,0,-1,0.00,0.00
115.267,0.0,0.0,0.000,0.000,0.000,0.00,-1.0,0.0,0,1,0,0,0,-1,0.00,0.00
115.333,0.0,0.0,0.000,0.000,0.000,0.00,-1.0,0.0,0,1,0,0,0,-1,0.00,0.00
115.384,0.0,0.0,0.000,0.000,0.000,0.00,-1.0,0.0,0,1,0,0,0,-1,0.00,0.00
115.452,0.0,0.0,0.000,0.000,0.000,0.00,-1.0,0.0,0,1,0,0,0,-1,0.00,0.00
115.517,0.0,0.0,0.000,0.000,0.000,0.00,-1.0,0.0,0,1,0,0,0,-1,0.00,0.00
115.581,0.0,0.0,0.000,0.000,0.000,0.00,-1.0,0.0,0,1,0,0,0,-1,0.00,0.00
115.633,0.0,0.0,0.000,0.000,0.000,0.00,-1.0,0.0,0,1,0,0,0,-1,0.00,0.00
115.684,0.0,0.0,0.000,0.000,0.000,0.00,-1.0,0.0,0,1,0,0,0,-1,0.00,0.00
115.751,0.0,0.0,0.000,0.000,0.000,0.00,-1.0,0.0,0,1,0,0,0,-1,0.00,0.00
115.801,0.0,0.0,0.000,0.000,0.000,0.00,-1.0,0.0,0,1,0,0,0,-1,0.00,0.00
115.866,0.0,0.0,0.000,0.000,0.000,0.00,-1.0,0.0,0,1,0,0,0,-1,0.00,0.00
115.918,0.0,0.0,0.000,0.000,0.000,0.00,-1.0,0.0,0,1,0,0,0,-1,0.00,0.00
115.984,0.0,0.0,0.000,0.000,0.000,0.00,-1.0,0.0,0,1,0,0,0,-1,0.00,0.00
116.049,0.0,0.0,0.000,0.000,0.000,0.00,-1.0,0.0,0,1,0,0,0,-1,0.00,0.00
116.102,0.0,0.0,0.000,0.000,0.000,0.00,-1.0,0.0,0,1,0,0,0,-1,0.00,0.00
116.167,0.0,0.0,0.000,0.000,0.000,0.00,-1.0,0.0,0,1,0,0,0,-1,0.00,0.00
116.233,0.0,0.0,0.000,0.000,0.000,0.00,-1.0,0.0,0,1,0,0,0,-1,0.00,0.00
116.284,0.0,0.0,0.000,0.000,0.000,0.00,-1.0,0.0,0,1,0,0,0,-1,0.00,0.00
116.334,0.0,0.0,0.000,0.000,0.000,0.00,-1.0,0.0,0,1,0,0,0,-1,0.00,0.00
116.385,0.0,0.0,0.000,0.000,0.000,0.00,-1.0,0.0,0,1,0,0,0,-1,0.00,0.00
116.435,0.0,0.0,0.000,0.000,0.000,0.00,-1.0,0.0,0,1,0,0,0,-1,0.00,0.00
116.502,0.0,0.0,0.000,0.000,0.000,0.00,-1.0,0.0,0,1,0,0,0,-1,0.00,0.00
116.568,0.0,0.0,0.000,0.000,0.000,0.00,-1.0,0.0,0,1,0,0,0,-1,0.00,0.00
116.618,0.0,0.0,0.000,0.000,0.000,0.00,-1.0,0.0,0,1,0,0,0,-1,0.00,0.00
116.685,0.0,0.0,0.000,0.000,0.000,0.00,-1.0,0.0,0,1,0,0,0,-1,0.00,0.00
116.751,0.0,0.0,0.000,0.000,0.000,0.00,-1.0,0.0,0,1,0,0,0,-1,0.00,0.00
116.816,0.0,0.0,0.000,0.000,0.000,0.00,-1.0,0.0,0,1,0,0,0,-1,0.00,0.00
116.884,0.0,0.0,0.000,0.000,0.000,0.00,-1.0,0.0,0,1,0,0,0,-1,0.00,0.00
116.935,0.0,0.0,0.000,0.000,0.000,0.00,-1.0,0.0,0,1,0,0,0,-1,0.00,0.00
117.001,0.0,0.0,0.000,0.000,0.000,0.00,-1.0,0.0,0,1,0,0,0,-1,0.00,0.00
117.067,0.0,0.0,0.000,0.000,0.000,0.00,-1.0,0.0,0,1,0,0,0,-1,0.00,0.00
117.134,0.0,0.0,0.000,0.000,0.000,0.00,-1.0,0.0,0,1,0,0,0,-1,0.00,0.00
117.184,0.0,0.0,0.000,0.000,0.000,0.00,-1.0,0.0,0,1,0,0,0,-1,0.00,0.00
117.250,0.0,0.0,0.000,0.000,0.000,0.00,-1.0,0.0,0,1,0,0,0,-1,0.00,0.00
117.320,0.0,0.0,0.000,0.000,0.000,0.00,-1.0,0.0,0,1,0,0,0,-1,0.00,0.00
117.382,0.0,0.0,0.000,0.000,0.000,0.00,-1.0,0.0,0,1,0,0,0,-1,0.00,0.00
117.433,0.0,0.0,0.000,0.000,0.000,0.00,-1.0,0.0,0,1,0,0,0,-1,0.00,0.00
117.483,0.0,0.0,0.000,0.000,0.000,0.00,-1.0,0.0,0,1,0,0,0,-1,0.00,0.00
117.551,0.0,0.0,0.000,0.000,0.000,0.00,-1.0,0.0,0,1,0,0,0,-1,0.00,0.00
117.617,0.0,0.0,0.000,0.000,0.000,0.00,-1.0,0.0,0,1,0,0,0,-1,0.00,0.00
117.670,0.0,0.0,0.000,0.000,0.000,0.00,-1.0,0.0,0,1,0,0,0,-1,0.00,0.00
117.733,0.0,0.0,0.000,0.000,0.000,0.00,-1.0,0.0,0,1,0,0,0,-1,0.00,0.00
117.785,0.0,0.0,0.000,0.000,0.000,0.00,-1.0,0.0,0,1,0,0,0,-1,0.00,0.00
117.837,0.0,0.0,0.000,0.000,0.000,0.00,-1.0,0.0,0,1,0,0,0,-1,0.00,0.00
117.900,0.0,0.0,0.000,0.000,0.000,0.00,-1.0,0.0,0,1,0,0,0,-1,0.00,0.00
117.950,0.0,0.0,0.000,0.000,0.000,0.00,-1.0,0.0,0,1,0,0,0,-1,0.00,0.00
118.001,0.0,0.0,0.000,0.000,0.000,0.00,-1.0,0.0,0,1,0,0,0,-1,0.00,0.00
118.066,0.0,0.0,0.000,0.000,0.000,0.00,-1.0,0.0,0,1,0,0,0,-1,0.00,0.00
118.117,0.0,0.0,0.000,0.000,0.000,0.00,-1.0,0.0,0,1,0,0,0,-1,0.00,0.00
118.168,0.0,0.0,0.000,0.000,0.000,0.00,-1.0,0.0,0,1,0,0,0,-1,0.00,0.00
118.218,0.0,0.0,0.000,0.000,0.000,0.00,-1.0,0.0,0,1,0,0,0,-1,0.00,0.00
118.273,0.0,0.0,0.000,0.000,0.000,0.00,-1.0,0.0,0,1,0,0,0,-1,0.00,0.00
118.333,0.0,0.0,0.000,0.000,0.000,0.00,-1.0,0.0,0,1,0,0,0,-1,0.00,0.00
118.383,0.0,0.0,0.000,0.000,0.000,0.00,-1.0,0.0,0,1,0,0,0,-1,0.00,0.00
118.433,0.0,0.0,0.000,0.000,0.000,0.00,-1.0,0.0,0,1,0,0,0,-1,0.00,0.00
118.500,0.0,0.0,0.000,0.000,0.000,0.00,-1.0,0.0,0,1,0,0,0,-1,0.00,0.00
118.550,0.0,0.0,0.000,0.000,0.000,0.00,-1.0,0.0,0,1,0,0,0,-1,0.00,0.00
118.616,0.0,0.0,0.000,0.000,0.000,0.00,-1.0,0.0,0,1,0,0,0,-1,0.00,0.00
118.667,0.0,0.0,0.000,0.000,0.000,0.00,-1.0,0.0,0,1,0,0,0,-1,0.00,0.00
118.734,0.0,0.0,0.000,0.000,0.000,0.00,-1.0,0.0,0,1,0,0,0,-1,0.00,0.00
118.800,0.0,0.0,0.000,0.000,0.000,0.00,-1.0,0.0,0,1,0,0,0,-1,0.00,0.00
118.851,0.0,0.0,0.000,0.000,0.000,0.00,-1.0,0.0,0,1,0,0,0,-1,0.00,0.00
118.916,0.0,0.0,0.000,0.000,0.000,0.00,-1.0,0.0,0,1,0,0,0,-1,0.00,0.00
118.967,0.0,0.0,0.000,0.000,0.000,0.00,-1.0,0.0,0,1,0,0,0,-1,0.00,0.00
119.017,0.0,0.0,0.000,0.000,0.000,0.00,-1.0,0.0,0,1,0,0,0,-1,0.00,0.00
119.083,0.0,0.0,0.000,0.000,0.000,0.00,-1.0,0.0,0,1,0,0,0,-1,0.00,0.00
119.133,0.0,0.0,0.000,0.000,0.000,0.00,-1.0,0.0,0,1,0,0,0,-1,0.00,0.00
119.199,0.0,0.0,0.000,0.000,0.000,0.00,-1.0,0.0,0,1,0,0,0,-1,0.00,0.00
119.250,0.0,0.0,0.000,0.000,0.000,0.00,-1.0,0.0,0,1,0,0,0,-1,0.00,0.00
119.316,0.0,0.0,0.000,0.000,0.000,0.00,-1.0,0.0,0,1,0,0,0,-1,0.00,0.00
119.367,0.0,0.0,0.000,0.000,0.000,0.00,-1.0,0.0,0,1,0,0,0,-1,0.00,0.00
119.417,0.0,0.0,0.000,0.000,0.000,0.00,-1.0,0.0,0,1,0,0,0,-1,0.00,0.00
119.484,0.0,0.0,0.000,0.000,0.000,0.00,-1.0,0.0,0,1,0,0,0,-1,0.00,0.00
119.550,0.0,0.0,0.000,0.000,0.000,0.00,-1.0,0.0,0,1,0,0,0,-1,0.00,0.00
119.600,0.0,0.0,0.000,0.000,0.000,0.00,-1.0,0.0,0,1,0,0,0,-1,0.00,0.00
119.666,0.0,0.0,0.000,0.000,0.000,0.00,-1.0,0.0,0,1,0,0,0,-1,0.00,0.00
119.717,0.0,0.0,0.000,0.000,0.000,0.00,-1.0,0.0,0,1,0,0,0,-1,0.00,0.00
119.767,0.0,0.0,0.000,0.000,0.000,0.00,-1.0,0.0,0,1,0,0,0,-1,0.00,0.00
119.833,0.0,0.0,0.000,0.000,0.000,0.00,-1.0,0.0,0,1,0,0,0,-1,0.00,0.00
119.902,0.0,0.0,0.000,0.000,0.000,0.00,-1.0,0.0,0,1,0,0,0,-1,0.00,0.00
119.967,0.0,0.0,0.000,0.000,0.000,0.00,-1.0,0.0,0,1,0,0,0,-1,0.00,0.00
120.022,0.0,0.0,0.000,0.000,0.000,0.00,-1.0,0.0,0,1,0,0,0,-1,0.00,0.00
120.084,0.0,0.0,0.000,0.000,0.000,0.00,-1.0,0.0,0,1,0,0,0,-1,0.00,0.00
120.134,0.0,0.0,0.000,0.000,0.000,0.00,-1.0,0.0,0,1,0,0,0,-1,0.00,0.00
120.184,0.0,0.0,0.000,0.000,0.000,0.00,-1.0,0.0,0,1,0,0,0,-1,0.00,0.00
120.250,0.0,0.0,0.000,0.000,0.000,0.00,-1.0,0.0,0,1,0,0,0,-1,0.00,0.00
120.319,0.0,0.0,0.000,0.000,0.000,0.00,-1.0,0.0,0,1,0,0,0,-1,0.00,0.00
120.384,0.0,0.0,0.000,0.000,0.000,0.00,-1.0,0.0,0,1,0,0,0,-1,0.00,0.00
120.450,0.0,0.0,0.000,0.000,0.000,0.00,-1.0,0.0,0,1,0,0,0,-1,0.00,0.00
120.517,0.0,0.0,0.000,0.000,0.000,0.00,-1.0,0.0,0,1,0,0,0,-1,0.00,0.00
120.583,0.0,0.0,0.000,0.000,0.000,0.00,-1.0,0.0,0,1,0,0,0,-1,0.00,0.00
120.649,0.0,0.0,0.000,0.000,0.000,0.00,-1.0,0.0,0,1,0,0,0,-1,0.00,0.00
120.699,0.0,0.0,0.000,0.000,0.000,0.00,-1.0,0.0,0,1,0,0,0,-1,0.00,0.00
120.750,0.0,0.0,0.000,0.000,0.000,0.00,-1.0,0.0,0,1,0,0,0,-1,0.00,0.00
120.816,0.0,0.0,0.000,0.000,0.000,0.00,-1.0,0.0,0,1,0,0,0,-1,0.00,0.00
120.868,0.0,0.0,0.000,0.000,0.000,0.00,-1.0,0.0,0,1,0,0,0,-1,0.00,0.00
120.932,0.0,0.0,0.000,0.000,0.000,0.00,-1.0,0.0,0,1,0,0,0,-1,0.00,0.00
120.985,0.0,0.0,0.000,0.000,0.000,0.00,-1.0,0.0,0,1,0,0,0,-1,0.00,0.00
121.051,0.0,0.0,0.000,0.000,0.000,0.00,-1.0,0.0,0,1,0,0,0,-1,0.00,0.00
121.116,0.0,0.0,0.000,0.000,0.000,0.00,-1.0,0.0,0,1,0,0,0,-1,0.00,0.00
121.168,0.0,0.0,0.000,0.000,0.000,0.00,-1.0,0.0,0,1,0,0,0,-1,0.00,0.00
121.235,0.0,0.0,0.000,0.000,0.000,0.00,-1.0,0.0,0,1,0,0,0,-1,0.00,0.00
121.300,0.0,0.0,0.000,0.000,0.000,0.00,-1.0,0.0,0,1,0,0,0,-1,0.00,0.00
121.366,0.0,0.0,0.000,0.000,0.000,0.00,-1.0,0.0,0,1,0,0,0,-1,0.00,0.00
121.420,0.0,0.0,0.000,0.000,0.000,0.00,-1.0,0.0,0,1,0,0,0,-1,0.00,0.00
121.483,0.0,0.0,0.000,0.000,0.000,0.00,-1.0,0.0,0,1,0,0,0,-1,0.00,0.00
121.533,0.0,0.0,0.000,0.000,0.000,0.00,-1.0,0.0,0,1,0,0,0,-1,0.00,0.00
121.584,0.0,0.0,0.000,0.000,0.000,0.00,-1.0,0.0,0,1,0,0,0,-1,0.00,0.00
121.650,0.0,0.0,0.000,0.000,0.000,0.00,-1.0,0.0,0,1,0,0,0,-1,0.00,0.00
121.700,0.0,0.0,0.000,0.000,0.000,0.00,-1.0,0.0,0,1,0,0,0,-1,0.00,0.00
121.751,0.0,0.0,0.000,0.000,0.000,0.00,-1.0,0.0,0,1,0,0,0,-1,0.00,0.00
121.817,0.0,0.0,0.000,0.000,0.000,0.00,-1.0,0.0,0,1,0,0,0,-1,0.00,0.00
121.883,0.0,0.0,0.000,0.000,0.000,0.00,-1.0,0.0,0,1,0,0,0,-1,0.00,0.00
121.935,0.0,0.0,0.000,0.000,0.000,0.00,-1.0,0.0,0,1,0,0,0,-1,0.00,0.00
122.000,0.0,0.0,0.000,0.000,0.000,0.00,-1.0,0.0,0,1,0,0,0,-1,0.00,0.00
122.050,0.0,0.0,0.000,0.000,0.000,0.00,-1.0,0.0,0,1,0,0,0,-1,0.00,0.00
122.117,0.0,0.0,0.000,0.000,0.000,0.00,-1.0,0.0,0,1,0,0,0,-1,0.00,0.00
122.167,0.0,0.0,0.000,0.000,0.000,0.00,-1.0,0.0,0,1,0,0,0,-1,0.00,0.00
122.219,0.0,0.0,0.000,0.000,0.000,0.00,-1.0,0.0,0,1,0,0,0,-1,0.00,0.00
122.286,0.0,0.0,0.000,0.000,0.000,0.00,-1.0,0.0,0,1,0,0,0,-1,0.00,0.00
122.351,0.0,0.0,0.000,0.000,0.000,0.00,-1.0,0.0,0,1,0,0,0,-1,0.00,0.00
122.402,0.0,0.0,0.000,0.000,0.000,0.00,-1.0,0.0,0,1,0,0,0,-1,0.00,0.00
122.466,0.0,0.0,0.000,0.000,0.000,0.00,-1.0,0.0,0,1,0,0,0,-1,0.00,0.00
122.534,0.0,0.0,0.000,0.000,0.000,0.00,-1.0,0.0,0,1,0,0,0,-1,0.00,0.00
122.600,0.0,0.0,0.000,0.000,0.000,0.00,-1.0,0.0,0,1,0,0,0,-1,0.00,0.00
122.667,0.0,0.0,0.000,0.000,0.000,0.00,-1.0,0.0,0,1,0,0,0,-1,0.00,0.00
122.719,0.0,0.0,0.000,0.000,0.000,0.00,-1.0,0.0,0,1,0,0,0,-1,0.00,0.00
122.783,0.0,0.0,0.000,0.000,0.000,0.00,-1.0,0.0,0,1,0,0,0,-1,0.00,0.00
122.834,0.0,0.0,0.000,0.000,0.000,0.00,-1.0,0.0,0,1,0,0,0,-1,0.00,0.00
122.900,0.0,0.0,0.000,0.000,0.000,0.00,-1.0,0.0,0,1,0,0,0,-1,0.00,0.00
122.951,0.0,0.0,0.000,0.000,0.000,0.00,-1.0,0.0,0,1,0,0,0,-1,0.00,0.00
123.003,0.0,0.0,0.000,0.000,0.000,0.00,-1.0,0.0,0,1,0,0,0,-1,0.00,0.00
123.064,0.0,0.0,0.000,0.000,0.000,0.00,-1.0,0.0,0,1,0,0,0,-1,0.00,0.00
123.116,0.0,0.0,0.000,0.000,0.000,0.00,-1.0,0.0,0,1,0,0,0,-1,0.00,0.00
123.167,0.0,0.0,0.000,0.000,0.000,0.00,-1.0,0.0,0,1,0,0,0,-1,0.00,0.00
123.219,0.0,0.0,0.000,0.000,0.000,0.00,-1.0,0.0,0,1,0,0,0,-1,0.00,0.00
123.283,0.0,0.0,0.000,0.000,0.000,0.00,-1.0,0.0,0,1,0,0,0,-1,0.00,0.00
123.333,0.0,0.0,0.000,0.000,0.000,0.00,-1.0,0.0,0,1,0,0,0,-1,0.00,0.00
123.384,0.0,0.0,0.000,0.000,0.000,0.00,-1.0,0.0,0,1,0,0,0,-1,0.00,0.00
123.450,0.0,0.0,0.000,0.000,0.000,0.00,-1.0,0.0,0,1,0,0,0,-1,0.00,0.00
123.516,0.0,0.0,0.000,0.000,0.000,0.00,-1.0,0.0,0,1,0,0,0,-1,0.00,0.00
123.569,0.0,0.0,0.000,0.000,0.000,0.00,-1.0,0.0,0,1,0,0,0,-1,0.00,0.00
123.621,0.0,0.0,0.000,0.000,0.000,0.00,-1.0,0.0,0,1,0,0,0,-1,0.00,0.00
123.683,0.0,0.0,0.000,0.000,0.000,0.00,-1.0,0.0,0,1,0,0,0,-1,0.00,0.00
123.752,0.0,0.0,0.000,0.000,0.000,0.00,-1.0,0.0,0,1,0,0,0,-1,0.00,0.00
123.816,0.0,0.0,0.000,0.000,0.000,0.00,-1.0,0.0,0,1,0,0,0,-1,0.00,0.00
123.867,0.0,0.0,0.000,0.000,0.000,0.00,-1.0,0.0,0,1,0,0,0,-1,0.00,0.00
123.917,0.0,0.0,0.000,0.000,0.000,0.00,-1.0,0.0,0,1,0,0,0,-1,0.00,0.00
123.968,0.0,0.0,0.000,0.000,0.000,0.00,-1.0,0.0,0,1,0,0,0,-1,0.00,0.00
124.034,0.0,0.0,0.000,0.000,0.000,0.00,-1.0,0.0,0,1,0,0,0,-1,0.00,0.00
124.085,0.0,0.0,0.000,0.000,0.000,0.00,-1.0,0.0,0,1,0,0,0,-1,0.00,0.00
124.135,0.0,0.0,0.000,0.000,0.000,0.00,-1.0,0.0,0,1,0,0,0,-1,0.00,0.00
124.200,0.0,0.0,0.000,0.000,0.000,0.00,-1.0,0.0,0,1,0,0,0,-1,0.00,0.00
124.251,0.0,0.0,0.000,0.000,0.000,0.00,-1.0,0.0,0,1,0,0,0,-1,0.00,0.00
124.318,0.0,0.0,0.000,0.000,0.000,0.00,-1.0,0.0,0,1,0,0,0,-1,0.00,0.00
124.368,0.0,0.0,0.000,0.000,0.000,0.00,-1.0,0.0,0,1,0,0,0,-1,0.00,0.00
124.433,0.0,0.0,0.000,0.000,0.000,0.00,-1.0,0.0,0,1,0,0,0,-1,0.00,0.00
124.485,0.0,0.0,0.000,0.000,0.000,0.00,-1.0,0.0,0,1,0,0,0,-1,0.00,0.00
124.550,0.0,0.0,0.000,0.000,0.000,0.00,-1.0,0.0,0,1,0,0,0,-1,0.00,0.00
124.618,0.0,0.0,0.000,0.000,0.000,0.00,-1.0,0.0,0,1,0,0,0,-1,0.00,0.00
124.684,0.0,0.0,0.000,0.000,0.000,0.00,-1.0,0.0,0,1,0,0,0,-1,0.00,0.00
124.750,0.0,0.0,0.000,0.000,0.000,0.00,-1.0,0.0,0,1,0,0,0,-1,0.00,0.00
124.800,0.0,0.0,0.000,0.000,0.000,0.00,-1.0,0.0,0,1,0,0,0,-1,0.00,0.00
124.868,0.0,0.0,0.000,0.000,0.000,0.00,-1.0,0.0,0,1,0,0,0,-1,0.00,0.00
124.935,0.0,0.0,0.000,0.000,0.000,0.00,-1.0,0.0,0,1,0,0,0,-1,0.00,0.00
124.986,0.0,0.0,0.000,0.000,0.000,0.00,-1.0,0.0,0,1,0,0,0,-1,0.00,0.00
125.050,0.0,0.0,0.000,0.000,0.000,0.00,-1.0,0.0,0,1,0,0,0,-1,0.00,0.00
125.101,0.0,0.0,0.000,0.000,0.000,0.00,-1.0,0.0,0,1,0,0,0,-1,0.00,0.00
125.167,0.0,0.0,0.000,0.000,0.000,0.00,-1.0,0.0,0,1,0,0,0,-1,0.00,0.00
125.236,0.0,0.0,0.000,0.000,0.000,0.00,-1.0,0.0,0,1,0,0,0,-1,0.00,0.00
125.302,0.0,0.0,0.000,0.000,0.000,0.00,-1.0,0.0,0,1,0,0,0,-1,0.00,0.00
125.366,0.0,0.0,0.000,0.000,0.000,0.00,-1.0,0.0,0,1,0,0,0,-1,0.00,0.00
125.417,0.0,0.0,0.000,0.000,0.000,0.00,-1.0,0.0,0,1,0,0,0,-1,0.00,0.00
125.484,0.0,0.0,0.000,0.000,0.000,0.00,-1.0,0.0,0,1,0,0,0,-1,0.00,0.00
125.551,0.0,0.0,0.000,0.000,0.000,0.00,-1.0,0.0,0,1,0,0,0,-1,0.00,0.00
125.617,0.0,0.0,0.000,0.000,0.000,0.00,-1.0,0.0,0,1,0,0,0,-1,0.00,0.00
125.668,0.0,0.0,0.000,0.000,0.000,0.00,-1.0,0.0,0,1,0,0,0,-1,0.00,0.00
125.738,0.0,0.0,0.000,0.000,0.000,0.00,-1.0,0.0,0,1,0,0,0,-1,0.00,0.00
125.800,0.0,0.0,0.000,0.000,0.000,0.00,-1.0,0.0,0,1,0,0,0,-1,0.00,0.00
125.866,0.0,0.0,0.000,0.000,0.000,0.00,-1.0,0.0,0,1,0,0,0,-1,0.00,0.00
125.917,0.0,0.0,0.000,0.000,0.000,0.00,-1.0,0.0,0,1,0,0,0,-1,0.00,0.00
125.983,0.0,0.0,0.000,0.000,0.000,0.00,-1.0,0.0,0,1,0,0,0,-1,0.00,0.00
126.036,0.0,0.0,0.000,0.000,0.000,0.00,-1.0,0.0,0,1,0,0,0,-1,0.00,0.00
126.099,0.0,0.0,0.000,0.000,0.000,0.00,-1.0,0.0,0,1,0,0,0,-1,0.00,0.00
126.151,0.0,0.0,0.000,0.000,0.000,0.00,-1.0,0.0,0,1,0,0,0,-1,0.00,0.00
126.216,0.0,0.0,0.000,0.000,0.000,0.00,-1.0,0.0,0,1,0,0,0,-1,0.00,0.00
126.283,0.0,0.0,0.000,0.000,0.000,0.00,-1.0,0.0,0,1,0,0,0,-1,0.00,0.00
126.334,0.0,0.0,0.000,0.000,0.000,0.00,-1.0,0.0,0,1,0,0,0,-1,0.00,0.00
126.399,0.0,0.0,0.000,0.000,0.000,0.00,-1.0,0.0,0,1,0,0,0,-1,0.00,0.00
126.469,0.0,0.0,0.000,0.000,0.000,0.00,-1.0,0.0,0,1,0,0,0,-1,0.00,0.00
126.533,0.0,0.0,0.000,0.000,0.000,0.00,-1.0,0.0,0,1,0,0,0,-1,0.00,0.00
126.583,0.0,0.0,0.000,0.000,0.000,0.00,-1.0,0.0,0,1,0,0,0,-1,0.00,0.00
126.635,0.0,0.0,0.000,0.000,0.000,0.00,-1.0,0.0,0,1,0,0,0,-1,0.00,0.00
126.699,0.0,0.0,0.000,0.000,0.000,0.00,-1.0,0.0,0,1,0,0,0,-1,0.00,0.00
126.750,0.0,0.0,0.000,0.000,0.000,0.00,-1.0,0.0,0,1,0,0,0,-1,0.00,0.00
126.800,0.0,0.0,0.000,0.000,0.000,0.00,-1.0,0.0,0,1,0,0,0,-1,0.00,0.00
126.851,0.0,0.0,0.000,0.000,0.000,0.00,-1.0,0.0,0,1,0,0,0,-1,0.00,0.00
126.918,0.0,0.0,0.000,0.000,0.000,0.00,-1.0,0.0,0,1,0,0,0,-1,0.00,0.00
126.983,0.0,0.0,0.000,0.000,0.000,0.00,-1.0,0.0,0,1,0,0,0,-1,0.00,0.00
127.034,0.0,0.0,0.000,0.000,0.000,0.00,-1.0,0.0,0,1,0,0,0,-1,0.00,0.00
127.101,0.0,0.0,0.000,0.000,0.000,0.00,-1.0,0.0,0,1,0,0,0,-1,0.00,0.00
127.168,0.0,0.0,0.000,0.000,0.000,0.00,-1.0,0.0,0,1,0,0,0,-1,0.00,0.00
127.234,0.0,0.0,0.000,0.000,0.000,0.00,-1.0,0.0,0,1,0,0,0,-1,0.00,0.00
127.301,0.0,0.0,0.000,0.000,0.000,0.00,-1.0,0.0,0,1,0,0,0,-1,0.00,0.00
127.366,0.0,0.0,0.000,0.000,0.000,0.00,-1.0,0.0,0,1,0,0,0,-1,0.00,0.00
127.433,0.0,0.0,0.000,0.000,0.000,0.00,-1.0,0.0,0,1,0,0,0,-1,0.00,0.00
127.484,0.0,0.0,0.000,0.000,0.000,0.00,-1.0,0.0,0,1,0,0,0,-1,0.00,0.00
127.550,0.0,0.0,0.000,0.000,0.000,0.00,-1.0,0.0,0,1,0,0,0,-1,0.00,0.00
127.601,0.0,0.0,0.000,0.000,0.000,0.00,-1.0,0.0,0,1,0,0,0,-1,0.00,0.00
127.651,0.0,0.0,0.000,0.000,0.000,0.00,-1.0,0.0,0,1,0,0,0,-1,0.00,0.00
127.704,0.0,0.0,0.000,0.000,0.000,0.00,-1.0,0.0,0,1,0,0,0,-1,0.00,0.00
127.766,0.0,0.0,0.000,0.000,0.000,0.00,-1.0,0.0,0,1,0,0,0,-1,0.00,0.00
127.817,0.0,0.0,0.000,0.000,0.000,0.00,-1.0,0.0,0,1,0,0,0,-1,0.00,0.00
127.868,0.0,0.0,0.000,0.000,0.000,0.00,-1.0,0.0,0,1,0,0,0,-1,0.00,0.00
127.935,0.0,0.0,0.000,0.000,0.000,0.00,-1.0,0.0,0,1,0,0,0,-1,0.00,0.00
128.000,0.0,0.0,0.000,0.000,0.000,0.00,-1.0,0.0,0,1,0,0,0,-1,0.00,0.00
128.051,0.0,0.0,0.000,0.000,0.000,0.00,-1.0,0.0,0,1,0,0,0,-1,0.00,0.00
128.118,0.0,0.0,0.000,0.000,0.000,0.00,-1.0,0.0,0,1,0,0,0,-1,0.00,0.00
128.168,0.0,0.0,0.000,0.000,0.000,0.00,-1.0,0.0,0,1,0,0,0,-1,0.00,0.00
128.234,0.0,0.0,0.000,0.000,0.000,0.00,-1.0,0.0,0,1,0,0,0,-1,0.00,0.00
128.284,0.0,0.0,0.000,0.000,0.000,0.00,-1.0,0.0,0,1,0,0,0,-1,0.00,0.00
128.334,0.0,0.0,0.000,0.000,0.000,0.00,-1.0,0.0,0,1,0,0,0,-1,0.00,0.00
128.385,0.0,0.0,0.000,0.000,0.000,0.00,-1.0,0.0,0,1,0,0,0,-1,0.00,0.00
128.451,0.0,0.0,0.000,0.000,0.000,0.00,-1.0,0.0,0,1,0,0,0,-1,0.00,0.00
128.502,0.0,0.0,0.000,0.000,0.000,0.00,-1.0,0.0,0,1,0,0,0,-1,0.00,0.00
128.572,0.0,0.0,0.000,0.000,0.000,0.00,-1.0,0.0,0,1,0,0,0,-1,0.00,0.00
128.633,0.0,0.0,0.000,0.000,0.000,0.00,-1.0,0.0,0,1,0,0,0,-1,0.00,0.00
128.684,0.0,0.0,0.000,0.000,0.000,0.00,-1.0,0.0,0,1,0,0,0,-1,0.00,0.00
128.735,0.0,0.0,0.000,0.000,0.000,0.00,-1.0,0.0,0,1,0,0,0,-1,0.00,0.00
128.800,0.0,0.0,0.000,0.000,0.000,0.00,-1.0,0.0,0,1,0,0,0,-1,0.00,0.00
128.850,0.0,0.0,0.000,0.000,0.000,0.00,-1.0,0.0,0,1,0,0,0,-1,0.00,0.00
128.920,0.0,0.0,0.000,0.000,0.000,0.00,-1.0,0.0,0,1,0,0,0,-1,0.00,0.00
128.983,0.0,0.0,0.000,0.000,0.000,0.00,-1.0,0.0,0,1,0,0,0,-1,0.00,0.00
129.033,0.0,0.0,0.000,0.000,0.000,0.00,-1.0,0.0,0,1,0,0,0,-1,0.00,0.00
129.084,0.0,0.0,0.000,0.000,0.000,0.00,-1.0,0.0,0,1,0,0,0,-1,0.00,0.00
129.151,0.0,0.0,0.000,0.000,0.000,0.00,-1.0,0.0,0,1,0,0,0,-1,0.00,0.00
129.219,0.0,0.0,0.000,0.000,0.000,0.00,-1.0,0.0,0,1,0,0,0,-1,0.00,0.00
129.285,0.0,0.0,0.000,0.000,0.000,0.00,-1.0,0.0,0,1,0,0,0,-1,0.00,0.00
129.335,0.0,0.0,0.000,0.000,0.000,0.00,-1.0,0.0,0,1,0,0,0,-1,0.00,0.00
129.385,0.0,0.0,0.000,0.000,0.000,0.00,-1.0,0.0,0,1,0,0,0,-1,0.00,0.00
129.438,0.0,0.0,0.000,0.000,0.000,0.00,-1.0,0.0,0,1,0,0,0,-1,0.00,0.00
129.499,0.0,0.0,0.000,0.000,0.000,0.00,-1.0,0.0,0,1,0,0,0,-1,0.00,0.00
129.551,0.0,0.0,0.000,0.000,0.000,0.00,-1.0,0.0,0,1,0,0,0,-1,0.00,0.00
129.617,0.0,0.0,0.000,0.000,0.000,0.00,-1.0,0.0,0,1,0,0,0,-1,0.00,0.00
129.668,0.0,0.0,0.000,0.000,0.000,0.00,-1.0,0.0,0,1,0,0,0,-1,0.00,0.00
129.733,0.0,0.0,0.000,0.000,0.000,0.00,-1.0,0.0,0,1,0,0,0,-1,0.00,0.00
129.784,0.0,0.0,0.000,0.000,0.000,0.00,-1.0,0.0,0,1,0,0,0,-1,0.00,0.00
129.850,0.0,0.0,0.000,0.000,0.000,0.00,-1.0,0.0,0,1,0,0,0,-1,0.00,0.00
129.917,0.0,0.0,0.000,0.000,0.000,0.00,-1.0,0.0,0,1,0,0,0,-1,0.00,0.00
129.985,0.0,0.0,0.000,0.000,0.000,0.00,-1.0,0.0,0,1,0,0,0,-1,0.00,0.00
130.051,0.0,0.0,0.000,0.000,0.000,0.00,-1.0,0.0,0,1,0,0,0,-1,0.00,0.00
130.118,0.0,0.0,0.000,0.000,0.000,0.00,-1.0,0.0,0,1,0,0,0,-1,0.00,0.00
130.184,0.0,0.0,0.000,0.000,0.000,0.00,-1.0,0.0,0,1,0,0,0,-1,0.00,0.00
130.250,0.0,0.0,0.000,0.000,0.000,0.00,-1.0,0.0,0,1,0,0,0,-1,0.00,0.00
130.301,0.0,0.0,0.000,0.000,0.000,0.00,-1.0,0.0,0,1,0,0,0,-1,0.00,0.00
130.367,0.0,0.0,0.000,0.000,0.000,0.00,-1.0,0.0,0,1,0,0,0,-1,0.00,0.00
130.417,0.0,0.0,0.000,0.000,0.000,0.00,-1.0,0.0,0,1,0,0,0,-1,0.00,0.00
130.468,0.0,0.0,0.000,0.000,0.000,0.00,-1.0,0.0,0,1,0,0,0,-1,0.00,0.00
130.535,0.0,0.0,0.000,0.000,0.000,0.00,-1.0,0.0,0,1,0,0,0,-1,0.00,0.00
130.600,0.0,0.0,0.000,0.000,0.000,0.00,-1.0,0.0,0,1,0,0,0,-1,0.00,0.00
130.652,0.0,0.0,0.000,0.000,0.000,0.00,-1.0,0.0,0,1,0,0,0,-1,0.00,0.00
130.716,0.0,0.0,0.000,0.000,0.000,0.00,-1.0,0.0,0,1,0,0,0,-1,0.00,0.00
130.766,0.0,0.0,0.000,0.000,0.000,0.00,-1.0,0.0,0,1,0,0,0,-1,0.00,0.00
130.816,0.0,0.0,0.000,0.000,0.000,0.00,-1.0,0.0,0,1,0,0,0,-1,0.00,0.00
130.868,0.0,0.0,0.000,0.000,0.000,0.00,-1.0,0.0,0,1,0,0,0,-1,0.00,0.00
130.919,0.0,0.0,0.000,0.000,0.000,0.00,-1.0,0.0,0,1,0,0,0,-1,0.00,0.00
130.984,0.0,0.0,0.000,0.000,0.000,0.00,-1.0,0.0,0,1,0,0,0,-1,0.00,0.00
131.051,0.0,0.0,0.000,0.000,0.000,0.00,-1.0,0.0,0,1,0,0,0,-1,0.00,0.00
131.116,0.0,0.0,0.000,0.000,0.000,0.00,-1.0,0.0,0,1,0,0,0,-1,0.00,0.00
131.184,0.0,0.0,0.000,0.000,0.000,0.00,-1.0,0.0,0,1,0,0,0,-1,0.00,0.00
131.250,0.0,0.0,0.000,0.000,0.000,0.00,-1.0,0.0,0,1,0,0,0,-1,0.00,0.00
131.316,0.0,0.0,0.000,0.000,0.000,0.00,-1.0,0.0,0,1,0,0,0,-1,0.00,0.00
131.384,0.0,0.0,0.000,0.000,0.000,0.00,-1.0,0.0,0,1,0,0,0,-1,0.00,0.00
131.450,0.0,0.0,0.000,0.000,0.000,0.00,-1.0,0.0,0,1,0,0,0,-1,0.00,0.00
131.501,0.0,0.0,0.000,0.000,0.000,0.00,-1.0,0.0,0,1,0,0,0,-1,0.00,0.00
131.569,0.0,0.0,0.000,0.000,0.000,0.00,-1.0,0.0,0,1,0,0,0,-1,0.00,0.00
131.635,0.0,0.0,0.000,0.000,0.000,0.00,-1.0,0.0,0,1,0,0,0,-1,0.00,0.00
131.698,0.0,0.0,0.000,0.000,0.000,0.00,-1.0,0.0,0,1,0,0,0,-1,0.00,0.00
131.750,0.0,0.0,0.000,0.000,0.000,0.00,-1.0,0.0,0,1,0,0,0,-1,0.00,0.00
131.818,0.0,0.0,0.000,0.000,0.000,0.00,-1.0,0.0,0,1,0,0,0,-1,0.00,0.00
131.883,0.0,0.0,0.000,0.000,0.000,0.00,-1.0,0.0,0,1,0,0,0,-1,0.00,0.00
131.949,0.0,0.0,0.000,0.000,0.000,0.00,-1.0,0.0,0,1,0,0,0,-1,0.00,0.00
132.001,0.0,0.0,0.000,0.000,0.000,0.00,-1.0,0.0,0,1,0,0,0,-1,0.00,0.00
132.066,0.0,0.0,0.000,0.000,0.000,0.00,-1.0,0.0,0,1,0,0,0,-1,0.00,0.00
132.117,0.0,0.0,0.000,0.000,0.000,0.00,-1.0,0.0,0,1,0,0,0,-1,0.00,0.00
132.167,0.0,0.0,0.000,0.000,0.000,0.00,-1.0,0.0,0,1,0,0,0,-1,0.00,0.00
132.218,0.0,0.0,0.000,0.000,0.000,0.00,-1.0,0.0,0,1,0,0,0,-1,0.00,0.00
132.283,0.0,0.0,0.000,0.000,0.000,0.00,-1.0,0.0,0,1,0,0,0,-1,0.00,0.00
132.351,0.0,0.0,0.000,0.000,0.000,0.00,-1.0,0.0,0,1,0,0,0,-1,0.00,0.00
132.401,0.0,0.0,0.000,0.000,0.000,0.00,-1.0,0.0,0,1,0,0,0,-1,0.00,0.00
132.452,0.0,0.0,0.000,0.000,0.000,0.00,-1.0,0.0,0,1,0,0,0,-1,0.00,0.00
132.518,0.0,0.0,0.000,0.000,0.000,0.00,-1.0,0.0,0,1,0,0,0,-1,0.00,0.00
132.569,0.0,0.0,0.000,0.000,0.000,0.00,-1.0,0.0,0,1,0,0,0,-1,0.00,0.00
132.633,0.0,0.0,0.000,0.000,0.000,0.00,-1.0,0.0,0,1,0,0,0,-1,0.00,0.00
132.685,0.0,0.0,0.000,0.000,0.000,0.00,-1.0,0.0,0,1,0,0,0,-1,0.00,0.00
132.752,0.0,0.0,0.000,0.000,0.000,0.00,-1.0,0.0,0,1,0,0,0,-1,0.00,0.00
132.816,0.0,0.0,0.000,0.000,0.000,0.00,-1.0,0.0,0,1,0,0,0,-1,0.00,0.00
132.867,0.0,0.0,0.000,0.000,0.000,0.00,-1.0,0.0,0,1,0,0,0,-1,0.00,0.00
132.933,0.0,0.0,0.000,0.000,0.000,0.00,-1.0,0.0,0,1,0,0,0,-1,0.00,0.00
132.983,0.0,0.0,0.000,0.000,0.000,0.00,-1.0,0.0,0,1,0,0,0,-1,0.00,0.00
133.037,0.0,0.0,0.000,0.000,0.000,0.00,-1.0,0.0,0,1,0,0,0,-1,0.00,0.00
133.099,0.0,0.0,0.000,0.000,0.000,0.00,-1.0,0.0,0,1,0,0,0,-1,0.00,0.00
133.151,0.0,0.0,0.000,0.000,0.000,0.00,-1.0,0.0,0,1,0,0,0,-1,0.00,0.00
133.201,0.0,0.0,0.000,0.000,0.000,0.00,-1.0,0.0,0,1,0,0,0,-1,0.00,0.00
133.266,0.0,0.0,0.000,0.000,0.000,0.00,-1.0,0.0,0,1,0,0,0,-1,0.00,0.00
133.316,0.0,0.0,0.000,0.000,0.000,0.00,-1.0,0.0,0,1,0,0,0,-1,0.00,0.00
133.383,0.0,0.0,0.000,0.000,0.000,0.00,-1.0,0.0,0,1,0,0,0,-1,0.00,0.00
133.435,0.0,0.0,0.000,0.000,0.000,0.00,-1.0,0.0,0,1,0,0,0,-1,0.00,0.00
133.501,0.0,0.0,0.000,0.000,0.000,0.00,-1.0,0.0,0,1,0,0,0,-1,0.00,0.00
133.567,0.0,0.0,0.000,0.000,0.000,0.00,-1.0,0.0,0,1,0,0,0,-1,0.00,0.00
133.618,0.0,0.0,0.000,0.000,0.000,0.00,-1.0,0.0,0,1,0,0,0,-1,0.00,0.00
133.684,0.0,0.0,0.000,0.000,0.000,0.00,-1.0,0.0,0,1,0,0,0,-1,0.00,0.00
133.735,0.0,0.0,0.000,0.000,0.000,0.00,-1.0,0.0,0,1,0,0,0,-1,0.00,0.00
133.785,0.0,0.0,0.000,0.000,0.000,0.00,-1.0,0.0,0,1,0,0,0,-1,0.00,0.00
133.851,0.0,0.0,0.000,0.000,0.000,0.00,-1.0,0.0,0,1,0,0,0,-1,0.00,0.00
133.917,0.0,0.0,0.000,0.000,0.000,0.00,-1.0,0.0,0,1,0,0,0,-1,0.00,0.00
133.967,0.0,0.0,0.000,0.000,0.000,0.00,-1.0,0.0,0,1,0,0,0,-1,0.00,0.00
134.018,0.0,0.0,0.000,0.000,0.000,0.00,-1.0,0.0,0,1,0,0,0,-1,0.00,0.00
134.083,0.0,0.0,0.000,0.000,0.000,0.00,-1.0,0.0,0,1,0,0,0,-1,0.00,0.00
134.133,0.0,0.0,0.000,0.000,0.000,0.00,-1.0,0.0,0,1,0,0,0,-1,0.00,0.00
134.183,0.0,0.0,0.000,0.000,0.000,0.00,-1.0,0.0,0,1,0,0,0,-1,0.00,0.00
134.250,0.0,0.0,0.000,0.000,0.000,0.00,-1.0,0.0,0,1,0,0,0,-1,0.00,0.00
134.300,0.0,0.0,0.000,0.000,0.000,0.00,-1.0,0.0,0,1,0,0,0,-1,0.00,0.00
134.368,0.0,0.0,0.000,0.000,0.000,0.00,-1.0,0.0,0,1,0,0,0,-1,0.00,0.00
134.418,0.0,0.0,0.000,0.000,0.000,0.00,-1.0,0.0,0,1,0,0,0,-1,0.00,0.00
134.484,0.0,0.0,0.000,0.000,0.000,0.00,-1.0,0.0,0,1,0,0,0,-1,0.00,0.00
134.551,0.0,0.0,0.000,0.000,0.000,0.00,-1.0,0.0,0,1,0,0,0,-1,0.00,0.00
134.617,0.0,0.0,0.000,0.000,0.000,0.00,-1.0,0.0,0,1,0,0,0,-1,0.00,0.00
134.668,0.0,0.0,0.000,0.000,0.000,0.00,-1.0,0.0,0,1,0,0,0,-1,0.00,0.00
134.733,0.0,0.0,0.000,0.000,0.000,0.00,-1.0,0.0,0,1,0,0,0,-1,0.00,0.00
134.802,0.0,0.0,0.000,0.000,0.000,0.00,-1.0,0.0,0,1,0,0,0,-1,0.00,0.00
134.868,0.0,0.0,0.000,0.000,0.000,0.00,-1.0,0.0,0,1,0,0,0,-1,0.00,0.00
134.935,0.0,0.0,0.000,0.000,0.000,0.00,-1.0,0.0,0,1,0,0,0,-1,0.00,0.00
135.001,0.0,0.0,0.000,0.000,0.000,0.00,-1.0,0.0,0,1,0,0,0,-1,0.00,0.00
135.051,0.0,0.0,0.000,0.000,0.000,0.00,-1.0,0.0,0,1,0,0,0,-1,0.00,0.00
135.118,0.0,0.0,0.000,0.000,0.000,0.00,-1.0,0.0,0,1,0,0,0,-1,0.00,0.00
135.185,0.0,0.0,0.000,0.000,0.000,0.00,-1.0,0.0,0,1,0,0,0,-1,0.00,0.00
135.250,0.0,0.0,0.000,0.000,0.000,0.00,-1.0,0.0,0,1,0,0,0,-1,0.00,0.00
135.301,0.0,0.0,0.000,0.000,0.000,0.00,-1.0,0.0,0,1,0,0,0,-1,0.00,0.00
135.351,0.0,0.0,0.000,0.000,0.000,0.00,-1.0,0.0,0,1,0,0,0,-1,0.00,0.00
135.416,0.0,0.0,0.000,0.000,0.000,0.00,-1.0,0.0,0,1,0,0,0,-1,0.00,0.00
135.483,0.0,0.0,0.000,0.000,0.000,0.00,-1.0,0.0,0,1,0,0,0,-1,0.00,0.00
135.535,0.0,0.0,0.000,0.000,0.000,0.00,-1.0,0.0,0,1,0,0,0,-1,0.00,0.00
135.601,0.0,0.0,0.000,0.000,0.000,0.00,-1.0,0.0,0,1,0,0,0,-1,0.00,0.00
135.668,0.0,0.0,0.000,0.000,0.000,0.00,-1.0,0.0,0,1,0,0,0,-1,0.00,0.00
135.733,0.0,0.0,0.000,0.000,0.000,0.00,-1.0,0.0,0,1,0,0,0,-1,0.00,0.00
135.784,0.0,0.0,0.000,0.000,0.000,0.00,-1.0,0.0,0,1,0,0,0,-1,0.00,0.00
135.852,0.0,0.0,0.000,0.000,0.000,0.00,-1.0,0.0,0,1,0,0,0,-1,0.00,0.00
135.918,0.0,0.0,0.000,0.000,0.000,0.00,-1.0,0.0,0,1,0,0,0,-1,0.00,0.00
135.968,0.0,0.0,0.000,0.000,0.000,0.00,-1.0,0.0,0,1,0,0,0,-1,0.00,0.00
136.018,0.0,0.0,0.000,0.000,0.000,0.00,-1.0,0.0,0,1,0,0,0,-1,0.00,0.00
136.068,0.0,0.0,0.000,0.000,0.000,0.00,-1.0,0.0,0,1,0,0,0,-1,0.00,0.00
136.133,0.0,0.0,0.000,0.000,0.000,0.00,-1.0,0.0,0,1,0,0,0,-1,0.00,0.00
136.184,0.0,0.0,0.000,0.000,0.000,0.00,-1.0,0.0,0,1,0,0,0,-1,0.00,0.00
136.234,0.0,0.0,0.000,0.000,0.000,0.00,-1.0,0.0,0,1,0,0,0,-1,0.00,0.00
136.299,0.0,0.0,0.000,0.000,0.000,0.00,-1.0,0.0,0,1,0,0,0,-1,0.00,0.00
136.350,0.0,0.0,0.000,0.000,0.000,0.00,-1.0,0.0,0,1,0,0,0,-1,0.00,0.00
136.402,0.0,0.0,0.000,0.000,0.000,0.00,-1.0,0.0,0,1,0,0,0,-1,0.00,0.00
136.468,0.0,0.0,0.000,0.000,0.000,0.00,-1.0,0.0,0,1,0,0,0,-1,0.00,0.00
136.534,0.0,0.0,0.000,0.000,0.000,0.00,-1.0,0.0,0,1,0,0,0,-1,0.00,0.00
136.584,0.0,0.0,0.000,0.000,0.000,0.00,-1.0,0.0,0,1,0,0,0,-1,0.00,0.00
136.635,0.0,0.0,0.000,0.000,0.000,0.00,-1.0,0.0,0,1,0,0,0,-1,0.00,0.00
136.701,0.0,0.0,0.000,0.000,0.000,0.00,-1.0,0.0,0,1,0,0,0,-1,0.00,0.00
136.767,0.0,0.0,0.000,0.000,0.000,0.00,-1.0,0.0,0,1,0,0,0,-1,0.00,0.00
136.818,0.0,0.0,0.000,0.000,0.000,0.00,-1.0,0.0,0,1,0,0,0,-1,0.00,0.00
136.871,0.0,0.0,0.000,0.000,0.000,0.00,-1.0,0.0,0,1,0,0,0,-1,0.00,0.00
136.935,0.0,0.0,0.000,0.000,0.000,0.00,-1.0,0.0,0,1,0,0,0,-1,0.00,0.00
136.986,0.0,0.0,0.000,0.000,0.000,0.00,-1.0,0.0,0,1,0,0,0,-1,0.00,0.00
137.051,0.0,0.0,0.000,0.000,0.000,0.00,-1.0,0.0,0,1,0,0,0,-1,0.00,0.00
137.118,0.0,0.0,0.000,0.000,0.000,0.00,-1.0,0.0,0,1,0,0,0,-1,0.00,0.00
137.184,0.0,0.0,0.000,0.000,0.000,0.00,-1.0,0.0,0,1,0,0,0,-1,0.00,0.00
137.234,0.0,0.0,0.000,0.000,0.000,0.00,-1.0,0.0,0,1,0,0,0,-1,0.00,0.00
137.301,0.0,0.0,0.000,0.000,0.000,0.00,-1.0,0.0,0,1,0,0,0,-1,0.00,0.00
137.366,0.0,0.0,0.000,0.000,0.000,0.00,-1.0,0.0,0,1,0,0,0,-1,0.00,0.00
137.418,0.0,0.0,0.000,0.000,0.000,0.00,-1.0,0.0,0,1,0,0,0,-1,0.00,0.00
137.484,0.0,0.0,0.000,0.000,0.000,0.00,-1.0,0.0,0,1,0,0,0,-1,0.00,0.00
137.551,0.0,0.0,0.000,0.000,0.000,0.00,-1.0,0.0,0,1,0,0,0,-1,0.00,0.00
137.620,0.0,0.0,0.000,0.000,0.000,0.00,-1.0,0.0,0,1,0,0,0,-1,0.00,0.00
137.685,0.0,0.0,0.000,0.000,0.000,0.00,-1.0,0.0,0,1,0,0,0,-1,0.00,0.00
137.751,0.0,0.0,0.000,0.000,0.000,0.00,-1.0,0.0,0,1,0,0,0,-1,0.00,0.00
137.802,0.0,0.0,0.000,0.000,0.000,0.00,-1.0,0.0,0,1,0,0,0,-1,0.00,0.00
137.867,0.0,0.0,0.000,0.000,0.000,0.00,-1.0,0.0,0,1,0,0,0,-1,0.00,0.00
137.936,0.0,0.0,0.000,0.000,0.000,0.00,-1.0,0.0,0,1,0,0,0,-1,0.00,0.00
138.000,0.0,0.0,0.000,0.000,0.000,0.00,-1.0,0.0,0,1,0,0,0,-1,0.00,0.00
138.051,0.0,0.0,0.000,0.000,0.000,0.00,-1.0,0.0,0,1,0,0,0,-1,0.00,0.00
138.101,0.0,0.0,0.000,0.000,0.000,0.00,-1.0,0.0,0,1,0,0,0,-1,0.00,0.00
138.167,0.0,0.0,0.000,0.000,0.000,0.00,-1.0,0.0,0,1,0,0,0,-1,0.00,0.00
138.233,0.0,0.0,0.000,0.000,0.000,0.00,-1.0,0.0,0,1,0,0,0,-1,0.00,0.00
138.286,0.0,0.0,0.000,0.000,0.000,0.00,-1.0,0.0,0,1,0,0,0,-1,0.00,0.00
138.351,0.0,0.0,0.000,0.000,0.000,0.00,-1.0,0.0,0,1,0,0,0,-1,0.00,0.00
138.418,0.0,0.0,0.000,0.000,0.000,0.00,-1.0,0.0,0,1,0,0,0,-1,0.00,0.00
138.471,0.0,0.0,0.000,0.000,0.000,0.00,-1.0,0.0,0,1,0,0,0,-1,0.00,0.00
138.534,0.0,0.0,0.000,0.000,0.000,0.00,-1.0,0.0,0,1,0,0,0,-1,0.00,0.00
138.585,0.0,0.0,0.000,0.000,0.000,0.00,-1.0,0.0,0,1,0,0,0,-1,0.00,0.00
138.651,0.0,0.0,0.000,0.000,0.000,0.00,-1.0,0.0,0,1,0,0,0,-1,0.00,0.00
138.717,0.0,0.0,0.000,0.000,0.000,0.00,-1.0,0.0,0,1,0,0,0,-1,0.00,0.00
138.768,0.0,0.0,0.000,0.000,0.000,0.00,-1.0,0.0,0,1,0,0,0,-1,0.00,0.00
138.833,0.0,0.0,0.000,0.000,0.000,0.00,-1.0,0.0,0,1,0,0,0,-1,0.00,0.00
138.885,0.0,0.0,0.000,0.000,0.000,0.00,-1.0,0.0,0,1,0,0,0,-1,0.00,0.00
138.951,0.0,0.0,0.000,0.000,0.000,0.00,-1.0,0.0,0,1,0,0,0,-1,0.00,0.00
139.003,0.0,0.0,0.000,0.000,0.000,0.00,-1.0,0.0,0,1,0,0,0,-1,0.00,0.00
139.068,0.0,0.0,0.000,0.000,0.000,0.00,-1.0,0.0,0,1,0,0,0,-1,0.00,0.00
139.134,0.0,0.0,0.000,0.000,0.000,0.00,-1.0,0.0,0,1,0,0,0,-1,0.00,0.00
139.202,0.0,0.0,0.000,0.000,0.000,0.00,-1.0,0.0,0,1,0,0,0,-1,0.00,0.00
139.269,0.0,0.0,0.000,0.000,0.000,0.00,-1.0,0.0,0,1,0,0,0,-1,0.00,0.00
139.333,0.0,0.0,0.000,0.000,0.000,0.00,-1.0,0.0,0,1,0,0,0,-1,0.00,0.00
139.384,0.0,0.0,0.000,0.000,0.000,0.00,-1.0,0.0,0,1,0,0,0,-1,0.00,0.00
139.434,0.0,0.0,0.000,0.000,0.000,0.00,-1.0,0.0,0,1,0,0,0,-1,0.00,0.00
139.500,0.0,0.0,0.000,0.000,0.000,0.00,-1.0,0.0,0,1,0,0,0,-1,0.00,0.00
139.551,0.0,0.0,0.000,0.000,0.000,0.00,-1.0,0.0,0,1,0,0,0,-1,0.00,0.00
139.618,0.0,0.0,0.000,0.000,0.000,0.00,-1.0,0.0,0,1,0,0,0,-1,0.00,0.00
139.668,0.0,0.0,0.000,0.000,0.000,0.00,-1.0,0.0,0,1,0,0,0,-1,0.00,0.00
139.734,0.0,0.0,0.000,0.000,0.000,0.00,-1.0,0.0,0,1,0,0,0,-1,0.00,0.00
139.800,0.0,0.0,0.000,0.000,0.000,0.00,-1.0,0.0,0,1,0,0,0,-1,0.00,0.00
139.850,0.0,0.0,0.000,0.000,0.000,0.00,-1.0,0.0,0,1,0,0,0,-1,0.00,0.00
139.900,0.0,0.0,0.000,0.000,0.000,0.00,-1.0,0.0,0,1,0,0,0,-1,0.00,0.00
139.967,0.0,0.0,0.000,0.000,0.000,0.00,-1.0,0.0,0,1,0,0,0,-1,0.00,0.00
140.017,0.0,0.0,0.000,0.000,0.000,0.00,-1.0,0.0,0,1,0,0,0,-1,0.00,0.00
140.086,0.0,0.0,0.000,0.000,0.000,0.00,-1.0,0.0,0,1,0,0,0,-1,0.00,0.00
140.150,0.0,0.0,0.000,0.000,0.000,0.00,-1.0,0.0,0,1,0,0,0,-1,0.00,0.00
140.201,0.0,0.0,0.000,0.000,0.000,0.00,-1.0,0.0,0,1,0,0,0,-1,0.00,0.00
140.268,0.0,0.0,0.000,0.000,0.000,0.00,-1.0,0.0,0,1,0,0,0,-1,0.00,0.00
140.334,0.0,0.0,0.000,0.000,0.000,0.00,-1.0,0.0,0,1,0,0,0,-1,0.00,0.00
140.385,0.0,0.0,0.000,0.000,0.000,0.00,-1.0,0.0,0,1,0,0,0,-1,0.00,0.00
140.435,0.0,0.0,0.000,0.000,0.000,0.00,-1.0,0.0,0,1,0,0,0,-1,0.00,0.00
140.501,0.0,0.0,0.000,0.000,0.000,0.00,-1.0,0.0,0,1,0,0,0,-1,0.00,0.00
140.551,0.0,0.0,0.000,0.000,0.000,0.00,-1.0,0.0,0,1,0,0,0,-1,0.00,0.00
140.618,0.0,0.0,0.000,0.000,0.000,0.00,-1.0,0.0,0,1,0,0,0,-1,0.00,0.00
140.684,0.0,0.0,0.000,0.000,0.000,0.00,-1.0,0.0,0,1,0,0,0,-1,0.00,0.00
140.734,0.0,0.0,0.000,0.000,0.000,0.00,-1.0,0.0,0,1,0,0,0,-1,0.00,0.00
140.784,0.0,0.0,0.000,0.000,0.000,0.00,-1.0,0.0,0,1,0,0,0,-1,0.00,0.00
140.851,0.0,0.0,0.000,0.000,0.000,0.00,-1.0,0.0,0,1,0,0,0,-1,0.00,0.00
140.901,0.0,0.0,0.000,0.000,0.000,0.00,-1.0,0.0,0,1,0,0,0,-1,0.00,0.00
140.966,0.0,0.0,0.000,0.000,0.000,0.00,-1.0,0.0,0,1,0,0,0,-1,0.00,0.00
141.019,0.0,0.0,0.000,0.000,0.000,0.00,-1.0,0.0,0,1,0,0,0,-1,0.00,0.00
141.083,0.0,0.0,0.000,0.000,0.000,0.00,-1.0,0.0,0,1,0,0,0,-1,0.00,0.00
141.133,0.0,0.0,0.000,0.000,0.000,0.00,-1.0,0.0,0,1,0,0,0,-1,0.00,0.00
141.184,0.0,0.0,0.000,0.000,0.000,0.00,-1.0,0.0,0,1,0,0,0,-1,0.00,0.00
141.251,0.0,0.0,0.000,0.000,0.000,0.00,-1.0,0.0,0,1,0,0,0,-1,0.00,0.00
141.317,0.0,0.0,0.000,0.000,0.000,0.00,-1.0,0.0,0,1,0,0,0,-1,0.00,0.00
141.368,0.0,0.0,0.000,0.000,0.000,0.00,-1.0,0.0,0,1,0,0,0,-1,0.00,0.00
141.418,0.0,0.0,0.000,0.000,0.000,0.00,-1.0,0.0,0,1,0,0,0,-1,0.00,0.00
141.487,0.0,0.0,0.000,0.000,0.000,0.00,-1.0,0.0,0,1,0,0,0,-1,0.00,0.00
141.551,0.0,0.0,0.000,0.000,0.000,0.00,-1.0,0.0,0,1,0,0,0,-1,0.00,0.00
141.601,0.0,0.0,0.000,0.000,0.000,0.00,-1.0,0.0,0,1,0,0,0,-1,0.00,0.00
141.669,0.0,0.0,0.000,0.000,0.000,0.00,-1.0,0.0,0,1,0,0,0,-1,0.00,0.00
141.735,0.0,0.0,0.000,0.000,0.000,0.00,-1.0,0.0,0,1,0,0,0,-1,0.00,0.00
141.801,0.0,0.0,0.000,0.000,0.000,0.00,-1.0,0.0,0,1,0,0,0,-1,0.00,0.00
141.868,0.0,0.0,0.000,0.000,0.000,0.00,-1.0,0.0,0,1,0,0,0,-1,0.00,0.00
141.937,0.0,0.0,0.000,0.000,0.000,0.00,-1.0,0.0,0,1,0,0,0,-1,0.00,0.00
141.999,0.0,0.0,0.000,0.000,0.000,0.00,-1.0,0.0,0,1,0,0,0,-1,0.00,0.00
142.051,0.0,0.0,0.000,0.000,0.000,0.00,-1.0,0.0,0,1,0,0,0,-1,0.00,0.00
142.116,0.0,0.0,0.000,0.000,0.000,0.00,-1.0,0.0,0,1,0,0,0,-1,0.00,0.00
142.169,0.0,0.0,0.000,0.000,0.000,0.00,-1.0,0.0,0,1,0,0,0,-1,0.00,0.00
142.234,0.0,0.0,0.000,0.000,0.000,0.00,-1.0,0.0,0,1,0,0,0,-1,0.00,0.00
142.284,0.0,0.0,0.000,0.000,0.000,0.00,-1.0,0.0,0,1,0,0,0,-1,0.00,0.00
142.352,0.0,0.0,0.000,0.000,0.000,0.00,-1.0,0.0,0,1,0,0,0,-1,0.00,0.00
142.417,0.0,0.0,0.000,0.000,0.000,0.00,-1.0,0.0,0,1,0,0,0,-1,0.00,0.00
142.484,0.0,0.0,0.000,0.000,0.000,0.00,-1.0,0.0,0,1,0,0,0,-1,0.00,0.00
142.534,0.0,0.0,0.000,0.000,0.000,0.00,-1.0,0.0,0,1,0,0,0,-1,0.00,0.00
142.601,0.0,0.0,0.000,0.000,0.000,0.00,-1.0,0.0,0,1,0,0,0,-1,0.00,0.00
142.666,0.0,0.0,0.000,0.000,0.000,0.00,-1.0,0.0,0,1,0,0,0,-1,0.00,0.00
142.717,0.0,0.0,0.000,0.000,0.000,0.00,-1.0,0.0,0,1,0,0,0,-1,0.00,0.00
142.769,0.0,0.0,0.000,0.000,0.000,0.00,-1.0,0.0,0,1,0,0,0,-1,0.00,0.00
142.833,0.0,0.0,0.000,0.000,0.000,0.00,-1.0,0.0,0,1,0,0,0,-1,0.00,0.00
142.884,0.0,0.0,0.000,0.000,0.000,0.00,-1.0,0.0,0,1,0,0,0,-1,0.00,0.00
142.934,0.0,0.0,0.000,0.000,0.000,0.00,-1.0,0.0,0,1,0,0,0,-1,0.00,0.00
143.000,0.0,0.0,0.000,0.000,0.000,0.00,-1.0,0.0,0,1,0,0,0,-1,0.00,0.00
143.051,0.0,0.0,0.000,0.000,0.000,0.00,-1.0,0.0,0,1,0,0,0,-1,0.00,0.00
143.117,0.0,0.0,0.000,0.000,0.000,0.00,-1.0,0.0,0,1,0,0,0,-1,0.00,0.00
143.183,0.0,0.0,0.000,0.000,0.000,0.00,-1.0,0.0,0,1,0,0,0,-1,0.00,0.00
143.234,0.0,0.0,0.000,0.000,0.000,0.00,-1.0,0.0,0,1,0,0,0,-1,0.00,0.00
143.284,0.0,0.0,0.000,0.000,0.000,0.00,-1.0,0.0,0,1,0,0,0,-1,0.00,0.00
143.350,0.0,0.0,0.000,0.000,0.000,0.00,-1.0,0.0,0,1,0,0,0,-1,0.00,0.00
143.417,0.0,0.0,0.000,0.000,0.000,0.00,-1.0,0.0,0,1,0,0,0,-1,0.00,0.00
143.482,0.0,0.0,0.000,0.000,0.000,0.00,-1.0,0.0,0,1,0,0,0,-1,0.00,0.00
143.534,0.0,0.0,0.000,0.000,0.000,0.00,-1.0,0.0,0,1,0,0,0,-1,0.00,0.00
143.584,0.0,0.0,0.000,0.000,0.000,0.00,-1.0,0.0,0,1,0,0,0,-1,0.00,0.00
143.635,0.0,0.0,0.000,0.000,0.000,0.00,-1.0,0.0,0,1,0,0,0,-1,0.00,0.00
143.688,0.0,0.0,0.000,0.000,0.000,0.00,-1.0,0.0,0,1,0,0,0,-1,0.00,0.00
143.749,0.0,0.0,0.000,0.000,0.000,0.00,-1.0,0.0,0,1,0,0,0,-1,0.00,0.00
143.802,0.0,0.0,0.000,0.000,0.000,0.00,-1.0,0.0,0,1,0,0,0,-1,0.00,0.00
143.854,0.0,0.0,0.000,0.000,0.000,0.00,-1.0,0.0,0,1,0,0,0,-1,0.00,0.00
143.917,0.0,0.0,0.000,0.000,0.000,0.00,-1.0,0.0,0,1,0,0,0,-1,0.00,0.00
143.968,0.0,0.0,0.000,0.000,0.000,0.00,-1.0,0.0,0,1,0,0,0,-1,0.00,0.00
144.034,0.0,0.0,0.000,0.000,0.000,0.00,-1.0,0.0,0,1,0,0,0,-1,0.00,0.00
144.102,0.0,0.0,0.000,0.000,0.000,0.00,-1.0,0.0,0,1,0,0,0,-1,0.00,0.00
144.166,0.0,0.0,0.000,0.000,0.000,0.00,-1.0,0.0,0,1,0,0,0,-1,0.00,0.00
144.217,0.0,0.0,0.000,0.000,0.000,0.00,-1.0,0.0,0,1,0,0,0,-1,0.00,0.00
144.268,0.0,0.0,0.000,0.000,0.000,0.00,-1.0,0.0,0,1,0,0,0,-1,0.00,0.00
144.336,0.0,0.0,0.000,0.000,0.000,0.00,-1.0,0.0,0,1,0,0,0,-1,0.00,0.00
144.386,0.0,0.0,0.000,0.000,0.000,0.00,-1.0,0.0,0,1,0,0,0,-1,0.00,0.00
144.450,0.0,0.0,0.000,0.000,0.000,0.00,-1.0,0.0,0,1,0,0,0,-1,0.00,0.00
144.518,0.0,0.0,0.000,0.000,0.000,0.00,-1.0,0.0,0,1,0,0,0,-1,0.00,0.00
144.583,0.0,0.0,0.000,0.000,0.000,0.00,-1.0,0.0,0,1,0,0,0,-1,0.00,0.00
144.635,0.0,0.0,0.000,0.000,0.000,0.00,-1.0,0.0,0,1,0,0,0,-1,0.00,0.00
144.702,0.0,0.0,0.000,0.000,0.000,0.00,-1.0,0.0,0,1,0,0,0,-1,0.00,0.00
144.752,0.0,0.0,0.000,0.000,0.000,0.00,-1.0,0.0,0,1,0,0,0,-1,0.00,0.00
144.818,0.0,0.0,0.000,0.000,0.000,0.00,-1.0,0.0,0,1,0,0,0,-1,0.00,0.00
144.868,0.0,0.0,0.000,0.000,0.000,0.00,-1.0,0.0,0,1,0,0,0,-1,0.00,0.00
144.934,0.0,0.0,0.000,0.000,0.000,0.00,-1.0,0.0,0,1,0,0,0,-1,0.00,0.00
145.001,0.0,0.0,0.000,0.000,0.000,0.00,-1.0,0.0,0,1,0,0,0,-1,0.00,0.00
145.052,0.0,0.0,0.000,0.000,0.000,0.00,-1.0,0.0,0,1,0,0,0,-1,0.00,0.00
145.118,0.0,0.0,0.000,0.000,0.000,0.00,-1.0,0.0,0,1,0,0,0,-1,0.00,0.00
145.183,0.0,0.0,0.000,0.000,0.000,0.00,-1.0,0.0,0,1,0,0,0,-1,0.00,0.00
145.234,0.0,0.0,0.000,0.000,0.000,0.00,-1.0,0.0,0,1,0,0,0,-1,0.00,0.00
145.301,0.0,0.0,0.000,0.000,0.000,0.00,-1.0,0.0,0,1,0,0,0,-1,0.00,0.00
145.352,0.0,0.0,0.000,0.000,0.000,0.00,-1.0,0.0,0,1,0,0,0,-1,0.00,0.00
145.416,0.0,0.0,0.000,0.000,0.000,0.00,-1.0,0.0,0,1,0,0,0,-1,0.00,0.00
145.467,0.0,0.0,0.000,0.000,0.000,0.00,-1.0,0.0,0,1,0,0,0,-1,0.00,0.00
145.533,0.0,0.0,0.000,0.000,0.000,0.00,-1.0,0.0,0,1,0,0,0,-1,0.00,0.00
145.584,0.0,0.0,0.000,0.000,0.000,0.00,-1.0,0.0,0,1,0,0,0,-1,0.00,0.00
145.634,0.0,0.0,0.000,0.000,0.000,0.00,-1.0,0.0,0,1,0,0,0,-1,0.00,0.00
145.685,0.0,0.0,0.000,0.000,0.000,0.00,-1.0,0.0,0,1,0,0,0,-1,0.00,0.00
145.752,0.0,0.0,0.000,0.000,0.000,0.00,-1.0,0.0,0,1,0,0,0,-1,0.00,0.00
145.816,0.0,0.0,0.000,0.000,0.000,0.00,-1.0,0.0,0,1,0,0,0,-1,0.00,0.00
145.868,0.0,0.0,0.000,0.000,0.000,0.00,-1.0,0.0,0,1,0,0,0,-1,0.00,0.00
145.918,0.0,0.0,0.000,0.000,0.000,0.00,-1.0,0.0,0,1,0,0,0,-1,0.00,0.00
145.984,0.0,0.0,0.000,0.000,0.000,0.00,-1.0,0.0,0,1,0,0,0,-1,0.00,0.00
146.035,0.0,0.0,0.000,0.000,0.000,0.00,-1.0,0.0,0,1,0,0,0,-1,0.00,0.00
146.100,0.0,0.0,0.000,0.000,0.000,0.00,-1.0,0.0,0,1,0,0,0,-1,0.00,0.00
146.151,0.0,0.0,0.000,0.000,0.000,0.00,-1.0,0.0,0,1,0,0,0,-1,0.00,0.00
146.217,0.0,0.0,0.000,0.000,0.000,0.00,-1.0,0.0,0,1,0,0,0,-1,0.00,0.00
146.267,0.0,0.0,0.000,0.000,0.000,0.00,-1.0,0.0,0,1,0,0,0,-1,0.00,0.00
146.335,0.0,0.0,0.000,0.000,0.000,0.00,-1.0,0.0,0,1,0,0,0,-1,0.00,0.00
146.400,0.0,0.0,0.000,0.000,0.000,0.00,-1.0,0.0,0,1,0,0,0,-1,0.00,0.00
146.451,0.0,0.0,0.000,0.000,0.000,0.00,-1.0,0.0,0,1,0,0,0,-1,0.00,0.00
146.517,0.0,0.0,0.000,0.000,0.000,0.00,-1.0,0.0,0,1,0,0,0,-1,0.00,0.00
146.569,0.0,0.0,0.000,0.000,0.000,0.00,-1.0,0.0,0,1,0,0,0,-1,0.00,0.00
146.633,0.0,0.0,0.000,0.000,0.000,0.00,-1.0,0.0,0,1,0,0,0,-1,0.00,0.00
146.684,0.0,0.0,0.000,0.000,0.000,0.00,-1.0,0.0,0,1,0,0,0,-1,0.00,0.00
146.735,0.0,0.0,0.000,0.000,0.000,0.00,-1.0,0.0,0,1,0,0,0,-1,0.00,0.00
146.800,0.0,0.0,0.000,0.000,0.000,0.00,-1.0,0.0,0,1,0,0,0,-1,0.00,0.00
146.852,0.0,0.0,0.000,0.000,0.000,0.00,-1.0,0.0,0,1,0,0,0,-1,0.00,0.00
146.918,0.0,0.0,0.000,0.000,0.000,0.00,-1.0,0.0,0,1,0,0,0,-1,0.00,0.00
146.983,0.0,0.0,0.000,0.000,0.000,0.00,-1.0,0.0,0,1,0,0,0,-1,0.00,0.00
147.034,0.0,0.0,0.000,0.000,0.000,0.00,-1.0,0.0,0,1,0,0,0,-1,0.00,0.00
147.101,0.0,0.0,0.000,0.000,0.000,0.00,-1.0,0.0,0,1,0,0,0,-1,0.00,0.00
147.152,0.0,0.0,0.000,0.000,0.000,0.00,-1.0,0.0,0,1,0,0,0,-1,0.00,0.00
147.217,0.0,0.0,0.000,0.000,0.000,0.00,-1.0,0.0,0,1,0,0,0,-1,0.00,0.00
147.284,0.0,0.0,0.000,0.000,0.000,0.00,-1.0,0.0,0,1,0,0,0,-1,0.00,0.00
147.334,0.0,0.0,0.000,0.000,0.000,0.00,-1.0,0.0,0,1,0,0,0,-1,0.00,0.00
147.400,0.0,0.0,0.000,0.000,0.000,0.00,-1.0,0.0,0,1,0,0,0,-1,0.00,0.00
147.451,0.0,0.0,0.000,0.000,0.000,0.00,-1.0,0.0,0,1,0,0,0,-1,0.00,0.00
147.501,0.0,0.0,0.000,0.000,0.000,0.00,-1.0,0.0,0,1,0,0,0,-1,0.00,0.00
147.568,0.0,0.0,0.000,0.000,0.000,0.00,-1.0,0.0,0,1,0,0,0,-1,0.00,0.00
147.619,0.0,0.0,0.000,0.000,0.000,0.00,-1.0,0.0,0,1,0,0,0,-1,0.00,0.00
147.684,0.0,0.0,0.000,0.000,0.000,0.00,-1.0,0.0,0,1,0,0,0,-1,0.00,0.00
147.735,0.0,0.0,0.000,0.000,0.000,0.00,-1.0,0.0,0,1,0,0,0,-1,0.00,0.00
147.800,0.0,0.0,0.000,0.000,0.000,0.00,-1.0,0.0,0,1,0,0,0,-1,0.00,0.00
147.852,0.0,0.0,0.000,0.000,0.000,0.00,-1.0,0.0,0,1,0,0,0,-1,0.00,0.00
147.904,0.0,0.0,0.000,0.000,0.000,0.00,-1.0,0.0,0,1,0,0,0,-1,0.00,0.00
147.967,0.0,0.0,0.000,0.000,0.000,0.00,-1.0,0.0,0,1,0,0,0,-1,0.00,0.00
148.018,0.0,0.0,0.000,0.000,0.000,0.00,-1.0,0.0,0,1,0,0,0,-1,0.00,0.00
148.084,0.0,0.0,0.000,0.000,0.000,0.00,-1.0,0.0,0,1,0,0,0,-1,0.00,0.00
148.152,0.0,0.0,0.000,0.000,0.000,0.00,-1.0,0.0,0,1,0,0,0,-1,0.00,0.00
148.217,0.0,0.0,0.000,0.000,0.000,0.00,-1.0,0.0,0,1,0,0,0,-1,0.00,0.00
148.268,0.0,0.0,0.000,0.000,0.000,0.00,-1.0,0.0,0,1,0,0,0,-1,0.00,0.00
148.319,0.0,0.0,0.000,0.000,0.000,0.00,-1.0,0.0,0,1,0,0,0,-1,0.00,0.00
148.386,0.0,0.0,0.000,0.000,0.000,0.00,-1.0,0.0,0,1,0,0,0,-1,0.00,0.00
148.452,0.0,0.0,0.000,0.000,0.000,0.00,-1.0,0.0,0,1,0,0,0,-1,0.00,0.00
148.517,0.0,0.0,0.000,0.000,0.000,0.00,-1.0,0.0,0,1,0,0,0,-1,0.00,0.00
148.569,0.0,0.0,0.000,0.000,0.000,0.00,-1.0,0.0,0,1,0,0,0,-1,0.00,0.00
148.635,0.0,0.0,0.000,0.000,0.000,0.00,-1.0,0.0,0,1,0,0,0,-1,0.00,0.00
148.700,0.0,0.0,0.000,0.000,0.000,0.00,-1.0,0.0,0,1,0,0,0,-1,0.00,0.00
148.751,0.0,0.0,0.000,0.000,0.000,0.00,-1.0,0.0,0,1,0,0,0,-1,0.00,0.00
148.821,0.0,0.0,0.000,0.000,0.000,0.00,-1.0,0.0,0,1,0,0,0,-1,0.00,0.00
148.885,0.0,0.0,0.000,0.000,0.000,0.00,-1.0,0.0,0,1,0,0,0,-1,0.00,0.00
148.951,0.0,0.0,0.000,0.000,0.000,0.00,-1.0,0.0,0,1,0,0,0,-1,0.00,0.00
149.018,0.0,0.0,0.000,0.000,0.000,0.00,-1.0,0.0,0,1,0,0,0,-1,0.00,0.00
149.068,0.0,0.0,0.000,0.000,0.000,0.00,-1.0,0.0,0,1,0,0,0,-1,0.00,0.00
149.119,0.0,0.0,0.000,0.000,0.000,0.00,-1.0,0.0,0,1,0,0,0,-1,0.00,0.00
149.184,0.0,0.0,0.000,0.000,0.000,0.00,-1.0,0.0,0,1,0,0,0,-1,0.00,0.00
149.251,0.0,0.0,0.000,0.000,0.000,0.00,-1.0,0.0,0,1,0,0,0,-1,0.00,0.00
149.317,0.0,0.0,0.000,0.000,0.000,0.00,-1.0,0.0,0,1,0,0,0,-1,0.00,0.00
149.369,0.0,0.0,0.000,0.000,0.000,0.00,-1.0,0.0,0,1,0,0,0,-1,0.00,0.00
149.435,0.0,0.0,0.000,0.000,0.000,0.00,-1.0,0.0,0,1,0,0,0,-1,0.00,0.00
149.501,0.0,0.0,0.000,0.000,0.000,0.00,-1.0,0.0,0,1,0,0,0,-1,0.00,0.00
149.568,0.0,0.0,0.000,0.000,0.000,0.00,-1.0,0.0,0,1,0,0,0,-1,0.00,0.00
149.633,0.0,0.0,0.000,0.000,0.000,0.00,-1.0,0.0,0,1,0,0,0,-1,0.00,0.00
149.699,0.0,0.0,0.000,0.000,0.000,0.00,-1.0,0.0,0,1,0,0,0,-1,0.00,0.00
149.754,0.0,0.0,0.000,0.000,0.000,0.00,-1.0,0.0,0,1,0,0,0,-1,0.00,0.00
149.818,0.0,0.0,0.000,0.000,0.000,0.00,-1.0,0.0,0,1,0,0,0,-1,0.00,0.00
149.884,0.0,0.0,0.000,0.000,0.000,0.00,-1.0,0.0,0,1,0,0,0,-1,0.00,0.00
149.950,0.0,0.0,0.000,0.000,0.000,0.00,-1.0,0.0,0,1,0,0,0,-1,0.00,0.00
150.000,0.0,0.0,0.000,0.000,0.000,0.00,-1.0,0.0,0,1,0,0,0,-1,0.00,0.00
150.068,0.0,0.0,0.000,0.000,0.000,0.00,-1.0,0.0,0,1,0,0,0,-1,0.00,0.00
150.134,0.0,0.0,0.000,0.000,0.000,0.00,-1.0,0.0,0,1,0,0,0,-1,0.00,0.00
150.204,0.0,0.0,0.000,0.000,0.000,0.00,-1.0,0.0,0,1,0,0,0,-1,0.00,0.00
150.267,0.0,0.0,0.000,0.000,0.000,0.00,-1.0,0.0,0,1,0,0,0,-1,0.00,0.00
150.332,0.0,0.0,0.000,0.000,0.000,0.00,-1.0,0.0,0,1,0,0,0,-1,0.00,0.00
150.384,0.0,0.0,0.000,0.000,0.000,0.00,-1.0,0.0,0,1,0,0,0,-1,0.00,0.00
150.434,0.0,0.0,0.000,0.000,0.000,0.00,-1.0,0.0,0,1,0,0,0,-1,0.00,0.00
150.502,0.0,0.0,0.000,0.000,0.000,0.00,-1.0,0.0,0,1,0,0,0,-1,0.00,0.00
150.567,0.0,0.0,0.000,0.000,0.000,0.00,-1.0,0.0,0,1,0,0,0,-1,0.00,0.00
150.618,0.0,0.0,0.000,0.000,0.000,0.00,-1.0,0.0,0,1,0,0,0,-1,0.00,0.00
150.668,0.0,0.0,0.000,0.000,0.000,0.00,-1.0,0.0,0,1,0,0,0,-1,0.00,0.00
150.735,0.0,0.0,0.000,0.000,0.000,0.00,-1.0,0.0,0,1,0,0,0,-1,0.00,0.00
150.800,0.0,0.0,0.000,0.000,0.000,0.00,-1.0,0.0,0,1,0,0,0,-1,0.00,0.00
150.851,0.0,0.0,0.000,0.000,0.000,0.00,-1.0,0.0,0,1,0,0,0,-1,0.00,0.00
150.918,0.0,0.0,0.000,0.000,0.000,0.00,-1.0,0.0,0,1,0,0,0,-1,0.00,0.00
150.969,0.0,0.0,0.000,0.000,0.000,0.00,-1.0,0.0,0,1,0,0,0,-1,0.00,0.00
151.033,0.0,0.0,0.000,0.000,0.000,0.00,-1.0,0.0,0,1,0,0,0,-1,0.00,0.00
151.084,0.0,0.0,0.000,0.000,0.000,0.00,-1.0,0.0,0,1,0,0,0,-1,0.00,0.00
151.136,0.0,0.0,0.000,0.000,0.000,0.00,-1.0,0.0,0,1,0,0,0,-1,0.00,0.00
151.200,0.0,0.0,0.000,0.000,0.000,0.00,-1.0,0.0,0,1,0,0,0,-1,0.00,0.00
151.268,0.0,0.0,0.000,0.000,0.000,0.00,-1.0,0.0,0,1,0,0,0,-1,0.00,0.00
151.334,0.0,0.0,0.000,0.000,0.000,0.00,-1.0,0.0,0,1,0,0,0,-1,0.00,0.00
151.384,0.0,0.0,0.000,0.000,0.000,0.00,-1.0,0.0,0,1,0,0,0,-1,0.00,0.00
151.434,0.0,0.0,0.000,0.000,0.000,0.00,-1.0,0.0,0,1,0,0,0,-1,0.00,0.00
151.486,0.0,0.0,0.000,0.000,0.000,0.00,-1.0,0.0,0,1,0,0,0,-1,0.00,0.00
151.551,0.0,0.0,0.000,0.000,0.000,0.00,-1.0,0.0,0,1,0,0,0,-1,0.00,0.00
151.617,0.0,0.0,0.000,0.000,0.000,0.00,-1.0,0.0,0,1,0,0,0,-1,0.00,0.00
151.668,0.0,0.0,0.000,0.000,0.000,0.00,-1.0,0.0,0,1,0,0,0,-1,0.00,0.00
151.734,0.0,0.0,0.000,0.000,0.000,0.00,-1.0,0.0,0,1,0,0,0,-1,0.00,0.00
151.785,0.0,0.0,0.000,0.000,0.000,0.00,-1.0,0.0,0,1,0,0,0,-1,0.00,0.00
151.851,0.0,0.0,0.000,0.000,0.000,0.00,-1.0,0.0,0,1,0,0,0,-1,0.00,0.00
151.920,0.0,0.0,0.000,0.000,0.000,0.00,-1.0,0.0,0,1,0,0,0,-1,0.00,0.00
151.986,0.0,0.0,0.000,0.000,0.000,0.00,-1.0,0.0,0,1,0,0,0,-1,0.00,0.00
152.049,0.0,0.0,0.000,0.000,0.000,0.00,-1.0,0.0,0,1,0,0,0,-1,0.00,0.00
152.100,0.0,0.0,0.000,0.000,0.000,0.00,-1.0,0.0,0,1,0,0,0,-1,0.00,0.00
152.152,0.0,0.0,0.000,0.000,0.000,0.00,-1.0,0.0,0,1,0,0,0,-1,0.00,0.00
152.203,0.0,0.0,0.000,0.000,0.000,0.00,-1.0,0.0,0,1,0,0,0,-1,0.00,0.00
152.266,0.0,0.0,0.000,0.000,0.000,0.00,-1.0,0.0,0,1,0,0,0,-1,0.00,0.00
152.316,0.0,0.0,0.000,0.000,0.000,0.00,-1.0,0.0,0,1,0,0,0,-1,0.00,0.00
152.367,0.0,0.0,0.000,0.000,0.000,0.00,-1.0,0.0,0,1,0,0,0,-1,0.00,0.00
152.434,0.0,0.0,0.000,0.000,0.000,0.00,-1.0,0.0,0,1,0,0,0,-1,0.00,0.00
152.499,0.0,0.0,0.000,0.000,0.000,0.00,-1.0,0.0,0,1,0,0,0,-1,0.00,0.00
152.550,0.0,0.0,0.000,0.000,0.000,0.00,-1.0,0.0,0,1,0,0,0,-1,0.00,0.00
152.601,0.0,0.0,0.000,0.000,0.000,0.00,-1.0,0.0,0,1,0,0,0,-1,0.00,0.00
152.651,0.0,0.0,0.000,0.000,0.000,0.00,-1.0,0.0,0,1,0,0,0,-1,0.00,0.00
152.701,0.0,0.0,0.000,0.000,0.000,0.00,-1.0,0.0,0,1,0,0,0,-1,0.00,0.00
152.751,0.0,0.0,0.000,0.000,0.000,0.00,-1.0,0.0,0,1,0,0,0,-1,0.00,0.00
152.801,0.0,0.0,0.000,0.000,0.000,0.00,-1.0,0.0,0,1,0,0,0,-1,0.00,0.00
152.869,0.0,0.0,0.000,0.000,0.000,0.00,-1.0,0.0,0,1,0,0,0,-1,0.00,0.00
152.934,0.0,0.0,0.000,0.000,0.000,0.00,-1.0,0.0,0,1,0,0,0,-1,0.00,0.00
152.985,0.0,0.0,0.000,0.000,0.000,0.00,-1.0,0.0,0,1,0,0,0,-1,0.00,0.00
153.051,0.0,0.0,0.000,0.000,0.000,0.00,-1.0,0.0,0,1,0,0,0,-1,0.00,0.00
153.118,0.0,0.0,0.000,0.000,0.000,0.00,-1.0,0.0,0,1,0,0,0,-1,0.00,0.00
153.183,0.0,0.0,0.000,0.000,0.000,0.00,-1.0,0.0,0,1,0,0,0,-1,0.00,0.00
153.234,0.0,0.0,0.000,0.000,0.000,0.00,-1.0,0.0,0,1,0,0,0,-1,0.00,0.00
153.301,0.0,0.0,0.000,0.000,0.000,0.00,-1.0,0.0,0,1,0,0,0,-1,0.00,0.00
153.352,0.0,0.0,0.000,0.000,0.000,0.00,-1.0,0.0,0,1,0,0,0,-1,0.00,0.00
153.419,0.0,0.0,0.000,0.000,0.000,0.00,-1.0,0.0,0,1,0,0,0,-1,0.00,0.00
153.483,0.0,0.0,0.000,0.000,0.000,0.00,-1.0,0.0,0,1,0,0,0,-1,0.00,0.00
153.535,0.0,0.0,0.000,0.000,0.000,0.00,-1.0,0.0,0,1,0,0,0,-1,0.00,0.00
153.585,0.0,0.0,0.000,0.000,0.000,0.00,-1.0,0.0,0,1,0,0,0,-1,0.00,0.00
153.652,0.0,0.0,0.000,0.000,0.000,0.00,-1.0,0.0,0,1,0,0,0,-1,0.00,0.00
153.717,0.0,0.0,0.000,0.000,0.000,0.00,-1.0,0.0,0,1,0,0,0,-1,0.00,0.00
153.768,0.0,0.0,0.000,0.000,0.000,0.00,-1.0,0.0,0,1,0,0,0,-1,0.00,0.00
153.832,0.0,0.0,0.000,0.000,0.000,0.00,-1.0,0.0,0,1,0,0,0,-1,0.00,0.00
153.884,0.0,0.0,0.000,0.000,0.000,0.00,-1.0,0.0,0,1,0,0,0,-1,0.00,0.00
153.951,0.0,0.0,0.000,0.000,0.000,0.00,-1.0,0.0,0,1,0,0,0,-1,0.00,0.00
154.002,0.0,0.0,0.000,0.000,0.000,0.00,-1.0,0.0,0,1,0,0,0,-1,0.00,0.00
154.068,0.0,0.0,0.000,0.000,0.000,0.00,-1.0,0.0,0,1,0,0,0,-1,0.00,0.00
154.133,0.0,0.0,0.000,0.000,0.000,0.00,-1.0,0.0,0,1,0,0,0,-1,0.00,0.00
154.203,0.0,0.0,0.000,0.000,0.000,0.00,-1.0,0.0,0,1,0,0,0,-1,0.00,0.00
154.277,0.0,0.0,0.000,0.000,0.000,0.00,-1.0,0.0,0,1,0,0,0,-1,0.00,0.00
154.331,0.0,0.0,0.000,0.000,0.000,0.00,-1.0,0.0,0,1,0,0,0,-1,0.00,0.00
154.383,0.0,0.0,0.000,0.000,0.000,0.00,-1.0,0.0,0,1,0,0,0,-1,0.00,0.00
154.433,0.0,0.0,0.000,0.000,0.000,0.00,-1.0,0.0,0,1,0,0,0,-1,0.00,0.00
154.487,0.0,0.0,0.000,0.000,0.000,0.00,-1.0,0.0,0,1,0,0,0,-1,0.00,0.00
154.554,0.0,0.0,0.000,0.000,0.000,0.00,-1.0,0.0,0,1,0,0,0,-1,0.00,0.00
154.618,0.0,0.0,0.000,0.000,0.000,0.00,-1.0,0.0,0,1,0,0,0,-1,0.00,0.00
154.668,0.0,0.0,0.000,0.000,0.000,0.00,-1.0,0.0,0,1,0,0,0,-1,0.00,0.00
154.719,0.0,0.0,0.000,0.000,0.000,0.00,-1.0,0.0,0,1,0,0,0,-1,0.00,0.00
154.774,0.0,0.0,0.000,0.000,0.000,0.00,-1.0,0.0,0,1,0,0,0,-1,0.00,0.00
154.836,0.0,0.0,0.000,0.000,0.000,0.00,-1.0,0.0,0,1,0,0,0,-1,0.00,0.00
154.903,0.0,0.0,0.000,0.000,0.000,0.00,-1.0,0.0,0,1,0,0,0,-1,0.00,0.00
154.972,0.0,0.0,0.000,0.000,0.000,0.00,-1.0,0.0,0,1,0,0,0,-1,0.00,0.00
155.036,0.0,0.0,0.000,0.000,0.000,0.00,-1.0,0.0,0,1,0,0,0,-1,0.00,0.00
155.101,0.0,0.0,0.000,0.000,0.000,0.00,-1.0,0.0,0,1,0,0,0,-1,0.00,0.00
155.151,0.0,0.0,0.000,0.000,0.000,0.00,-1.0,0.0,0,1,0,0,0,-1,0.00,0.00
155.220,0.0,0.0,0.000,0.000,0.000,0.00,-1.0,0.0,0,1,0,0,0,-1,0.00,0.00
155.285,0.0,0.0,0.000,0.000,0.000,0.00,-1.0,0.0,0,1,0,0,0,-1,0.00,0.00
155.352,0.0,0.0,0.000,0.000,0.000,0.00,-1.0,0.0,0,1,0,0,0,-1,0.00,0.00
155.417,0.0,0.0,0.000,0.000,0.000,0.00,-1.0,0.0,0,1,0,0,0,-1,0.00,0.00
155.469,0.0,0.0,0.000,0.000,0.000,0.00,-1.0,0.0,0,1,0,0,0,-1,0.00,0.00
155.535,0.0,0.0,0.000,0.000,0.000,0.00,-1.0,0.0,0,1,0,0,0,-1,0.00,0.00
155.602,0.0,0.0,0.000,0.000,0.000,0.00,-1.0,0.0,0,1,0,0,0,-1,0.00,0.00
155.668,0.0,0.0,0.000,0.000,0.000,0.00,-1.0,0.0,0,1,0,0,0,-1,0.00,0.00
155.735,0.0,0.0,0.000,0.000,0.000,0.00,-1.0,0.0,0,1,0,0,0,-1,0.00,0.00
155.785,0.0,0.0,0.000,0.000,0.000,0.00,-1.0,0.0,0,1,0,0,0,-1,0.00,0.00
155.852,0.0,0.0,0.000,0.000,0.000,0.00,-1.0,0.0,0,1,0,0,0,-1,0.00,0.00
155.918,0.0,0.0,0.000,0.000,0.000,0.00,-1.0,0.0,0,1,0,0,0,-1,0.00,0.00
155.985,0.0,0.0,0.000,0.000,0.000,0.00,-1.0,0.0,0,1,0,0,0,-1,0.00,0.00
156.036,0.0,0.0,0.000,0.000,0.000,0.00,-1.0,0.0,0,1,0,0,0,-1,0.00,0.00
156.101,0.0,0.0,0.000,0.000,0.000,0.00,-1.0,0.0,0,1,0,0,0,-1,0.00,0.00
156.168,0.0,0.0,0.000,0.000,0.000,0.00,-1.0,0.0,0,1,0,0,0,-1,0.00,0.00
156.234,0.0,0.0,0.000,0.000,0.000,0.00,-1.0,0.0,0,1,0,0,0,-1,0.00,0.00
156.285,0.0,0.0,0.000,0.000,0.000,0.00,-1.0,0.0,0,1,0,0,0,-1,0.00,0.00
156.351,0.0,0.0,0.000,0.000,0.000,0.00,-1.0,0.0,0,1,0,0,0,-1,0.00,0.00
156.418,0.0,0.0,0.000,0.000,0.000,0.00,-1.0,0.0,0,1,0,0,0,-1,0.00,0.00
156.468,0.0,0.0,0.000,0.000,0.000,0.00,-1.0,0.0,0,1,0,0,0,-1,0.00,0.00
156.519,0.0,0.0,0.000,0.000,0.000,0.00,-1.0,0.0,0,1,0,0,0,-1,0.00,0.00
156.584,0.0,0.0,0.000,0.000,0.000,0.00,-1.0,0.0,0,1,0,0,0,-1,0.00,0.00
156.651,0.0,0.0,0.000,0.000,0.000,0.00,-1.0,0.0,0,1,0,0,0,-1,0.00,0.00
156.701,0.0,0.0,0.000,0.000,0.000,0.00,-1.0,0.0,0,1,0,0,0,-1,0.00,0.00
156.755,0.0,0.0,0.000,0.000,0.000,0.00,-1.0,0.0,0,1,0,0,0,-1,0.00,0.00
156.818,0.0,0.0,0.000,0.000,0.000,0.00,-1.0,0.0,0,1,0,0,0,-1,0.00,0.00
156.868,0.0,0.0,0.000,0.000,0.000,0.00,-1.0,0.0,0,1,0,0,0,-1,0.00,0.00
156.935,0.0,0.0,0.000,0.000,0.000,0.00,-1.0,0.0,0,1,0,0,0,-1,0.00,0.00
156.985,0.0,0.0,0.000,0.000,0.000,0.00,-1.0,0.0,0,1,0,0,0,-1,0.00,0.00
157.052,0.0,0.0,0.000,0.000,0.000,0.00,-1.0,0.0,0,1,0,0,0,-1,0.00,0.00
157.102,0.0,0.0,0.000,0.000,0.000,0.00,-1.0,0.0,0,1,0,0,0,-1,0.00,0.00
157.168,0.0,0.0,0.000,0.000,0.000,0.00,-1.0,0.0,0,1,0,0,0,-1,0.00,0.00
157.219,0.0,0.0,0.000,0.000,0.000,0.00,-1.0,0.0,0,1,0,0,0,-1,0.00,0.00
157.285,0.0,0.0,0.000,0.000,0.000,0.00,-1.0,0.0,0,1,0,0,0,-1,0.00,0.00
157.336,0.0,0.0,0.000,0.000,0.000,0.00,-1.0,0.0,0,1,0,0,0,-1,0.00,0.00
157.387,0.0,0.0,0.000,0.000,0.000,0.00,-1.0,0.0,0,1,0,0,0,-1,0.00,0.00
157.452,0.0,0.0,0.000,0.000,0.000,0.00,-1.0,0.0,0,1,0,0,0,-1,0.00,0.00
157.502,0.0,0.0,0.000,0.000,0.000,0.00,-1.0,0.0,0,1,0,0,0,-1,0.00,0.00
157.568,0.0,0.0,0.000,0.000,0.000,0.00,-1.0,0.0,0,1,0,0,0,-1,0.00,0.00
157.637,0.0,0.0,0.000,0.000,0.000,0.00,-1.0,0.0,0,1,0,0,0,-1,0.00,0.00
157.692,0.0,0.0,0.000,0.000,0.000,0.00,-1.0,0.0,0,1,0,0,0,-1,0.00,0.00
157.752,0.0,0.0,0.000,0.000,0.000,0.00,-1.0,0.0,0,1,0,0,0,-1,0.00,0.00
157.802,0.0,0.0,0.000,0.000,0.000,0.00,-1.0,0.0,0,1,0,0,0,-1,0.00,0.00
157.857,0.0,0.0,0.000,0.000,0.000,0.00,-1.0,0.0,0,1,0,0,0,-1,0.00,0.00
157.921,0.0,0.0,0.000,0.000,0.000,0.00,-1.0,0.0,0,1,0,0,0,-1,0.00,0.00
157.985,0.0,0.0,0.000,0.000,0.000,0.00,-1.0,0.0,0,1,0,0,0,-1,0.00,0.00
158.051,0.0,0.0,0.000,0.000,0.000,0.00,-1.0,0.0,0,1,0,0,0,-1,0.00,0.00
158.102,0.0,0.0,0.000,0.000,0.000,0.00,-1.0,0.0,0,1,0,0,0,-1,0.00,0.00
158.168,0.0,0.0,0.000,0.000,0.000,0.00,-1.0,0.0,0,1,0,0,0,-1,0.00,0.00
158.236,0.0,0.0,0.000,0.000,0.000,0.00,-1.0,0.0,0,1,0,0,0,-1,0.00,0.00
158.301,0.0,0.0,0.000,0.000,0.000,0.00,-1.0,0.0,0,1,0,0,0,-1,0.00,0.00
158.368,0.0,0.0,0.000,0.000,0.000,0.00,-1.0,0.0,0,1,0,0,0,-1,0.00,0.00
158.419,0.0,0.0,0.000,0.000,0.000,0.00,-1.0,0.0,0,1,0,0,0,-1,0.00,0.00
158.485,0.0,0.0,0.000,0.000,0.000,0.00,-1.0,0.0,0,1,0,0,0,-1,0.00,0.00
158.552,0.0,0.0,0.000,0.000,0.000,0.00,-1.0,0.0,0,1,0,0,0,-1,0.00,0.00
158.617,0.0,0.0,0.000,0.000,0.000,0.00,-1.0,0.0,0,1,0,0,0,-1,0.00,0.00
158.667,0.0,0.0,0.000,0.000,0.000,0.00,-1.0,0.0,0,1,0,0,0,-1,0.00,0.00
158.719,0.0,0.0,0.000,0.000,0.000,0.00,-1.0,0.0,0,1,0,0,0,-1,0.00,0.00
158.769,0.0,0.0,0.000,0.000,0.000,0.00,-1.0,0.0,0,1,0,0,0,-1,0.00,0.00
158.819,0.0,0.0,0.000,0.000,0.000,0.00,-1.0,0.0,0,1,0,0,0,-1,0.00,0.00
158.885,0.0,0.0,0.000,0.000,0.000,0.00,-1.0,0.0,0,1,0,0,0,-1,0.00,0.00
158.936,0.0,0.0,0.000,0.000,0.000,0.00,-1.0,0.0,0,1,0,0,0,-1,0.00,0.00
158.986,0.0,0.0,0.000,0.000,0.000,0.00,-1.0,0.0,0,1,0,0,0,-1,0.00,0.00
159.051,0.0,0.0,0.000,0.000,0.000,0.00,-1.0,0.0,0,1,0,0,0,-1,0.00,0.00
159.102,0.0,0.0,0.000,0.000,0.000,0.00,-1.0,0.0,0,1,0,0,0,-1,0.00,0.00
159.168,0.0,0.0,0.000,0.000,0.000,0.00,-1.0,0.0,0,1,0,0,0,-1,0.00,0.00
159.219,0.0,0.0,0.000,0.000,0.000,0.00,-1.0,0.0,0,1,0,0,0,-1,0.00,0.00
159.285,0.0,0.0,0.000,0.000,0.000,0.00,-1.0,0.0,0,1,0,0,0,-1,0.00,0.00
159.351,0.0,0.0,0.000,0.000,0.000,0.00,-1.0,0.0,0,1,0,0,0,-1,0.00,0.00
159.419,0.0,0.0,0.000,0.000,0.000,0.00,-1.0,0.0,0,1,0,0,0,-1,0.00,0.00
159.469,0.0,0.0,0.000,0.000,0.000,0.00,-1.0,0.0,0,1,0,0,0,-1,0.00,0.00
159.519,0.0,0.0,0.000,0.000,0.000,0.00,-1.0,0.0,0,1,0,0,0,-1,0.00,0.00
159.587,0.0,0.0,0.000,0.000,0.000,0.00,-1.0,0.0,0,1,0,0,0,-1,0.00,0.00
159.652,0.0,0.0,0.000,0.000,0.000,0.00,-1.0,0.0,0,1,0,0,0,-1,0.00,0.00
159.702,0.0,0.0,0.000,0.000,0.000,0.00,-1.0,0.0,0,1,0,0,0,-1,0.00,0.00
159.768,0.0,0.0,0.000,0.000,0.000,0.00,-1.0,0.0,0,1,0,0,0,-1,0.00,0.00
159.836,0.0,0.0,0.000,0.000,0.000,0.00,-1.0,0.0,0,1,0,0,0,-1,0.00,0.00
159.901,0.0,0.0,0.000,0.000,0.000,0.00,-1.0,0.0,0,1,0,0,0,-1,0.00,0.00
159.969,0.0,0.0,0.000,0.000,0.000,0.00,-1.0,0.0,0,1,0,0,0,-1,0.00,0.00
160.036,0.0,0.0,0.000,0.000,0.000,0.00,-1.0,0.0,0,1,0,0,0,-1,0.00,0.00
160.101,0.0,0.0,0.000,0.000,0.000,0.00,-1.0,0.0,0,1,0,0,0,-1,0.00,0.00
160.151,0.0,0.0,0.000,0.000,0.000,0.00,-1.0,0.0,0,1,0,0,0,-1,0.00,0.00
160.218,0.0,0.0,0.000,0.000,0.000,0.00,-1.0,0.0,0,1,0,0,0,-1,0.00,0.00
160.270,0.0,0.0,0.000,0.000,0.000,0.00,-1.0,0.0,0,1,0,0,0,-1,0.00,0.00
160.335,0.0,0.0,0.000,0.000,0.000,0.00,-1.0,0.0,0,1,0,0,0,-1,0.00,0.00
160.401,0.0,0.0,0.000,0.000,0.000,0.00,-1.0,0.0,0,1,0,0,0,-1,0.00,0.00
160.452,0.0,0.0,0.000,0.000,0.000,0.00,-1.0,0.0,0,1,0,0,0,-1,0.00,0.00
160.518,0.0,0.0,0.000,0.000,0.000,0.00,-1.0,0.0,0,1,0,0,0,-1,0.00,0.00
160.568,0.0,0.0,0.000,0.000,0.000,0.00,-1.0,0.0,0,1,0,0,0,-1,0.00,0.00
160.635,0.0,0.0,0.000,0.000,0.000,0.00,-1.0,0.0,0,1,0,0,0,-1,0.00,0.00
160.703,0.0,0.0,0.000,0.000,0.000,0.00,-1.0,0.0,0,1,0,0,0,-1,0.00,0.00
160.769,0.0,0.0,0.000,0.000,0.000,0.00,-1.0,0.0,0,1,0,0,0,-1,0.00,0.00
160.835,0.0,0.0,0.000,0.000,0.000,0.00,-1.0,0.0,0,1,0,0,0,-1,0.00,0.00
160.900,0.0,0.0,0.000,0.000,0.000,0.00,-1.0,0.0,0,1,0,0,0,-1,0.00,0.00
160.950,0.0,0.0,0.000,0.000,0.000,0.00,-1.0,0.0,0,1,0,0,0,-1,0.00,0.00
161.002,0.0,0.0,0.000,0.000,0.000,0.00,-1.0,0.0,0,1,0,0,0,-1,0.00,0.00
161.068,0.0,0.0,0.000,0.000,0.000,0.00,-1.0,0.0,0,1,0,0,0,-1,0.00,0.00
161.119,0.0,0.0,0.000,0.000,0.000,0.00,-1.0,0.0,0,1,0,0,0,-1,0.00,0.00
161.170,0.0,0.0,0.000,0.000,0.000,0.00,-1.0,0.0,0,1,0,0,0,-1,0.00,0.00
161.236,0.0,0.0,0.000,0.000,0.000,0.00,-1.0,0.0,0,1,0,0,0,-1,0.00,0.00
161.302,0.0,0.0,0.000,0.000,0.000,0.00,-1.0,0.0,0,1,0,0,0,-1,0.00,0.00
161.353,0.0,0.0,0.000,0.000,0.000,0.00,-1.0,0.0,0,1,0,0,0,-1,0.00,0.00
161.417,0.0,0.0,0.000,0.000,0.000,0.00,-1.0,0.0,0,1,0,0,0,-1,0.00,0.00
161.469,0.0,0.0,0.000,0.000,0.000,0.00,-1.0,0.0,0,1,0,0,0,-1,0.00,0.00
161.536,0.0,0.0,0.000,0.000,0.000,0.00,-1.0,0.0,0,1,0,0,0,-1,0.00,0.00
161.601,0.0,0.0,0.000,0.000,0.000,0.00,-1.0,0.0,0,1,0,0,0,-1,0.00,0.00
161.651,0.0,0.0,0.000,0.000,0.000,0.00,-1.0,0.0,0,1,0,0,0,-1,0.00,0.00
161.702,0.0,0.0,0.000,0.000,0.000,0.00,-1.0,0.0,0,1,0,0,0,-1,0.00,0.00
161.752,0.0,0.0,0.000,0.000,0.000,0.00,-1.0,0.0,0,1,0,0,0,-1,0.00,0.00
161.819,0.0,0.0,0.000,0.000,0.000,0.00,-1.0,0.0,0,1,0,0,0,-1,0.00,0.00
161.884,0.0,0.0,0.000,0.000,0.000,0.00,-1.0,0.0,0,1,0,0,0,-1,0.00,0.00
161.935,0.0,0.0,0.000,0.000,0.000,0.00,-1.0,0.0,0,1,0,0,0,-1,0.00,0.00
161.987,0.0,0.0,0.000,0.000,0.000,0.00,-1.0,0.0,0,1,0,0,0,-1,0.00,0.00
162.052,0.0,0.0,0.000,0.000,0.000,0.00,-1.0,0.0,0,1,0,0,0,-1,0.00,0.00
162.117,0.0,0.0,0.000,0.000,0.000,0.00,-1.0,0.0,0,1,0,0,0,-1,0.00,0.00
162.184,0.0,0.0,0.000,0.000,0.000,0.00,-1.0,0.0,0,1,0,0,0,-1,0.00,0.00
162.237,0.0,0.0,0.000,0.000,0.000,0.00,-1.0,0.0,0,1,0,0,0,-1,0.00,0.00
162.301,0.0,0.0,0.000,0.000,0.000,0.00,-1.0,0.0,0,1,0,0,0,-1,0.00,0.00
162.370,0.0,0.0,0.000,0.000,0.000,0.00,-1.0,0.0,0,1,0,0,0,-1,0.00,0.00
162.439,0.0,0.0,0.000,0.000,0.000,0.00,-1.0,0.0,0,1,0,0,0,-1,0.00,0.00
162.502,0.0,0.0,0.000,0.000,0.000,0.00,-1.0,0.0,0,1,0,0,0,-1,0.00,0.00
162.570,0.0,0.0,0.000,0.000,0.000,0.00,-1.0,0.0,0,1,0,0,0,-1,0.00,0.00
162.621,0.0,0.0,0.000,0.000,0.000,0.00,-1.0,0.0,0,1,0,0,0,-1,0.00,0.00
162.676,0.0,0.0,0.000,0.000,0.000,0.00,-1.0,0.0,0,1,0,0,0,-1,0.00,0.00
162.736,0.0,0.0,0.000,0.000,0.000,0.00,-1.0,0.0,0,1,0,0,0,-1,0.00,0.00
162.855,0.0,0.0,0.000,0.000,0.000,0.00,-1.0,0.0,0,1,0,0,0,-1,0.00,0.00
162.909,0.0,0.0,0.000,0.000,0.000,0.00,-1.0,0.0,0,1,0,0,0,-1,0.00,0.00
162.961,0.0,0.0,0.000,0.000,0.000,0.00,-1.0,0.0,0,1,0,0,0,-1,0.00,0.00
163.029,0.0,0.0,0.000,0.000,0.000,0.00,-1.0,0.0,0,1,0,0,0,-1,0.00,0.00
163.098,0.0,0.0,0.000,0.000,0.000,0.00,-1.0,0.0,0,1,0,0,0,-1,0.00,0.00
163.149,0.0,0.0,0.000,0.000,0.000,0.00,-1.0,0.0,0,1,0,0,0,-1,0.00,0.00
163.215,0.0,0.0,0.000,0.000,0.000,0.00,-1.0,0.0,0,1,0,0,0,-1,0.00,0.00
163.281,0.0,0.0,0.000,0.000,0.000,0.00,-1.0,0.0,0,1,0,0,0,-1,0.00,0.00
163.332,0.0,0.0,0.000,0.000,0.000,0.00,-1.0,0.0,0,1,0,0,0,-1,0.00,0.00
163.399,0.0,0.0,0.000,0.000,0.000,0.00,-1.0,0.0,0,1,0,0,0,-1,0.00,0.00
163.468,0.0,0.0,0.000,0.000,0.000,0.00,-1.0,0.0,0,1,0,0,0,-1,0.00,0.00
163.531,0.0,0.0,0.000,0.000,0.000,0.00,-1.0,0.0,0,1,0,0,0,-1,0.00,0.00
163.581,0.0,0.0,0.000,0.000,0.000,0.00,-1.0,0.0,0,1,0,0,0,-1,0.00,0.00
163.632,0.0,0.0,0.000,0.000,0.000,0.00,-1.0,0.0,0,1,0,0,0,-1,0.00,0.00
163.698,0.0,0.0,0.000,0.000,0.000,0.00,-1.0,0.0,0,1,0,0,0,-1,0.00,0.00
163.764,0.0,0.0,0.000,0.000,0.000,0.00,-1.0,0.0,0,1,0,0,0,-1,0.00,0.00
163.814,0.0,0.0,0.000,0.000,0.000,0.00,-1.0,0.0,0,1,0,0,0,-1,0.00,0.00
163.870,0.0,0.0,0.000,0.000,0.000,0.00,-1.0,0.0,0,1,0,0,0,-1,0.00,0.00
163.935,0.0,0.0,0.000,0.000,0.000,0.00,-1.0,0.0,0,1,0,0,0,-1,0.00,0.00
163.999,0.0,0.0,0.000,0.000,0.000,0.00,-1.0,0.0,0,1,0,0,0,-1,0.00,0.00
164.049,0.0,0.0,0.000,0.000,0.000,0.00,-1.0,0.0,0,1,0,0,0,-1,0.00,0.00
164.116,0.0,0.0,0.000,0.000,0.000,0.00,-1.0,0.0,0,1,0,0,0,-1,0.00,0.00
164.181,0.0,0.0,0.000,0.000,0.000,0.00,-1.0,0.0,0,1,0,0,0,-1,0.00,0.00
164.232,0.0,0.0,0.000,0.000,0.000,0.00,-1.0,0.0,0,1,0,0,0,-1,0.00,0.00
164.283,0.0,0.0,0.000,0.000,0.000,0.00,-1.0,0.0,0,1,0,0,0,-1,0.00,0.00
164.347,0.0,0.0,0.000,0.000,0.000,0.00,-1.0,0.0,0,1,0,0,0,-1,0.00,0.00
164.398,0.0,0.0,0.000,0.000,0.000,0.00,-1.0,0.0,0,1,0,0,0,-1,0.00,0.00
164.464,0.0,0.0,0.000,0.000,0.000,0.00,-1.0,0.0,0,1,0,0,0,-1,0.00,0.00
164.515,0.0,0.0,0.000,0.000,0.000,0.00,-1.0,0.0,0,1,0,0,0,-1,0.00,0.00
164.565,0.0,0.0,0.000,0.000,0.000,0.00,-1.0,0.0,0,1,0,0,0,-1,0.00,0.00
164.631,0.0,0.0,0.000,0.000,0.000,0.00,-1.0,0.0,0,1,0,0,0,-1,0.00,0.00
164.681,0.0,0.0,0.000,0.000,0.000,0.00,-1.0,0.0,0,1,0,0,0,-1,0.00,0.00
164.732,0.0,0.0,0.000,0.000,0.000,0.00,-1.0,0.0,0,1,0,0,0,-1,0.00,0.00
164.800,0.0,0.0,0.000,0.000,0.000,0.00,-1.0,0.0,0,1,0,0,0,-1,0.00,0.00
164.865,0.0,0.0,0.000,0.000,0.000,0.00,-1.0,0.0,0,1,0,0,0,-1,0.00,0.00
164.931,0.0,0.0,0.000,0.000,0.000,0.00,-1.0,0.0,0,1,0,0,0,-1,0.00,0.00
164.997,0.0,0.0,0.000,0.000,0.000,0.00,-1.0,0.0,0,1,0,0,0,-1,0.00,0.00
165.048,0.0,0.0,0.000,0.000,0.000,0.00,-1.0,0.0,0,1,0,0,0,-1,0.00,0.00
165.116,0.0,0.0,0.000,0.000,0.000,0.00,-1.0,0.0,0,1,0,0,0,-1,0.00,0.00
165.181,0.0,0.0,0.000,0.000,0.000,0.00,-1.0,0.0,0,1,0,0,0,-1,0.00,0.00
165.248,0.0,0.0,0.000,0.000,0.000,0.00,-1.0,0.0,0,1,0,0,0,-1,0.00,0.00
165.300,0.0,0.0,0.000,0.000,0.000,0.00,-1.0,0.0,0,1,0,0,0,-1,0.00,0.00
165.365,0.0,0.0,0.000,0.000,0.000,0.00,-1.0,0.0,0,1,0,0,0,-1,0.00,0.00
165.417,0.0,0.0,0.000,0.000,0.000,0.00,-1.0,0.0,0,1,0,0,0,-1,0.00,0.00
165.481,0.0,0.0,0.000,0.000,0.000,0.00,-1.0,0.0,0,1,0,0,0,-1,0.00,0.00
165.532,0.0,0.0,0.000,0.000,0.000,0.00,-1.0,0.0,0,1,0,0,0,-1,0.00,0.00
165.598,0.0,0.0,0.000,0.000,0.000,0.00,-1.0,0.0,0,1,0,0,0,-1,0.00,0.00
165.650,0.0,0.0,0.000,0.000,0.000,0.00,-1.0,0.0,0,1,0,0,0,-1,0.00,0.00
165.715,0.0,0.0,0.000,0.000,0.000,0.00,-1.0,0.0,0,1,0,0,0,-1,0.00,0.00
165.766,0.0,0.0,0.000,0.000,0.000,0.00,-1.0,0.0,0,1,0,0,0,-1,0.00,0.00
165.816,0.0,0.0,0.000,0.000,0.000,0.00,-1.0,0.0,0,1,0,0,0,-1,0.00,0.00
165.881,0.0,0.0,0.000,0.000,0.000,0.00,-1.0,0.0,0,1,0,0,0,-1,0.00,0.00
165.947,0.0,0.0,0.000,0.000,0.000,0.00,-1.0,0.0,0,1,0,0,0,-1,0.00,0.00
165.998,0.0,0.0,0.000,0.000,0.000,0.00,-1.0,0.0,0,1,0,0,0,-1,0.00,0.00
166.067,0.0,0.0,0.000,0.000,0.000,0.00,-1.0,0.0,0,1,0,0,0,-1,0.00,0.00
166.131,0.0,0.0,0.000,0.000,0.000,0.00,-1.0,0.0,0,1,0,0,0,-1,0.00,0.00
166.182,0.0,0.0,0.000,0.000,0.000,0.00,-1.0,0.0,0,1,0,0,0,-1,0.00,0.00
166.248,0.0,0.0,0.000,0.000,0.000,0.00,-1.0,0.0,0,1,0,0,0,-1,0.00,0.00
166.298,0.0,0.0,0.000,0.000,0.000,0.00,-1.0,0.0,0,1,0,0,0,-1,0.00,0.00
166.364,0.0,0.0,0.000,0.000,0.000,0.00,-1.0,0.0,0,1,0,0,0,-1,0.00,0.00
166.416,0.0,0.0,0.000,0.000,0.000,0.00,-1.0,0.0,0,1,0,0,0,-1,0.00,0.00
166.481,0.0,0.0,0.000,0.000,0.000,0.00,-1.0,0.0,0,1,0,0,0,-1,0.00,0.00
166.533,0.0,0.0,0.000,0.000,0.000,0.00,-1.0,0.0,0,1,0,0,0,-1,0.00,0.00
166.583,0.0,0.0,0.000,0.000,0.000,0.00,-1.0,0.0,0,1,0,0,0,-1,0.00,0.00
166.648,0.0,0.0,0.000,0.000,0.000,0.00,-1.0,0.0,0,1,0,0,0,-1,0.00,0.00
166.698,0.0,0.0,0.000,0.000,0.000,0.00,-1.0,0.0,0,1,0,0,0,-1,0.00,0.00
166.749,0.0,0.0,0.000,0.000,0.000,0.00,-1.0,0.0,0,1,0,0,0,-1,0.00,0.00
166.814,0.0,0.0,0.000,0.000,0.000,0.00,-1.0,0.0,0,1,0,0,0,-1,0.00,0.00
166.865,0.0,0.0,0.000,0.000,0.000,0.00,-1.0,0.0,0,1,0,0,0,-1,0.00,0.00
166.915,0.0,0.0,0.000,0.000,0.000,0.00,-1.0,0.0,0,1,0,0,0,-1,0.00,0.00
166.966,0.0,0.0,0.000,0.000,0.000,0.00,-1.0,0.0,0,1,0,0,0,-1,0.00,0.00
167.016,0.0,0.0,0.000,0.000,0.000,0.00,-1.0,0.0,0,1,0,0,0,-1,0.00,0.00
167.081,0.0,0.0,0.000,0.000,0.000,0.00,-1.0,0.0,0,1,0,0,0,-1,0.00,0.00
167.132,0.0,0.0,0.000,0.000,0.000,0.00,-1.0,0.0,0,1,0,0,0,-1,0.00,0.00
167.198,0.0,0.0,0.000,0.000,0.000,0.00,-1.0,0.0,0,1,0,0,0,-1,0.00,0.00
167.249,0.0,0.0,0.000,0.000,0.000,0.00,-1.0,0.0,0,1,0,0,0,-1,0.00,0.00
167.314,0.0,0.0,0.000,0.000,0.000,0.00,-1.0,0.0,0,1,0,0,0,-1,0.00,0.00
167.366,0.0,0.0,0.000,0.000,0.000,0.00,-1.0,0.0,0,1,0,0,0,-1,0.00,0.00
167.431,0.0,0.0,0.000,0.000,0.000,0.00,-1.0,0.0,0,1,0,0,0,-1,0.00,0.00
167.498,0.0,0.0,0.000,0.000,0.000,0.00,-1.0,0.0,0,1,0,0,0,-1,0.00,0.00
167.548,0.0,0.0,0.000,0.000,0.000,0.00,-1.0,0.0,0,1,0,0,0,-1,0.00,0.00
167.617,0.0,0.0,0.000,0.000,0.000,0.00,-1.0,0.0,0,1,0,0,0,-1,0.00,0.00
167.681,0.0,0.0,0.000,0.000,0.000,0.00,-1.0,0.0,0,1,0,0,0,-1,0.00,0.00
167.731,0.0,0.0,0.000,0.000,0.000,0.00,-1.0,0.0,0,1,0,0,0,-1,0.00,0.00
167.782,0.0,0.0,0.000,0.000,0.000,0.00,-1.0,0.0,0,1,0,0,0,-1,0.00,0.00
167.848,0.0,0.0,0.000,0.000,0.000,0.00,-1.0,0.0,0,1,0,0,0,-1,0.00,0.00
167.915,0.0,0.0,0.000,0.000,0.000,0.00,-1.0,0.0,0,1,0,0,0,-1,0.00,0.00
167.968,0.0,0.0,0.000,0.000,0.000,0.00,-1.0,0.0,0,1,0,0,0,-1,0.00,0.00
168.034,0.0,0.0,0.000,0.000,0.000,0.00,-1.0,0.0,0,1,0,0,0,-1,0.00,0.00
168.099,0.0,0.0,0.000,0.000,0.000,0.00,-1.0,0.0,0,1,0,0,0,-1,0.00,0.00
168.164,0.0,0.0,0.000,0.000,0.000,0.00,-1.0,0.0,0,1,0,0,0,-1,0.00,0.00
168.215,0.0,0.0,0.000,0.000,0.000,0.00,-1.0,0.0,0,1,0,0,0,-1,0.00,0.00
168.284,0.0,0.0,0.000,0.000,0.000,0.00,-1.0,0.0,0,1,0,0,0,-1,0.00,0.00
168.349,0.0,0.0,0.000,0.000,0.000,0.00,-1.0,0.0,0,1,0,0,0,-1,0.00,0.00
168.416,0.0,0.0,0.000,0.000,0.000,0.00,-1.0,0.0,0,1,0,0,0,-1,0.00,0.00
168.483,0.0,0.0,0.000,0.000,0.000,0.00,-1.0,0.0,0,1,0,0,0,-1,0.00,0.00
168.549,0.0,0.0,0.000,0.000,0.000,0.00,-1.0,0.0,0,1,0,0,0,-1,0.00,0.00
168.616,0.0,0.0,0.000,0.000,0.000,0.00,-1.0,0.0,0,1,0,0,0,-1,0.00,0.00
168.681,0.0,0.0,0.000,0.000,0.000,0.00,-1.0,0.0,0,1,0,0,0,-1,0.00,0.00
168.732,0.0,0.0,0.000,0.000,0.000,0.00,-1.0,0.0,0,1,0,0,0,-1,0.00,0.00
168.797,0.0,0.0,0.000,0.000,0.000,0.00,-1.0,0.0,0,1,0,0,0,-1,0.00,0.00
168.865,0.0,0.0,0.000,0.000,0.000,0.00,-1.0,0.0,0,1,0,0,0,-1,0.00,0.00
168.931,0.0,0.0,0.000,0.000,0.000,0.00,-1.0,0.0,0,1,0,0,0,-1,0.00,0.00
168.982,0.0,0.0,0.000,0.000,0.000,0.00,-1.0,0.0,0,1,0,0,0,-1,0.00,0.00
169.047,0.0,0.0,0.000,0.000,0.000,0.00,-1.0,0.0,0,1,0,0,0,-1,0.00,0.00
169.099,0.0,0.0,0.000,0.000,0.000,0.00,-1.0,0.0,0,1,0,0,0,-1,0.00,0.00
169.164,0.0,0.0,0.000,0.000,0.000,0.00,-1.0,0.0,0,1,0,0,0,-1,0.00,0.00
169.214,0.0,0.0,0.000,0.000,0.000,0.00,-1.0,0.0,0,1,0,0,0,-1,0.00,0.00
169.266,0.0,0.0,0.000,0.000,0.000,0.00,-1.0,0.0,0,1,0,0,0,-1,0.00,0.00
169.332,0.0,0.0,0.000,0.000,0.000,0.00,-1.0,0.0,0,1,0,0,0,-1,0.00,0.00
169.398,0.0,0.0,0.000,0.000,0.000,0.00,-1.0,0.0,0,1,0,0,0,-1,0.00,0.00
169.449,0.0,0.0,0.000,0.000,0.000,0.00,-1.0,0.0,0,1,0,0,0,-1,0.00,0.00
169.517,0.0,0.0,0.000,0.000,0.000,0.00,-1.0,0.0,0,1,0,0,0,-1,0.00,0.00
169.581,0.0,0.0,0.000,0.000,0.000,0.00,-1.0,0.0,0,1,0,0,0,-1,0.00,0.00
169.632,0.0,0.0,0.000,0.000,0.000,0.00,-1.0,0.0,0,1,0,0,0,-1,0.00,0.00
169.698,0.0,0.0,0.000,0.000,0.000,0.00,-1.0,0.0,0,1,0,0,0,-1,0.00,0.00
169.765,0.0,0.0,0.000,0.000,0.000,0.00,-1.0,0.0,0,1,0,0,0,-1,0.00,0.00
169.816,0.0,0.0,0.000,0.000,0.000,0.00,-1.0,0.0,0,1,0,0,0,-1,0.00,0.00
169.866,0.0,0.0,0.000,0.000,0.000,0.00,-1.0,0.0,0,1,0,0,0,-1,0.00,0.00
169.917,0.0,0.0,0.000,0.000,0.000,0.00,-1.0,0.0,0,1,0,0,0,-1,0.00,0.00
169.981,0.0,0.0,0.000,0.000,0.000,0.00,-1.0,0.0,0,1,0,0,0,-1,0.00,0.00
170.033,0.0,0.0,0.000,0.000,0.000,0.00,-1.0,0.0,0,1,0,0,0,-1,0.00,0.00
170.098,0.0,0.0,0.000,0.000,0.000,0.00,-1.0,0.0,0,1,0,0,0,-1,0.00,0.00
170.164,0.0,0.0,0.000,0.000,0.000,0.00,-1.0,0.0,0,1,0,0,0,-1,0.00,0.00
170.231,0.0,0.0,0.000,0.000,0.000,0.00,-1.0,0.0,0,1,0,0,0,-1,0.00,0.00
170.283,0.0,0.0,0.000,0.000,0.000,0.00,-1.0,0.0,0,1,0,0,0,-1,0.00,0.00
170.351,0.0,0.0,0.000,0.000,0.000,0.00,-1.0,0.0,0,1,0,0,0,-1,0.00,0.00
170.416,0.0,0.0,0.000,0.000,0.000,0.00,-1.0,0.0,0,1,0,0,0,-1,0.00,0.00
170.481,0.0,0.0,0.000,0.000,0.000,0.00,-1.0,0.0,0,1,0,0,0,-1,0.00,0.00
170.533,0.0,0.0,0.000,0.000,0.000,0.00,-1.0,0.0,0,1,0,0,0,-1,0.00,0.00
170.598,0.0,0.0,0.000,0.000,0.000,0.00,-1.0,0.0,0,1,0,0,0,-1,0.00,0.00
170.649,0.0,0.0,0.000,0.000,0.000,0.00,-1.0,0.0,0,1,0,0,0,-1,0.00,0.00
170.699,0.0,0.0,0.000,0.000,0.000,0.00,-1.0,0.0,0,1,0,0,0,-1,0.00,0.00
170.766,0.0,0.0,0.000,0.000,0.000,0.00,-1.0,0.0,0,1,0,0,0,-1,0.00,0.00
170.831,0.0,0.0,0.000,0.000,0.000,0.00,-1.0,0.0,0,1,0,0,0,-1,0.00,0.00
170.883,0.0,0.0,0.000,0.000,0.000,0.00,-1.0,0.0,0,1,0,0,0,-1,0.00,0.00
170.948,0.0,0.0,0.000,0.000,0.000,0.00,-1.0,0.0,0,1,0,0,0,-1,0.00,0.00
171.001,0.0,0.0,0.000,0.000,0.000,0.00,-1.0,0.0,0,1,0,0,0,-1,0.00,0.00
171.064,0.0,0.0,0.000,0.000,0.000,0.00,-1.0,0.0,0,1,0,0,0,-1,0.00,0.00
171.115,0.0,0.0,0.000,0.000,0.000,0.00,-1.0,0.0,0,1,0,0,0,-1,0.00,0.00
171.181,0.0,0.0,0.000,0.000,0.000,0.00,-1.0,0.0,0,1,0,0,0,-1,0.00,0.00
171.232,0.0,0.0,0.000,0.000,0.000,0.00,-1.0,0.0,0,1,0,0,0,-1,0.00,0.00
171.282,0.0,0.0,0.000,0.000,0.000,0.00,-1.0,0.0,0,1,0,0,0,-1,0.00,0.00
171.333,0.0,0.0,0.000,0.000,0.000,0.00,-1.0,0.0,0,1,0,0,0,-1,0.00,0.00
171.398,0.0,0.0,0.000,0.000,0.000,0.00,-1.0,0.0,0,1,0,0,0,-1,0.00,0.00
171.466,0.0,0.0,0.000,0.000,0.000,0.00,-1.0,0.0,0,1,0,0,0,-1,0.00,0.00
171.531,0.0,0.0,0.000,0.000,0.000,0.00,-1.0,0.0,0,1,0,0,0,-1,0.00,0.00
171.582,0.0,0.0,0.000,0.000,0.000,0.00,-1.0,0.0,0,1,0,0,0,-1,0.00,0.00
171.648,0.0,0.0,0.000,0.000,0.000,0.00,-1.0,0.0,0,1,0,0,0,-1,0.00,0.00
171.698,0.0,0.0,0.000,0.000,0.000,0.00,-1.0,0.0,0,1,0,0,0,-1,0.00,0.00
171.766,0.0,0.0,0.000,0.000,0.000,0.00,-1.0,0.0,0,1,0,0,0,-1,0.00,0.00
171.832,0.0,0.0,0.000,0.000,0.000,0.00,-1.0,0.0,0,1,0,0,0,-1,0.00,0.00
171.904,0.0,0.0,0.000,0.000,0.000,0.00,-1.0,0.0,0,1,0,0,0,-1,0.00,0.00
171.965,0.0,0.0,0.000,0.000,0.000,0.00,-1.0,0.0,0,1,0,0,0,-1,0.00,0.00
172.032,0.0,0.0,0.000,0.000,0.000,0.00,-1.0,0.0,0,1,0,0,0,-1,0.00,0.00
172.100,0.0,0.0,0.000,0.000,0.000,0.00,-1.0,0.0,0,1,0,0,0,-1,0.00,0.00
172.167,0.0,0.0,0.000,0.000,0.000,0.00,-1.0,0.0,0,1,0,0,0,-1,0.00,0.00
172.232,0.0,0.0,0.000,0.000,0.000,0.00,-1.0,0.0,0,1,0,0,0,-1,0.00,0.00
172.298,0.0,0.0,0.000,0.000,0.000,0.00,-1.0,0.0,0,1,0,0,0,-1,0.00,0.00
172.349,0.0,0.0,0.000,0.000,0.000,0.00,-1.0,0.0,0,1,0,0,0,-1,0.00,0.00
172.400,0.0,0.0,0.000,0.000,0.000,0.00,-1.0,0.0,0,1,0,0,0,-1,0.00,0.00
172.464,0.0,0.0,0.000,0.000,0.000,0.00,-1.0,0.0,0,1,0,0,0,-1,0.00,0.00
172.514,0.0,0.0,0.000,0.000,0.000,0.00,-1.0,0.0,0,1,0,0,0,-1,0.00,0.00
172.566,0.0,0.0,0.000,0.000,0.000,0.00,-1.0,0.0,0,1,0,0,0,-1,0.00,0.00
172.632,0.0,0.0,0.000,0.000,0.000,0.00,-1.0,0.0,0,1,0,0,0,-1,0.00,0.00
172.699,0.0,0.0,0.000,0.000,0.000,0.00,-1.0,0.0,0,1,0,0,0,-1,0.00,0.00
172.766,0.0,0.0,0.000,0.000,0.000,0.00,-1.0,0.0,0,1,0,0,0,-1,0.00,0.00
172.832,0.0,0.0,0.000,0.000,0.000,0.00,-1.0,0.0,0,1,0,0,0,-1,0.00,0.00
172.899,0.0,0.0,0.000,0.000,0.000,0.00,-1.0,0.0,0,1,0,0,0,-1,0.00,0.00
172.966,0.0,0.0,0.000,0.000,0.000,0.00,-1.0,0.0,0,1,0,0,0,-1,0.00,0.00
173.031,0.0,0.0,0.000,0.000,0.000,0.00,-1.0,0.0,0,1,0,0,0,-1,0.00,0.00
173.082,0.0,0.0,0.000,0.000,0.000,0.00,-1.0,0.0,0,1,0,0,0,-1,0.00,0.00
173.148,0.0,0.0,0.000,0.000,0.000,0.00,-1.0,0.0,0,1,0,0,0,-1,0.00,0.00
173.199,0.0,0.0,0.000,0.000,0.000,0.00,-1.0,0.0,0,1,0,0,0,-1,0.00,0.00
173.266,0.0,0.0,0.000,0.000,0.000,0.00,-1.0,0.0,0,1,0,0,0,-1,0.00,0.00
173.331,0.0,0.0,0.000,0.000,0.000,0.00,-1.0,0.0,0,1,0,0,0,-1,0.00,0.00
173.398,0.0,0.0,0.000,0.000,0.000,0.00,-1.0,0.0,0,1,0,0,0,-1,0.00,0.00
173.467,0.0,0.0,0.000,0.000,0.000,0.00,-1.0,0.0,0,1,0,0,0,-1,0.00,0.00
173.531,0.0,0.0,0.000,0.000,0.000,0.00,-1.0,0.0,0,1,0,0,0,-1,0.00,0.00
173.581,0.0,0.0,0.000,0.000,0.000,0.00,-1.0,0.0,0,1,0,0,0,-1,0.00,0.00
173.632,0.0,0.0,0.000,0.000,0.000,0.00,-1.0,0.0,0,1,0,0,0,-1,0.00,0.00
173.697,0.0,0.0,0.000,0.000,0.000,0.00,-1.0,0.0,0,1,0,0,0,-1,0.00,0.00
173.748,0.0,0.0,0.000,0.000,0.000,0.00,-1.0,0.0,0,1,0,0,0,-1,0.00,0.00
173.814,0.0,0.0,0.000,0.000,0.000,0.00,-1.0,0.0,0,1,0,0,0,-1,0.00,0.00
173.865,0.0,0.0,0.000,0.000,0.000,0.00,-1.0,0.0,0,1,0,0,0,-1,0.00,0.00
173.932,0.0,0.0,0.000,0.000,0.000,0.00,-1.0,0.0,0,1,0,0,0,-1,0.00,0.00
173.997,0.0,0.0,0.000,0.000,0.000,0.00,-1.0,0.0,0,1,0,0,0,-1,0.00,0.00
174.049,0.0,0.0,0.000,0.000,0.000,0.00,-1.0,0.0,0,1,0,0,0,-1,0.00,0.00
174.100,0.0,0.0,0.000,0.000,0.000,0.00,-1.0,0.0,0,1,0,0,0,-1,0.00,0.00
174.166,0.0,0.0,0.000,0.000,0.000,0.00,-1.0,0.0,0,1,0,0,0,-1,0.00,0.00
174.231,0.0,0.0,0.000,0.000,0.000,0.00,-1.0,0.0,0,1,0,0,0,-1,0.00,0.00
174.281,0.0,0.0,0.000,0.000,0.000,0.00,-1.0,0.0,0,1,0,0,0,-1,0.00,0.00
174.332,0.0,0.0,0.000,0.000,0.000,0.00,-1.0,0.0,0,1,0,0,0,-1,0.00,0.00
174.383,0.0,0.0,0.000,0.000,0.000,0.00,-1.0,0.0,0,1,0,0,0,-1,0.00,0.00
174.448,0.0,0.0,0.000,0.000,0.000,0.00,-1.0,0.0,0,1,0,0,0,-1,0.00,0.00
174.499,0.0,0.0,0.000,0.000,0.000,0.00,-1.0,0.0,0,1,0,0,0,-1,0.00,0.00
174.551,0.0,0.0,0.000,0.000,0.000,0.00,-1.0,0.0,0,1,0,0,0,-1,0.00,0.00
174.615,0.0,0.0,0.000,0.000,0.000,0.00,-1.0,0.0,0,1,0,0,0,-1,0.00,0.00
174.666,0.0,0.0,0.000,0.000,0.000,0.00,-1.0,0.0,0,1,0,0,0,-1,0.00,0.00
174.716,0.0,0.0,0.000,0.000,0.000,0.00,-1.0,0.0,0,1,0,0,0,-1,0.00,0.00
174.780,0.0,0.0,0.000,0.000,0.000,0.00,-1.0,0.0,0,1,0,0,0,-1,0.00,0.00
174.832,0.0,0.0,0.000,0.000,0.000,0.00,-1.0,0.0,0,1,0,0,0,-1,0.00,0.00
174.897,0.0,0.0,0.000,0.000,0.000,0.00,-1.0,0.0,0,1,0,0,0,-1,0.00,0.00
174.948,0.0,0.0,0.000,0.000,0.000,0.00,-1.0,0.0,0,1,0,0,0,-1,0.00,0.00
174.999,0.0,0.0,0.000,0.000,0.000,0.00,-1.0,0.0,0,1,0,0,0,-1,0.00,0.00
175.066,0.0,0.0,0.000,0.000,0.000,0.00,-1.0,0.0,0,1,0,0,0,-1,0.00,0.00
175.131,0.0,0.0,0.000,0.000,0.000,0.00,-1.0,0.0,0,1,0,0,0,-1,0.00,0.00
175.182,0.0,0.0,0.000,0.000,0.000,0.00,-1.0,0.0,0,1,0,0,0,-1,0.00,0.00
175.249,0.0,0.0,0.000,0.000,0.000,0.00,-1.0,0.0,0,1,0,0,0,-1,0.00,0.00
175.300,0.0,0.0,0.000,0.000,0.000,0.00,-1.0,0.0,0,1,0,0,0,-1,0.00,0.00
175.366,0.0,0.0,0.000,0.000,0.000,0.00,-1.0,0.0,0,1,0,0,0,-1,0.00,0.00
175.432,0.0,0.0,0.000,0.000,0.000,0.00,-1.0,0.0,0,1,0,0,0,-1,0.00,0.00
175.497,0.0,0.0,0.000,0.000,0.000,0.00,-1.0,0.0,0,1,0,0,0,-1,0.00,0.00
175.549,0.0,0.0,0.000,0.000,0.000,0.00,-1.0,0.0,0,1,0,0,0,-1,0.00,0.00
175.599,0.0,0.0,0.000,0.000,0.000,0.00,-1.0,0.0,0,1,0,0,0,-1,0.00,0.00
175.664,0.0,0.0,0.000,0.000,0.000,0.00,-1.0,0.0,0,1,0,0,0,-1,0.00,0.00
175.716,0.0,0.0,0.000,0.000,0.000,0.00,-1.0,0.0,0,1,0,0,0,-1,0.00,0.00
175.782,0.0,0.0,0.000,0.000,0.000,0.00,-1.0,0.0,0,1,0,0,0,-1,0.00,0.00
175.848,0.0,0.0,0.000,0.000,0.000,0.00,-1.0,0.0,0,1,0,0,0,-1,0.00,0.00
175.898,0.0,0.0,0.000,0.000,0.000,0.00,-1.0,0.0,0,1,0,0,0,-1,0.00,0.00
175.966,0.0,0.0,0.000,0.000,0.000,0.00,-1.0,0.0,0,1,0,0,0,-1,0.00,0.00
176.032,0.0,0.0,0.000,0.000,0.000,0.00,-1.0,0.0,0,1,0,0,0,-1,0.00,0.00
176.083,0.0,0.0,0.000,0.000,0.000,0.00,-1.0,0.0,0,1,0,0,0,-1,0.00,0.00
176.149,0.0,0.0,0.000,0.000,0.000,0.00,-1.0,0.0,0,1,0,0,0,-1,0.00,0.00
176.216,0.0,0.0,0.000,0.000,0.000,0.00,-1.0,0.0,0,1,0,0,0,-1,0.00,0.00
176.270,0.0,0.0,0.000,0.000,0.000,0.00,-1.0,0.0,0,1,0,0,0,-1,0.00,0.00
176.331,0.0,0.0,0.000,0.000,0.000,0.00,-1.0,0.0,0,1,0,0,0,-1,0.00,0.00
176.397,0.0,0.0,0.000,0.000,0.000,0.00,-1.0,0.0,0,1,0,0,0,-1,0.00,0.00
176.449,0.0,0.0,0.000,0.000,0.000,0.00,-1.0,0.0,0,1,0,0,0,-1,0.00,0.00
176.516,0.0,0.0,0.000,0.000,0.000,0.00,-1.0,0.0,0,1,0,0,0,-1,0.00,0.00
176.566,0.0,0.0,0.000,0.000,0.000,0.00,-1.0,0.0,0,1,0,0,0,-1,0.00,0.00
176.616,0.0,0.0,0.000,0.000,0.000,0.00,-1.0,0.0,0,1,0,0,0,-1,0.00,0.00
176.683,0.0,0.0,0.000,0.000,0.000,0.00,-1.0,0.0,0,1,0,0,0,-1,0.00,0.00
176.748,0.0,0.0,0.000,0.000,0.000,0.00,-1.0,0.0,0,1,0,0,0,-1,0.00,0.00
176.799,0.0,0.0,0.000,0.000,0.000,0.00,-1.0,0.0,0,1,0,0,0,-1,0.00,0.00
176.865,0.0,0.0,0.000,0.000,0.000,0.00,-1.0,0.0,0,1,0,0,0,-1,0.00,0.00
176.932,0.0,0.0,0.000,0.000,0.000,0.00,-1.0,0.0,0,1,0,0,0,-1,0.00,0.00
176.983,0.0,0.0,0.000,0.000,0.000,0.00,-1.0,0.0,0,1,0,0,0,-1,0.00,0.00
177.049,0.0,0.0,0.000,0.000,0.000,0.00,-1.0,0.0,0,1,0,0,0,-1,0.00,0.00
177.099,0.0,0.0,0.000,0.000,0.000,0.00,-1.0,0.0,0,1,0,0,0,-1,0.00,0.00
177.166,0.0,0.0,0.000,0.000,0.000,0.00,-1.0,0.0,0,1,0,0,0,-1,0.00,0.00
177.232,0.0,0.0,0.000,0.000,0.000,0.00,-1.0,0.0,0,1,0,0,0,-1,0.00,0.00
177.299,0.0,0.0,0.000,0.000,0.000,0.00,-1.0,0.0,0,1,0,0,0,-1,0.00,0.00
177.365,0.0,0.0,0.000,0.000,0.000,0.00,-1.0,0.0,0,1,0,0,0,-1,0.00,0.00
177.416,0.0,0.0,0.000,0.000,0.000,0.00,-1.0,0.0,0,1,0,0,0,-1,0.00,0.00
177.482,0.0,0.0,0.000,0.000,0.000,0.00,-1.0,0.0,0,1,0,0,0,-1,0.00,0.00
177.532,0.0,0.0,0.000,0.000,0.000,0.00,-1.0,0.0,0,1,0,0,0,-1,0.00,0.00
177.599,0.0,0.0,0.000,0.000,0.000,0.00,-1.0,0.0,0,1,0,0,0,-1,0.00,0.00
177.665,0.0,0.0,0.000,0.000,0.000,0.00,-1.0,0.0,0,1,0,0,0,-1,0.00,0.00
177.716,0.0,0.0,0.000,0.000,0.000,0.00,-1.0,0.0,0,1,0,0,0,-1,0.00,0.00
177.783,0.0,0.0,0.000,0.000,0.000,0.00,-1.0,0.0,0,1,0,0,0,-1,0.00,0.00
177.848,0.0,0.0,0.000,0.000,0.000,0.00,-1.0,0.0,0,1,0,0,0,-1,0.00,0.00
177.899,0.0,0.0,0.000,0.000,0.000,0.00,-1.0,0.0,0,1,0,0,0,-1,0.00,0.00
177.949,0.0,0.0,0.000,0.000,0.000,0.00,-1.0,0.0,0,1,0,0,0,-1,0.00,0.00
178.013,0.0,0.0,0.000,0.000,0.000,0.00,-1.0,0.0,0,1,0,0,0,-1,0.00,0.00
178.065,0.0,0.0,0.000,0.000,0.000,0.00,-1.0,0.0,0,1,0,0,0,-1,0.00,0.00
178.116,0.0,0.0,0.000,0.000,0.000,0.00,-1.0,0.0,0,1,0,0,0,-1,0.00,0.00
178.182,0.0,0.0,0.000,0.000,0.000,0.00,-1.0,0.0,0,1,0,0,0,-1,0.00,0.00
178.249,0.0,0.0,0.000,0.000,0.000,0.00,-1.0,0.0,0,1,0,0,0,-1,0.00,0.00
178.315,0.0,0.0,0.000,0.000,0.000,0.00,-1.0,0.0,0,1,0,0,0,-1,0.00,0.00
178.366,0.0,0.0,0.000,0.000,0.000,0.00,-1.0,0.0,0,1,0,0,0,-1,0.00,0.00
178.416,0.0,0.0,0.000,0.000,0.000,0.00,-1.0,0.0,0,1,0,0,0,-1,0.00,0.00
178.481,0.0,0.0,0.000,0.000,0.000,0.00,-1.0,0.0,0,1,0,0,0,-1,0.00,0.00
178.531,0.0,0.0,0.000,0.000,0.000,0.00,-1.0,0.0,0,1,0,0,0,-1,0.00,0.00
178.581,0.0,0.0,0.000,0.000,0.000,0.00,-1.0,0.0,0,1,0,0,0,-1,0.00,0.00
178.632,0.0,0.0,0.000,0.000,0.000,0.00,-1.0,0.0,0,1,0,0,0,-1,0.00,0.00
178.698,0.0,0.0,0.000,0.000,0.000,0.00,-1.0,0.0,0,1,0,0,0,-1,0.00,0.00
178.764,0.0,0.0,0.000,0.000,0.000,0.00,-1.0,0.0,0,1,0,0,0,-1,0.00,0.00
178.815,0.0,0.0,0.000,0.000,0.000,0.00,-1.0,0.0,0,1,0,0,0,-1,0.00,0.00
178.866,0.0,0.0,0.000,0.000,0.000,0.00,-1.0,0.0,0,1,0,0,0,-1,0.00,0.00
178.932,0.0,0.0,0.000,0.000,0.000,0.00,-1.0,0.0,0,1,0,0,0,-1,0.00,0.00
178.998,0.0,0.0,0.000,0.000,0.000,0.00,-1.0,0.0,0,1,0,0,0,-1,0.00,0.00
179.049,0.0,0.0,0.000,0.000,0.000,0.00,-1.0,0.0,0,1,0,0,0,-1,0.00,0.00
179.115,0.0,0.0,0.000,0.000,0.000,0.00,-1.0,0.0,0,1,0,0,0,-1,0.00,0.00
179.181,0.0,0.0,0.000,0.000,0.000,0.00,-1.0,0.0,0,1,0,0,0,-1,0.00,0.00
179.232,0.0,0.0,0.000,0.000,0.000,0.00,-1.0,0.0,0,1,0,0,0,-1,0.00,0.00
179.298,0.0,0.0,0.000,0.000,0.000,0.00,-1.0,0.0,0,1,0,0,0,-1,0.00,0.00
179.349,0.0,0.0,0.000,0.000,0.000,0.00,-1.0,0.0,0,1,0,0,0,-1,0.00,0.00
179.399,0.0,0.0,0.000,0.000,0.000,0.00,-1.0,0.0,0,1,0,0,0,-1,0.00,0.00
179.465,0.0,0.0,0.000,0.000,0.000,0.00,-1.0,0.0,0,1,0,0,0,-1,0.00,0.00
179.533,0.0,0.0,0.000,0.000,0.000,0.00,-1.0,0.0,0,1,0,0,0,-1,0.00,0.00
179.583,0.0,0.0,0.000,0.000,0.000,0.00,-1.0,0.0,0,1,0,0,0,-1,0.00,0.00
179.650,0.0,0.0,0.000,0.000,0.000,0.00,-1.0,0.0,0,1,0,0,0,-1,0.00,0.00
179.716,0.0,0.0,0.000,0.000,0.000,0.00,-1.0,0.0,0,1,0,0,0,-1,0.00,0.00
179.782,0.0,0.0,0.000,0.000,0.000,0.00,-1.0,0.0,0,1,0,0,0,-1,0.00,0.00
179.849,0.0,0.0,0.000,0.000,0.000,0.00,-1.0,0.0,0,1,0,0,0,-1,0.00,0.00
179.900,0.0,0.0,0.000,0.000,0.000,0.00,-1.0,0.0,0,1,0,0,0,-1,0.00,0.00
179.966,0.0,0.0,0.000,0.000,0.000,0.00,-1.0,0.0,0,1,0,0,0,-1,0.00,0.00
180.018,0.0,0.0,0.000,0.000,0.000,0.00,-1.0,0.0,0,1,0,0,0,-1,0.00,0.00
180.083,0.0,0.0,0.000,0.000,0.000,0.00,-1.0,0.0,0,1,0,0,0,-1,0.00,0.00
180.151,0.0,0.0,0.000,0.000,0.000,0.00,-1.0,0.0,0,1,0,0,0,-1,0.00,0.00
180.214,0.0,0.0,0.000,0.000,0.000,0.00,-1.0,0.0,0,1,0,0,0,-1,0.00,0.00
180.266,0.0,0.0,0.000,0.000,0.000,0.00,-1.0,0.0,0,1,0,0,0,-1,0.00,0.00
180.331,0.0,0.0,0.000,0.000,0.000,0.00,-1.0,0.0,0,1,0,0,0,-1,0.00,0.00
180.400,0.0,0.0,0.000,0.000,0.000,0.00,-1.0,0.0,0,1,0,0,0,-1,0.00,0.00
180.465,0.0,0.0,0.000,0.000,0.000,0.00,-1.0,0.0,0,1,0,0,0,-1,0.00,0.00
180.516,0.0,0.0,0.000,0.000,0.000,0.00,-1.0,0.0,0,1,0,0,0,-1,0.00,0.00
180.581,0.0,0.0,0.000,0.000,0.000,0.00,-1.0,0.0,0,1,0,0,0,-1,0.00,0.00
180.633,0.0,0.0,0.000,0.000,0.000,0.00,-1.0,0.0,0,1,0,0,0,-1,0.00,0.00
180.699,0.0,0.0,0.000,0.000,0.000,0.00,-1.0,0.0,0,1,0,0,0,-1,0.00,0.00
180.749,0.0,0.0,0.000,0.000,0.000,0.00,-1.0,0.0,0,1,0,0,0,-1,0.00,0.00
180.815,0.0,0.0,0.000,0.000,0.000,0.00,-1.0,0.0,0,1,0,0,0,-1,0.00,0.00
180.866,0.0,0.0,0.000,0.000,0.000,0.00,-1.0,0.0,0,1,0,0,0,-1,0.00,0.00
180.931,0.0,0.0,0.000,0.000,0.000,0.00,-1.0,0.0,0,1,0,0,0,-1,0.00,0.00
180.983,0.0,0.0,0.000,0.000,0.000,0.00,-1.0,0.0,0,1,0,0,0,-1,0.00,0.00
181.049,0.0,0.0,0.000,0.000,0.000,0.00,-1.0,0.0,0,1,0,0,0,-1,0.00,0.00
181.116,0.0,0.0,0.000,0.000,0.000,0.00,-1.0,0.0,0,1,0,0,0,-1,0.00,0.00
181.183,0.0,0.0,0.000,0.000,0.000,0.00,-1.0,0.0,0,1,0,0,0,-1,0.00,0.00
181.233,0.0,0.0,0.000,0.000,0.000,0.00,-1.0,0.0,0,1,0,0,0,-1,0.00,0.00
181.299,0.0,0.0,0.000,0.000,0.000,0.00,-1.0,0.0,0,1,0,0,0,-1,0.00,0.00
181.366,0.0,0.0,0.000,0.000,0.000,0.00,-1.0,0.0,0,1,0,0,0,-1,0.00,0.00
181.417,0.0,0.0,0.000,0.000,0.000,0.00,-1.0,0.0,0,1,0,0,0,-1,0.00,0.00
181.483,0.0,0.0,0.000,0.000,0.000,0.00,-1.0,0.0,0,1,0,0,0,-1,0.00,0.00
181.547,0.0,0.0,0.000,0.000,0.000,0.00,-1.0,0.0,0,1,0,0,0,-1,0.00,0.00
181.598,0.0,0.0,0.000,0.000,0.000,0.00,-1.0,0.0,0,1,0,0,0,-1,0.00,0.00
181.666,0.0,0.0,0.000,0.000,0.000,0.00,-1.0,0.0,0,1,0,0,0,-1,0.00,0.00
181.731,0.0,0.0,0.000,0.000,0.000,0.00,-1.0,0.0,0,1,0,0,0,-1,0.00,0.00
181.781,0.0,0.0,0.000,0.000,0.000,0.00,-1.0,0.0,0,1,0,0,0,-1,0.00,0.00
181.832,0.0,0.0,0.000,0.000,0.000,0.00,-1.0,0.0,0,1,0,0,0,-1,0.00,0.00
181.883,0.0,0.0,0.000,0.000,0.000,0.00,-1.0,0.0,0,1,0,0,0,-1,0.00,0.00
181.950,0.0,0.0,0.000,0.000,0.000,0.00,-1.0,0.0,0,1,0,0,0,-1,0.00,0.00
182.013,0.0,0.0,0.000,0.000,0.000,0.00,-1.0,0.0,0,1,0,0,0,-1,0.00,0.00
182.067,0.0,0.0,0.000,0.000,0.000,0.00,-1.0,0.0,0,1,0,0,0,-1,0.00,0.00
182.132,0.0,0.0,0.000,0.000,0.000,0.00,-1.0,0.0,0,1,0,0,0,-1,0.00,0.00
182.198,0.0,0.0,0.000,0.000,0.000,0.00,-1.0,0.0,0,1,0,0,0,-1,0.00,0.00
182.249,0.0,0.0,0.000,0.000,0.000,0.00,-1.0,0.0,0,1,0,0,0,-1,0.00,0.00
182.315,0.0,0.0,0.000,0.000,0.000,0.00,-1.0,0.0,0,1,0,0,0,-1,0.00,0.00
182.366,0.0,0.0,0.000,0.000,0.000,0.00,-1.0,0.0,0,1,0,0,0,-1,0.00,0.00
182.432,0.0,0.0,0.000,0.000,0.000,0.00,-1.0,0.0,0,1,0,0,0,-1,0.00,0.00
182.485,0.0,0.0,0.000,0.000,0.000,0.00,-1.0,0.0,0,1,0,0,0,-1,0.00,0.00
182.549,0.0,0.0,0.000,0.000,0.000,0.00,-1.0,0.0,0,1,0,0,0,-1,0.00,0.00
182.615,0.0,0.0,0.000,0.000,0.000,0.00,-1.0,0.0,0,1,0,0,0,-1,0.00,0.00
182.667,0.0,0.0,0.000,0.000,0.000,0.00,-1.0,0.0,0,1,0,0,0,-1,0.00,0.00
182.732,0.0,0.0,0.000,0.000,0.000,0.00,-1.0,0.0,0,1,0,0,0,-1,0.00,0.00
182.798,0.0,0.0,0.000,0.000,0.000,0.00,-1.0,0.0,0,1,0,0,0,-1,0.00,0.00
182.866,0.0,0.0,0.000,0.000,0.000,0.00,-1.0,0.0,0,1,0,0,0,-1,0.00,0.00
182.931,0.0,0.0,0.000,0.000,0.000,0.00,-1.0,0.0,0,1,0,0,0,-1,0.00,0.00
182.983,0.0,0.0,0.000,0.000,0.000,0.00,-1.0,0.0,0,1,0,0,0,-1,0.00,0.00
183.047,0.0,0.0,0.000,0.000,0.000,0.00,-1.0,0.0,0,1,0,0,0,-1,0.00,0.00
183.098,0.0,0.0,0.000,0.000,0.000,0.00,-1.0,0.0,0,1,0,0,0,-1,0.00,0.00
183.149,0.0,0.0,0.000,0.000,0.000,0.00,-1.0,0.0,0,1,0,0,0,-1,0.00,0.00
183.216,0.0,0.0,0.000,0.000,0.000,0.00,-1.0,0.0,0,1,0,0,0,-1,0.00,0.00
183.282,0.0,0.0,0.000,0.000,0.000,0.00,-1.0,0.0,0,1,0,0,0,-1,0.00,0.00
183.348,0.0,0.0,0.000,0.000,0.000,0.00,-1.0,0.0,0,1,0,0,0,-1,0.00,0.00
183.399,0.0,0.0,0.000,0.000,0.000,0.00,-1.0,0.0,0,1,0,0,0,-1,0.00,0.00
183.449,0.0,0.0,0.000,0.000,0.000,0.00,-1.0,0.0,0,1,0,0,0,-1,0.00,0.00
183.517,0.0,0.0,0.000,0.000,0.000,0.00,-1.0,0.0,0,1,0,0,0,-1,0.00,0.00
183.583,0.0,0.0,0.000,0.000,0.000,0.00,-1.0,0.0,0,1,0,0,0,-1,0.00,0.00
183.648,0.0,0.0,0.000,0.000,0.000,0.00,-1.0,0.0,0,1,0,0,0,-1,0.00,0.00
183.700,0.0,0.0,0.000,0.000,0.000,0.00,-1.0,0.0,0,1,0,0,0,-1,0.00,0.00
183.765,0.0,0.0,0.000,0.000,0.000,0.00,-1.0,0.0,0,1,0,0,0,-1,0.00,0.00
183.815,0.0,0.0,0.000,0.000,0.000,0.00,-1.0,0.0,0,1,0,0,0,-1,0.00,0.00
183.881,0.0,0.0,0.000,0.000,0.000,0.00,-1.0,0.0,0,1,0,0,0,-1,0.00,0.00
183.934,0.0,0.0,0.000,0.000,0.000,0.00,-1.0,0.0,0,1,0,0,0,-1,0.00,0.00
183.998,0.0,0.0,0.000,0.000,0.000,0.00,-1.0,0.0,0,1,0,0,0,-1,0.00,0.00
184.049,0.0,0.0,0.000,0.000,0.000,0.00,-1.0,0.0,0,1,0,0,0,-1,0.00,0.00
184.116,0.0,0.0,0.000,0.000,0.000,0.00,-1.0,0.0,0,1,0,0,0,-1,0.00,0.00
184.167,0.0,0.0,0.000,0.000,0.000,0.00,-1.0,0.0,0,1,0,0,0,-1,0.00,0.00
184.232,0.0,0.0,0.000,0.000,0.000,0.00,-1.0,0.0,0,1,0,0,0,-1,0.00,0.00
184.300,0.0,0.0,0.000,0.000,0.000,0.00,-1.0,0.0,0,1,0,0,0,-1,0.00,0.00
184.364,0.0,0.0,0.000,0.000,0.000,0.00,-1.0,0.0,0,1,0,0,0,-1,0.00,0.00
184.415,0.0,0.0,0.000,0.000,0.000,0.00,-1.0,0.0,0,1,0,0,0,-1,0.00,0.00
184.482,0.0,0.0,0.000,0.000,0.000,0.00,-1.0,0.0,0,1,0,0,0,-1,0.00,0.00
184.533,0.0,0.0,0.000,0.000,0.000,0.00,-1.0,0.0,0,1,0,0,0,-1,0.00,0.00
184.598,0.0,0.0,0.000,0.000,0.000,0.00,-1.0,0.0,0,1,0,0,0,-1,0.00,0.00
184.648,0.0,0.0,0.000,0.000,0.000,0.00,-1.0,0.0,0,1,0,0,0,-1,0.00,0.00
184.699,0.0,0.0,0.000,0.000,0.000,0.00,-1.0,0.0,0,1,0,0,0,-1,0.00,0.00
184.765,0.0,0.0,0.000,0.000,0.000,0.00,-1.0,0.0,0,1,0,0,0,-1,0.00,0.00
184.815,0.0,0.0,0.000,0.000,0.000,0.00,-1.0,0.0,0,1,0,0,0,-1,0.00,0.00
184.866,0.0,0.0,0.000,0.000,0.000,0.00,-1.0,0.0,0,1,0,0,0,-1,0.00,0.00
184.931,0.0,0.0,0.000,0.000,0.000,0.00,-1.0,0.0,0,1,0,0,0,-1,0.00,0.00
184.999,0.0,0.0,0.000,0.000,0.000,0.00,-1.0,0.0,0,1,0,0,0,-1,0.00,0.00
185.049,0.0,0.0,0.000,0.000,0.000,0.00,-1.0,0.0,0,1,0,0,0,-1,0.00,0.00
185.117,0.0,0.0,0.000,0.000,0.000,0.00,-1.0,0.0,0,1,0,0,0,-1,0.00,0.00
185.170,0.0,0.0,0.000,0.000,0.000,0.00,-1.0,0.0,0,1,0,0,0,-1,0.00,0.00
185.233,0.0,0.0,0.000,0.000,0.000,0.00,-1.0,0.0,0,1,0,0,0,-1,0.00,0.00
185.298,0.0,0.0,0.000,0.000,0.000,0.00,-1.0,0.0,0,1,0,0,0,-1,0.00,0.00
185.364,0.0,0.0,0.000,0.000,0.000,0.00,-1.0,0.0,0,1,0,0,0,-1,0.00,0.00
185.415,0.0,0.0,0.000,0.000,0.000,0.00,-1.0,0.0,0,1,0,0,0,-1,0.00,0.00
185.481,0.0,0.0,0.000,0.000,0.000,0.00,-1.0,0.0,0,1,0,0,0,-1,0.00,0.00
185.532,0.0,0.0,0.000,0.000,0.000,0.00,-1.0,0.0,0,1,0,0,0,-1,0.00,0.00
185.601,0.0,0.0,0.000,0.000,0.000,0.00,-1.0,0.0,0,1,0,0,0,-1,0.00,0.00
185.664,0.0,0.0,0.000,0.000,0.000,0.00,-1.0,0.0,0,1,0,0,0,-1,0.00,0.00
185.715,0.0,0.0,0.000,0.000,0.000,0.00,-1.0,0.0,0,1,0,0,0,-1,0.00,0.00
185.782,0.0,0.0,0.000,0.000,0.000,0.00,-1.0,0.0,0,1,0,0,0,-1,0.00,0.00
185.833,0.0,0.0,0.000,0.000,0.000,0.00,-1.0,0.0,0,1,0,0,0,-1,0.00,0.00
185.898,0.0,0.0,0.000,0.000,0.000,0.00,-1.0,0.0,0,1,0,0,0,-1,0.00,0.00
185.967,0.0,0.0,0.000,0.000,0.000,0.00,-1.0,0.0,0,1,0,0,0,-1,0.00,0.00
186.032,0.0,0.0,0.000,0.000,0.000,0.00,-1.0,0.0,0,1,0,0,0,-1,0.00,0.00
186.100,0.0,0.0,0.000,0.000,0.000,0.00,-1.0,0.0,0,1,0,0,0,-1,0.00,0.00
186.165,0.0,0.0,0.000,0.000,0.000,0.00,-1.0,0.0,0,1,0,0,0,-1,0.00,0.00
186.232,0.0,0.0,0.000,0.000,0.000,0.00,-1.0,0.0,0,1,0,0,0,-1,0.00,0.00
186.282,0.0,0.0,0.000,0.000,0.000,0.00,-1.0,0.0,0,1,0,0,0,-1,0.00,0.00
186.348,0.0,0.0,0.000,0.000,0.000,0.00,-1.0,0.0,0,1,0,0,0,-1,0.00,0.00
186.399,0.0,0.0,0.000,0.000,0.000,0.00,-1.0,0.0,0,1,0,0,0,-1,0.00,0.00
186.465,0.0,0.0,0.000,0.000,0.000,0.00,-1.0,0.0,0,1,0,0,0,-1,0.00,0.00
186.532,0.0,0.0,0.000,0.000,0.000,0.00,-1.0,0.0,0,1,0,0,0,-1,0.00,0.00
186.582,0.0,0.0,0.000,0.000,0.000,0.00,-1.0,0.0,0,1,0,0,0,-1,0.00,0.00
186.648,0.0,0.0,0.000,0.000,0.000,0.00,-1.0,0.0,0,1,0,0,0,-1,0.00,0.00
186.699,0.0,0.0,0.000,0.000,0.000,0.00,-1.0,0.0,0,1,0,0,0,-1,0.00,0.00
186.750,0.0,0.0,0.000,0.000,0.000,0.00,-1.0,0.0,0,1,0,0,0,-1,0.00,0.00
186.815,0.0,0.0,0.000,0.000,0.000,0.00,-1.0,0.0,0,1,0,0,0,-1,0.00,0.00
186.866,0.0,0.0,0.000,0.000,0.000,0.00,-1.0,0.0,0,1,0,0,0,-1,0.00,0.00
186.932,0.0,0.0,0.000,0.000,0.000,0.00,-1.0,0.0,0,1,0,0,0,-1,0.00,0.00
186.982,0.0,0.0,0.000,0.000,0.000,0.00,-1.0,0.0,0,1,0,0,0,-1,0.00,0.00
187.048,0.0,0.0,0.000,0.000,0.000,0.00,-1.0,0.0,0,1,0,0,0,-1,0.00,0.00
187.099,0.0,0.0,0.000,0.000,0.000,0.00,-1.0,0.0,0,1,0,0,0,-1,0.00,0.00
187.167,0.0,0.0,0.000,0.000,0.000,0.00,-1.0,0.0,0,1,0,0,0,-1,0.00,0.00
187.231,0.0,0.0,0.000,0.000,0.000,0.00,-1.0,0.0,0,1,0,0,0,-1,0.00,0.00
187.282,0.0,0.0,0.000,0.000,0.000,0.00,-1.0,0.0,0,1,0,0,0,-1,0.00,0.00
187.332,0.0,0.0,0.000,0.000,0.000,0.00,-1.0,0.0,0,1,0,0,0,-1,0.00,0.00
187.399,0.0,0.0,0.000,0.000,0.000,0.00,-1.0,0.0,0,1,0,0,0,-1,0.00,0.00
187.466,0.0,0.0,0.000,0.000,0.000,0.00,-1.0,0.0,0,1,0,0,0,-1,0.00,0.00
187.533,0.0,0.0,0.000,0.000,0.000,0.00,-1.0,0.0,0,1,0,0,0,-1,0.00,0.00
187.599,0.0,0.0,0.000,0.000,0.000,0.00,-1.0,0.0,0,1,0,0,0,-1,0.00,0.00
187.665,0.0,0.0,0.000,0.000,0.000,0.00,-1.0,0.0,0,1,0,0,0,-1,0.00,0.00
187.716,0.0,0.0,0.000,0.000,0.000,0.00,-1.0,0.0,0,1,0,0,0,-1,0.00,0.00
187.782,0.0,0.0,0.000,0.000,0.000,0.00,-1.0,0.0,0,1,0,0,0,-1,0.00,0.00
187.850,0.0,0.0,0.000,0.000,0.000,0.00,-1.0,0.0,0,1,0,0,0,-1,0.00,0.00
187.901,0.0,0.0,0.000,0.000,0.000,0.00,-1.0,0.0,0,1,0,0,0,-1,0.00,0.00
187.964,0.0,0.0,0.000,0.000,0.000,0.00,-1.0,0.0,0,1,0,0,0,-1,0.00,0.00
188.017,0.0,0.0,0.000,0.000,0.000,0.00,-1.0,0.0,0,1,0,0,0,-1,0.00,0.00
188.081,0.0,0.0,0.000,0.000,0.000,0.00,-1.0,0.0,0,1,0,0,0,-1,0.00,0.00
188.132,0.0,0.0,0.000,0.000,0.000,0.00,-1.0,0.0,0,1,0,0,0,-1,0.00,0.00
188.198,0.0,0.0,0.000,0.000,0.000,0.00,-1.0,0.0,0,1,0,0,0,-1,0.00,0.00
188.248,0.0,0.0,0.000,0.000,0.000,0.00,-1.0,0.0,0,1,0,0,0,-1,0.00,0.00
188.315,0.0,0.0,0.000,0.000,0.000,0.00,-1.0,0.0,0,1,0,0,0,-1,0.00,0.00
188.381,0.0,0.0,0.000,0.000,0.000,0.00,-1.0,0.0,0,1,0,0,0,-1,0.00,0.00
188.432,0.0,0.0,0.000,0.000,0.000,0.00,-1.0,0.0,0,1,0,0,0,-1,0.00,0.00
188.482,0.0,0.0,0.000,0.000,0.000,0.00,-1.0,0.0,0,1,0,0,0,-1,0.00,0.00
188.533,0.0,0.0,0.000,0.000,0.000,0.00,-1.0,0.0,0,1,0,0,0,-1,0.00,0.00
188.599,0.0,0.0,0.000,0.000,0.000,0.00,-1.0,0.0,0,1,0,0,0,-1,0.00,0.00
188.649,0.0,0.0,0.000,0.000,0.000,0.00,-1.0,0.0,0,1,0,0,0,-1,0.00,0.00
188.716,0.0,0.0,0.000,0.000,0.000,0.00,-1.0,0.0,0,1,0,0,0,-1,0.00,0.00
188.781,0.0,0.0,0.000,0.000,0.000,0.00,-1.0,0.0,0,1,0,0,0,-1,0.00,0.00
188.850,0.0,0.0,0.000,0.000,0.000,0.00,-1.0,0.0,0,1,0,0,0,-1,0.00,0.00
188.915,0.0,0.0,0.000,0.000,0.000,0.00,-1.0,0.0,0,1,0,0,0,-1,0.00,0.00
188.982,0.0,0.0,0.000,0.000,0.000,0.00,-1.0,0.0,0,1,0,0,0,-1,0.00,0.00
189.032,0.0,0.0,0.000,0.000,0.000,0.00,-1.0,0.0,0,1,0,0,0,-1,0.00,0.00
189.099,0.0,0.0,0.000,0.000,0.000,0.00,-1.0,0.0,0,1,0,0,0,-1,0.00,0.00
189.165,0.0,0.0,0.000,0.000,0.000,0.00,-1.0,0.0,0,1,0,0,0,-1,0.00,0.00
189.216,0.0,0.0,0.000,0.000,0.000,0.00,-1.0,0.0,0,1,0,0,0,-1,0.00,0.00
189.282,0.0,0.0,0.000,0.000,0.000,0.00,-1.0,0.0,0,1,0,0,0,-1,0.00,0.00
189.334,0.0,0.0,0.000,0.000,0.000,0.00,-1.0,0.0,0,1,0,0,0,-1,0.00,0.00
189.398,0.0,0.0,0.000,0.000,0.000,0.00,-1.0,0.0,0,1,0,0,0,-1,0.00,0.00
189.449,0.0,0.0,0.000,0.000,0.000,0.00,-1.0,0.0,0,1,0,0,0,-1,0.00,0.00
189.515,0.0,0.0,0.000,0.000,0.000,0.00,-1.0,0.0,0,1,0,0,0,-1,0.00,0.00
189.565,0.0,0.0,0.000,0.000,0.000,0.00,-1.0,0.0,0,1,0,0,0,-1,0.00,0.00
189.632,0.0,0.0,0.000,0.000,0.000,0.00,-1.0,0.0,0,1,0,0,0,-1,0.00,0.00
189.682,0.0,0.0,0.000,0.000,0.000,0.00,-1.0,0.0,0,1,0,0,0,-1,0.00,0.00
189.750,0.0,0.0,0.000,0.000,0.000,0.00,-1.0,0.0,0,1,0,0,0,-1,0.00,0.00
189.815,0.0,0.0,0.000,0.000,0.000,0.00,-1.0,0.0,0,1,0,0,0,-1,0.00,0.00
189.882,0.0,0.0,0.000,0.000,0.000,0.00,-1.0,0.0,0,1,0,0,0,-1,0.00,0.00
189.932,0.0,0.0,0.000,0.000,0.000,0.00,-1.0,0.0,0,1,0,0,0,-1,0.00,0.00
189.998,0.0,0.0,0.000,0.000,0.000,0.00,-1.0,0.0,0,1,0,0,0,-1,0.00,0.00
190.048,0.0,0.0,0.000,0.000,0.000,0.00,-1.0,0.0,0,1,0,0,0,-1,0.00,0.00
190.101,0.0,0.0,0.000,0.000,0.000,0.00,-1.0,0.0,0,1,0,0,0,-1,0.00,0.00
190.167,0.0,0.0,0.000,0.000,0.000,0.00,-1.0,0.0,0,1,0,0,0,-1,0.00,0.00
190.234,0.0,0.0,0.000,0.000,0.000,0.00,-1.0,0.0,0,1,0,0,0,-1,0.00,0.00
190.300,0.0,0.0,0.000,0.000,0.000,0.00,-1.0,0.0,0,1,0,0,0,-1,0.00,0.00
190.366,0.0,0.0,0.000,0.000,0.000,0.00,-1.0,0.0,0,1,0,0,0,-1,0.00,0.00
190.432,0.0,0.0,0.000,0.000,0.000,0.00,-1.0,0.0,0,1,0,0,0,-1,0.00,0.00
190.482,0.0,0.0,0.000,0.000,0.000,0.00,-1.0,0.0,0,1,0,0,0,-1,0.00,0.00
190.533,0.0,0.0,0.000,0.000,0.000,0.00,-1.0,0.0,0,1,0,0,0,-1,0.00,0.00
190.599,0.0,0.0,0.000,0.000,0.000,0.00,-1.0,0.0,0,1,0,0,0,-1,0.00,0.00
190.649,0.0,0.0,0.000,0.000,0.000,0.00,-1.0,0.0,0,1,0,0,0,-1,0.00,0.00
190.702,0.0,0.0,0.000,0.000,0.000,0.00,-1.0,0.0,0,1,0,0,0,-1,0.00,0.00
190.765,0.0,0.0,0.000,0.000,0.000,0.00,-1.0,0.0,0,1,0,0,0,-1,0.00,0.00
190.816,0.0,0.0,0.000,0.000,0.000,0.00,-1.0,0.0,0,1,0,0,0,-1,0.00,0.00
190.881,0.0,0.0,0.000,0.000,0.000,0.00,-1.0,0.0,0,1,0,0,0,-1,0.00,0.00
190.933,0.0,0.0,0.000,0.000,0.000,0.00,-1.0,0.0,0,1,0,0,0,-1,0.00,0.00
190.983,0.0,0.0,0.000,0.000,0.000,0.00,-1.0,0.0,0,1,0,0,0,-1,0.00,0.00
191.049,0.0,0.0,0.000,0.000,0.000,0.00,-1.0,0.0,0,1,0,0,0,-1,0.00,0.00
191.100,0.0,0.0,0.000,0.000,0.000,0.00,-1.0,0.0,0,1,0,0,0,-1,0.00,0.00
191.165,0.0,0.0,0.000,0.000,0.000,0.00,-1.0,0.0,0,1,0,0,0,-1,0.00,0.00
191.231,0.0,0.0,0.000,0.000,0.000,0.00,-1.0,0.0,0,1,0,0,0,-1,0.00,0.00
191.282,0.0,0.0,0.000,0.000,0.000,0.00,-1.0,0.0,0,1,0,0,0,-1,0.00,0.00
191.333,0.0,0.0,0.000,0.000,0.000,0.00,-1.0,0.0,0,1,0,0,0,-1,0.00,0.00
191.398,0.0,0.0,0.000,0.000,0.000,0.00,-1.0,0.0,0,1,0,0,0,-1,0.00,0.00
191.449,0.0,0.0,0.000,0.000,0.000,0.00,-1.0,0.0,0,1,0,0,0,-1,0.00,0.00
191.499,0.0,0.0,0.000,0.000,0.000,0.00,-1.0,0.0,0,1,0,0,0,-1,0.00,0.00
191.565,0.0,0.0,0.000,0.000,0.000,0.00,-1.0,0.0,0,1,0,0,0,-1,0.00,0.00
191.616,0.0,0.0,0.000,0.000,0.000,0.00,-1.0,0.0,0,1,0,0,0,-1,0.00,0.00
191.682,0.0,0.0,0.000,0.000,0.000,0.00,-1.0,0.0,0,1,0,0,0,-1,0.00,0.00
191.735,0.0,0.0,0.000,0.000,0.000,0.00,-1.0,0.0,0,1,0,0,0,-1,0.00,0.00
191.799,0.0,0.0,0.000,0.000,0.000,0.00,-1.0,0.0,0,1,0,0,0,-1,0.00,0.00
191.849,0.0,0.0,0.000,0.000,0.000,0.00,-1.0,0.0,0,1,0,0,0,-1,0.00,0.00
191.901,0.0,0.0,0.000,0.000,0.000,0.00,-1.0,0.0,0,1,0,0,0,-1,0.00,0.00
191.967,0.0,0.0,0.000,0.000,0.000,0.00,-1.0,0.0,0,1,0,0,0,-1,0.00,0.00
192.031,0.0,0.0,0.000,0.000,0.000,0.00,-1.0,0.0,0,1,0,0,0,-1,0.00,0.00
192.102,0.0,0.0,0.000,0.000,0.000,0.00,-1.0,0.0,0,1,0,0,0,-1,0.00,0.00
192.165,0.0,0.0,0.000,0.000,0.000,0.00,-1.0,0.0,0,1,0,0,0,-1,0.00,0.00
192.216,0.0,0.0,0.000,0.000,0.000,0.00,-1.0,0.0,0,1,0,0,0,-1,0.00,0.00
192.282,0.0,0.0,0.000,0.000,0.000,0.00,-1.0,0.0,0,1,0,0,0,-1,0.00,0.00
192.350,0.0,0.0,0.000,0.000,0.000,0.00,-1.0,0.0,0,1,0,0,0,-1,0.00,0.00
192.416,0.0,0.0,0.000,0.000,0.000,0.00,-1.0,0.0,0,1,0,0,0,-1,0.00,0.00
192.483,0.0,0.0,0.000,0.000,0.000,0.00,-1.0,0.0,0,1,0,0,0,-1,0.00,0.00
192.551,0.0,0.0,0.000,0.000,0.000,0.00,-1.0,0.0,0,1,0,0,0,-1,0.00,0.00
192.615,0.0,0.0,0.000,0.000,0.000,0.00,-1.0,0.0,0,1,0,0,0,-1,0.00,0.00
192.665,0.0,0.0,0.000,0.000,0.000,0.00,-1.0,0.0,0,1,0,0,0,-1,0.00,0.00
192.731,0.0,0.0,0.000,0.000,0.000,0.00,-1.0,0.0,0,1,0,0,0,-1,0.00,0.00
192.782,0.0,0.0,0.000,0.000,0.000,0.00,-1.0,0.0,0,1,0,0,0,-1,0.00,0.00
192.848,0.0,0.0,0.000,0.000,0.000,0.00,-1.0,0.0,0,1,0,0,0,-1,0.00,0.00
192.900,0.0,0.0,0.000,0.000,0.000,0.00,-1.0,0.0,0,1,0,0,0,-1,0.00,0.00
192.966,0.0,0.0,0.000,0.000,0.000,0.00,-1.0,0.0,0,1,0,0,0,-1,0.00,0.00
193.017,0.0,0.0,0.000,0.000,0.000,0.00,-1.0,0.0,0,1,0,0,0,-1,0.00,0.00
193.067,0.0,0.0,0.000,0.000,0.000,0.00,-1.0,0.0,0,1,0,0,0,-1,0.00,0.00
193.134,0.0,0.0,0.000,0.000,0.000,0.00,-1.0,0.0,0,1,0,0,0,-1,0.00,0.00
193.199,0.0,0.0,0.000,0.000,0.000,0.00,-1.0,0.0,0,1,0,0,0,-1,0.00,0.00
193.249,0.0,0.0,0.000,0.000,0.000,0.00,-1.0,0.0,0,1,0,0,0,-1,0.00,0.00
193.316,0.0,0.0,0.000,0.000,0.000,0.00,-1.0,0.0,0,1,0,0,0,-1,0.00,0.00
193.382,0.0,0.0,0.000,0.000,0.000,0.00,-1.0,0.0,0,1,0,0,0,-1,0.00,0.00
193.433,0.0,0.0,0.000,0.000,0.000,0.00,-1.0,0.0,0,1,0,0,0,-1,0.00,0.00
193.498,0.0,0.0,0.000,0.000,0.000,0.00,-1.0,0.0,0,1,0,0,0,-1,0.00,0.00
193.549,0.0,0.0,0.000,0.000,0.000,0.00,-1.0,0.0,0,1,0,0,0,-1,0.00,0.00
193.616,0.0,0.0,0.000,0.000,0.000,0.00,-1.0,0.0,0,1,0,0,0,-1,0.00,0.00
193.681,0.0,0.0,0.000,0.000,0.000,0.00,-1.0,0.0,0,1,0,0,0,-1,0.00,0.00
193.732,0.0,0.0,0.000,0.000,0.000,0.00,-1.0,0.0,0,1,0,0,0,-1,0.00,0.00
193.783,0.0,0.0,0.000,0.000,0.000,0.00,-1.0,0.0,0,1,0,0,0,-1,0.00,0.00
193.834,0.0,0.0,0.000,0.000,0.000,0.00,-1.0,0.0,0,1,0,0,0,-1,0.00,0.00
193.887,0.0,0.0,0.000,0.000,0.000,0.00,-1.0,0.0,0,1,0,0,0,-1,0.00,0.00
193.950,0.0,0.0,0.000,0.000,0.000,0.00,-1.0,0.0,0,1,0,0,0,-1,0.00,0.00
194.020,0.0,0.0,0.000,0.000,0.000,0.00,-1.0,0.0,0,1,0,0,0,-1,0.00,0.00
194.071,0.0,0.0,0.000,0.000,0.000,0.00,-1.0,0.0,0,1,0,0,0,-1,0.00,0.00
194.140,0.0,0.0,0.000,0.000,0.000,0.00,-1.0,0.0,0,1,0,0,0,-1,0.00,0.00
194.192,0.0,0.0,0.000,0.000,0.000,0.00,-1.0,0.0,0,1,0,0,0,-1,0.00,0.00
194.260,0.0,0.0,0.000,0.000,0.000,0.00,-1.0,0.0,0,1,0,0,0,-1,0.00,0.00
194.326,0.0,0.0,0.000,0.000,0.000,0.00,-1.0,0.0,0,1,0,0,0,-1,0.00,0.00
194.376,0.0,0.0,0.000,0.000,0.000,0.00,-1.0,0.0,0,1,0,0,0,-1,0.00,0.00
194.426,0.0,0.0,0.000,0.000,0.000,0.00,-1.0,0.0,0,1,0,0,0,-1,0.00,0.00
194.493,0.0,0.0,0.000,0.000,0.000,0.00,-1.0,0.0,0,1,0,0,0,-1,0.00,0.00
194.543,0.0,0.0,0.000,0.000,0.000,0.00,-1.0,0.0,0,1,0,0,0,-1,0.00,0.00
194.610,0.0,0.0,0.000,0.000,0.000,0.00,-1.0,0.0,0,1,0,0,0,-1,0.00,0.00
194.676,0.0,0.0,0.000,0.000,0.000,0.00,-1.0,0.0,0,1,0,0,0,-1,0.00,0.00
194.742,0.0,0.0,0.000,0.000,0.000,0.00,-1.0,0.0,0,1,0,0,0,-1,0.00,0.00
194.810,0.0,0.0,0.000,0.000,0.000,0.00,-1.0,0.0,0,1,0,0,0,-1,0.00,0.00
194.876,0.0,0.0,0.000,0.000,0.000,0.00,-1.0,0.0,0,1,0,0,0,-1,0.00,0.00
194.942,0.0,0.0,0.000,0.000,0.000,0.00,-1.0,0.0,0,1,0,0,0,-1,0.00,0.00
194.992,0.0,0.0,0.000,0.000,0.000,0.00,-1.0,0.0,0,1,0,0,0,-1,0.00,0.00
195.043,0.0,0.0,0.000,0.000,0.000,0.00,-1.0,0.0,0,1,0,0,0,-1,0.00,0.00
195.110,0.0,0.0,0.000,0.000,0.000,0.00,-1.0,0.0,0,1,0,0,0,-1,0.00,0.00
195.175,0.0,0.0,0.000,0.000,0.000,0.00,-1.0,0.0,0,1,0,0,0,-1,0.00,0.00
195.226,0.0,0.0,0.000,0.000,0.000,0.00,-1.0,0.0,0,1,0,0,0,-1,0.00,0.00
195.276,0.0,0.0,0.000,0.000,0.000,0.00,-1.0,0.0,0,1,0,0,0,-1,0.00,0.00
195.326,0.0,0.0,0.000,0.000,0.000,0.00,-1.0,0.0,0,1,0,0,0,-1,0.00,0.00
195.392,0.0,0.0,0.000,0.000,0.000,0.00,-1.0,0.0,0,1,0,0,0,-1,0.00,0.00
195.443,0.0,0.0,0.000,0.000,0.000,0.00,-1.0,0.0,0,1,0,0,0,-1,0.00,0.00
195.509,0.0,0.0,0.000,0.000,0.000,0.00,-1.0,0.0,0,1,0,0,0,-1,0.00,0.00
195.562,0.0,0.0,0.000,0.000,0.000,0.00,-1.0,0.0,0,1,0,0,0,-1,0.00,0.00
195.625,0.0,0.0,0.000,0.000,0.000,0.00,-1.0,0.0,0,1,0,0,0,-1,0.00,0.00
195.693,0.0,0.0,0.000,0.000,0.000,0.00,-1.0,0.0,0,1,0,0,0,-1,0.00,0.00
195.743,0.0,0.0,0.000,0.000,0.000,0.00,-1.0,0.0,0,1,0,0,0,-1,0.00,0.00
195.809,0.0,0.0,0.000,0.000,0.000,0.00,-1.0,0.0,0,1,0,0,0,-1,0.00,0.00
195.859,0.0,0.0,0.000,0.000,0.000,0.00,-1.0,0.0,0,1,0,0,0,-1,0.00,0.00
195.926,0.0,0.0,0.000,0.000,0.000,0.00,-1.0,0.0,0,1,0,0,0,-1,0.00,0.00
195.993,0.0,0.0,0.000,0.000,0.000,0.00,-1.0,0.0,0,1,0,0,0,-1,0.00,0.00
196.043,0.0,0.0,0.000,0.000,0.000,0.00,-1.0,0.0,0,1,0,0,0,-1,0.00,0.00
196.110,0.0,0.0,0.000,0.000,0.000,0.00,-1.0,0.0,0,1,0,0,0,-1,0.00,0.00
196.177,0.0,0.0,0.000,0.000,0.000,0.00,-1.0,0.0,0,1,0,0,0,-1,0.00,0.00
196.242,0.0,0.0,0.000,0.000,0.000,0.00,-1.0,0.0,0,1,0,0,0,-1,0.00,0.00
196.293,0.0,0.0,0.000,0.000,0.000,0.00,-1.0,0.0,0,1,0,0,0,-1,0.00,0.00
196.359,0.0,0.0,0.000,0.000,0.000,0.00,-1.0,0.0,0,1,0,0,0,-1,0.00,0.00
196.425,0.0,0.0,0.000,0.000,0.000,0.00,-1.0,0.0,0,1,0,0,0,-1,0.00,0.00
196.476,0.0,0.0,0.000,0.000,0.000,0.00,-1.0,0.0,0,1,0,0,0,-1,0.00,0.00
196.527,0.0,0.0,0.000,0.000,0.000,0.00,-1.0,0.0,0,1,0,0,0,-1,0.00,0.00
196.592,0.0,0.0,0.000,0.000,0.000,0.00,-1.0,0.0,0,1,0,0,0,-1,0.00,0.00
196.642,0.0,0.0,0.000,0.000,0.000,0.00,-1.0,0.0,0,1,0,0,0,-1,0.00,0.00
196.709,0.0,0.0,0.000,0.000,0.000,0.00,-1.0,0.0,0,1,0,0,0,-1,0.00,0.00
196.761,0.0,0.0,0.000,0.000,0.000,0.00,-1.0,0.0,0,1,0,0,0,-1,0.00,0.00
196.826,0.0,0.0,0.000,0.000,0.000,0.00,-1.0,0.0,0,1,0,0,0,-1,0.00,0.00
196.893,0.0,0.0,0.000,0.000,0.000,0.00,-1.0,0.0,0,1,0,0,0,-1,0.00,0.00
196.959,0.0,0.0,0.000,0.000,0.000,0.00,-1.0,0.0,0,1,0,0,0,-1,0.00,0.00
197.010,0.0,0.0,0.000,0.000,0.000,0.00,-1.0,0.0,0,1,0,0,0,-1,0.00,0.00
197.075,0.0,0.0,0.000,0.000,0.000,0.00,-1.0,0.0,0,1,0,0,0,-1,0.00,0.00
197.126,0.0,0.0,0.000,0.000,0.000,0.00,-1.0,0.0,0,1,0,0,0,-1,0.00,0.00
197.192,0.0,0.0,0.000,0.000,0.000,0.00,-1.0,0.0,0,1,0,0,0,-1,0.00,0.00
197.242,0.0,0.0,0.000,0.000,0.000,0.00,-1.0,0.0,0,1,0,0,0,-1,0.00,0.00
197.293,0.0,0.0,0.000,0.000,0.000,0.00,-1.0,0.0,0,1,0,0,0,-1,0.00,0.00
197.343,0.0,0.0,0.000,0.000,0.000,0.00,-1.0,0.0,0,1,0,0,0,-1,0.00,0.00
197.410,0.0,0.0,0.000,0.000,0.000,0.00,-1.0,0.0,0,1,0,0,0,-1,0.00,0.00
197.476,0.0,0.0,0.000,0.000,0.000,0.00,-1.0,0.0,0,1,0,0,0,-1,0.00,0.00
197.542,0.0,0.0,0.000,0.000,0.000,0.00,-1.0,0.0,0,1,0,0,0,-1,0.00,0.00
197.592,0.0,0.0,0.000,0.000,0.000,0.00,-1.0,0.0,0,1,0,0,0,-1,0.00,0.00
197.659,0.0,0.0,0.000,0.000,0.000,0.00,-1.0,0.0,0,1,0,0,0,-1,0.00,0.00
197.726,0.0,0.0,0.000,0.000,0.000,0.00,-1.0,0.0,0,1,0,0,0,-1,0.00,0.00
197.792,0.0,0.0,0.000,0.000,0.000,0.00,-1.0,0.0,0,1,0,0,0,-1,0.00,0.00
197.843,0.0,0.0,0.000,0.000,0.000,0.00,-1.0,0.0,0,1,0,0,0,-1,0.00,0.00
197.909,0.0,0.0,0.000,0.000,0.000,0.00,-1.0,0.0,0,1,0,0,0,-1,0.00,0.00
197.959,0.0,0.0,0.000,0.000,0.000,0.00,-1.0,0.0,0,1,0,0,0,-1,0.00,0.00
198.025,0.0,0.0,0.000,0.000,0.000,0.00,-1.0,0.0,0,1,0,0,0,-1,0.00,0.00
198.076,0.0,0.0,0.000,0.000,0.000,0.00,-1.0,0.0,0,1,0,0,0,-1,0.00,0.00
198.127,0.0,0.0,0.000,0.000,0.000,0.00,-1.0,0.0,0,1,0,0,0,-1,0.00,0.00
198.192,0.0,0.0,0.000,0.000,0.000,0.00,-1.0,0.0,0,1,0,0,0,-1,0.00,0.00
198.243,0.0,0.0,0.000,0.000,0.000,0.00,-1.0,0.0,0,1,0,0,0,-1,0.00,0.00
198.309,0.0,0.0,0.000,0.000,0.000,0.00,-1.0,0.0,0,1,0,0,0,-1,0.00,0.00
198.360,0.0,0.0,0.000,0.000,0.000,0.00,-1.0,0.0,0,1,0,0,0,-1,0.00,0.00
198.426,0.0,0.0,0.000,0.000,0.000,0.00,-1.0,0.0,0,1,0,0,0,-1,0.00,0.00
198.492,0.0,0.0,0.000,0.000,0.000,0.00,-1.0,0.0,0,1,0,0,0,-1,0.00,0.00
198.543,0.0,0.0,0.000,0.000,0.000,0.00,-1.0,0.0,0,1,0,0,0,-1,0.00,0.00
198.610,0.0,0.0,0.000,0.000,0.000,0.00,-1.0,0.0,0,1,0,0,0,-1,0.00,0.00
198.676,0.0,0.0,0.000,0.000,0.000,0.00,-1.0,0.0,0,1,0,0,0,-1,0.00,0.00
198.742,0.0,0.0,0.000,0.000,0.000,0.00,-1.0,0.0,0,1,0,0,0,-1,0.00,0.00
198.793,0.0,0.0,0.000,0.000,0.000,0.00,-1.0,0.0,0,1,0,0,0,-1,0.00,0.00
198.859,0.0,0.0,0.000,0.000,0.000,0.00,-1.0,0.0,0,1,0,0,0,-1,0.00,0.00
198.911,0.0,0.0,0.000,0.000,0.000,0.00,-1.0,0.0,0,1,0,0,0,-1,0.00,0.00
198.976,0.0,0.0,0.000,0.000,0.000,0.00,-1.0,0.0,0,1,0,0,0,-1,0.00,0.00
199.046,0.0,0.0,0.000,0.000,0.000,0.00,-1.0,0.0,0,1,0,0,0,-1,0.00,0.00
199.109,0.0,0.0,0.000,0.000,0.000,0.00,-1.0,0.0,0,1,0,0,0,-1,0.00,0.00
199.177,0.0,0.0,0.000,0.000,0.000,0.00,-1.0,0.0,0,1,0,0,0,-1,0.00,0.00
199.242,0.0,0.0,0.000,0.000,0.000,0.00,-1.0,0.0,0,1,0,0,0,-1,0.00,0.00
199.293,0.0,0.0,0.000,0.000,0.000,0.00,-1.0,0.0,0,1,0,0,0,-1,0.00,0.00
199.343,0.0,0.0,0.000,0.000,0.000,0.00,-1.0,0.0,0,1,0,0,0,-1,0.00,0.00
199.393,0.0,0.0,0.000,0.000,0.000,0.00,-1.0,0.0,0,1,0,0,0,-1,0.00,0.00
199.458,0.0,0.0,0.000,0.000,0.000,0.00,-1.0,0.0,0,1,0,0,0,-1,0.00,0.00
199.512,0.0,0.0,0.000,0.000,0.000,0.00,-1.0,0.0,0,1,0,0,0,-1,0.00,0.00
199.578,0.0,0.0,0.000,0.000,0.000,0.00,-1.0,0.0,0,1,0,0,0,-1,0.00,0.00
199.643,0.0,0.0,0.000,0.000,0.000,0.00,-1.0,0.0,0,1,0,0,0,-1,0.00,0.00
199.693,0.0,0.0,0.000,0.000,0.000,0.00,-1.0,0.0,0,1,0,0,0,-1,0.00,0.00
199.759,0.0,0.0,0.000,0.000,0.000,0.00,-1.0,0.0,0,1,0,0,0,-1,0.00,0.00
199.809,0.0,0.0,0.000,0.000,0.000,0.00,-1.0,0.0,0,1,0,0,0,-1,0.00,0.00
199.860,0.0,0.0,0.000,0.000,0.000,0.00,-1.0,0.0,0,1,0,0,0,-1,0.00,0.00
199.926,0.0,0.0,0.000,0.000,0.000,0.00,-1.0,0.0,0,1,0,0,0,-1,0.00,0.00
199.976,0.0,0.0,0.000,0.000,0.000,0.00,-1.0,0.0,0,1,0,0,0,-1,0.00,0.00
200.042,0.0,0.0,0.000,0.000,0.000,0.00,-1.0,0.0,0,1,0,0,0,-1,0.00,0.00
200.109,0.0,0.0,0.000,0.000,0.000,0.00,-1.0,0.0,0,1,0,0,0,-1,0.00,0.00
200.159,0.0,0.0,0.000,0.000,0.000,0.00,-1.0,0.0,0,1,0,0,0,-1,0.00,0.00
200.225,0.0,0.0,0.000,0.000,0.000,0.00,-1.0,0.0,0,1,0,0,0,-1,0.00,0.00
200.276,0.0,0.0,0.000,0.000,0.000,0.00,-1.0,0.0,0,1,0,0,0,-1,0.00,0.00
200.326,0.0,0.0,0.000,0.000,0.000,0.00,-1.0,0.0,0,1,0,0,0,-1,0.00,0.00
200.377,0.0,0.0,0.000,0.000,0.000,0.00,-1.0,0.0,0,1,0,0,0,-1,0.00,0.00
200.442,0.0,0.0,0.000,0.000,0.000,0.00,-1.0,0.0,0,1,0,0,0,-1,0.00,0.00
200.493,0.0,0.0,0.000,0.000,0.000,0.00,-1.0,0.0,0,1,0,0,0,-1,0.00,0.00
200.559,0.0,0.0,0.000,0.000,0.000,0.00,-1.0,0.0,0,1,0,0,0,-1,0.00,0.00
200.627,0.0,0.0,0.000,0.000,0.000,0.00,-1.0,0.0,0,1,0,0,0,-1,0.00,0.00
200.692,0.0,0.0,0.000,0.000,0.000,0.00,-1.0,0.0,0,1,0,0,0,-1,0.00,0.00
200.742,0.0,0.0,0.000,0.000,0.000,0.00,-1.0,0.0,0,1,0,0,0,-1,0.00,0.00
200.793,0.0,0.0,0.000,0.000,0.000,0.00,-1.0,0.0,0,1,0,0,0,-1,0.00,0.00
200.859,0.0,0.0,0.000,0.000,0.000,0.00,-1.0,0.0,0,1,0,0,0,-1,0.00,0.00
200.909,0.0,0.0,0.000,0.000,0.000,0.00,-1.0,0.0,0,1,0,0,0,-1,0.00,0.00
200.976,0.0,0.0,0.000,0.000,0.000,0.00,-1.0,0.0,0,1,0,0,0,-1,0.00,0.00
201.042,0.0,0.0,0.000,0.000,0.000,0.00,-1.0,0.0,0,1,0,0,0,-1,0.00,0.00
201.110,0.0,0.0,0.000,0.000,0.000,0.00,-1.0,0.0,0,1,0,0,0,-1,0.00,0.00
201.160,0.0,0.0,0.000,0.000,0.000,0.00,-1.0,0.0,0,1,0,0,0,-1,0.00,0.00
201.227,0.0,0.0,0.000,0.000,0.000,0.00,-1.0,0.0,0,1,0,0,0,-1,0.00,0.00
201.293,0.0,0.0,0.000,0.000,0.000,0.00,-1.0,0.0,0,1,0,0,0,-1,0.00,0.00
201.359,0.0,0.0,0.000,0.000,0.000,0.00,-1.0,0.0,0,1,0,0,0,-1,0.00,0.00
201.426,0.0,0.0,0.000,0.000,0.000,0.00,-1.0,0.0,0,1,0,0,0,-1,0.00,0.00
201.492,0.0,0.0,0.000,0.000,0.000,0.00,-1.0,0.0,0,1,0,0,0,-1,0.00,0.00
201.560,0.0,0.0,0.000,0.000,0.000,0.00,-1.0,0.0,0,1,0,0,0,-1,0.00,0.00
201.628,0.0,0.0,0.000,0.000,0.000,0.00,-1.0,0.0,0,1,0,0,0,-1,0.00,0.00
201.693,0.0,0.0,0.000,0.000,0.000,0.00,-1.0,0.0,0,1,0,0,0,-1,0.00,0.00
201.743,0.0,0.0,0.000,0.000,0.000,0.00,-1.0,0.0,0,1,0,0,0,-1,0.00,0.00
201.809,0.0,0.0,0.000,0.000,0.000,0.00,-1.0,0.0,0,1,0,0,0,-1,0.00,0.00
201.859,0.0,0.0,0.000,0.000,0.000,0.00,-1.0,0.0,0,1,0,0,0,-1,0.00,0.00
201.909,0.0,0.0,0.000,0.000,0.000,0.00,-1.0,0.0,0,1,0,0,0,-1,0.00,0.00
201.975,0.0,0.0,0.000,0.000,0.000,0.00,-1.0,0.0,0,1,0,0,0,-1,0.00,0.00
202.026,0.0,0.0,0.000,0.000,0.000,0.00,-1.0,0.0,0,1,0,0,0,-1,0.00,0.00
202.094,0.0,0.0,0.000,0.000,0.000,0.00,-1.0,0.0,0,1,0,0,0,-1,0.00,0.00
202.164,0.0,0.0,0.000,0.000,0.000,0.00,-1.0,0.0,0,1,0,0,0,-1,0.00,0.00
202.226,0.0,0.0,0.000,0.000,0.000,0.00,-1.0,0.0,0,1,0,0,0,-1,0.00,0.00
202.292,0.0,0.0,0.000,0.000,0.000,0.00,-1.0,0.0,0,1,0,0,0,-1,0.00,0.00
202.343,0.0,0.0,0.000,0.000,0.000,0.00,-1.0,0.0,0,1,0,0,0,-1,0.00,0.00
202.410,0.0,0.0,0.000,0.000,0.000,0.00,-1.0,0.0,0,1,0,0,0,-1,0.00,0.00
202.476,0.0,0.0,0.000,0.000,0.000,0.00,-1.0,0.0,0,1,0,0,0,-1,0.00,0.00
202.543,0.0,0.0,0.000,0.000,0.000,0.00,-1.0,0.0,0,1,0,0,0,-1,0.00,0.00
202.609,0.0,0.0,0.000,0.000,0.000,0.00,-1.0,0.0,0,1,0,0,0,-1,0.00,0.00
202.677,0.0,0.0,0.000,0.000,0.000,0.00,-1.0,0.0,0,1,0,0,0,-1,0.00,0.00
202.742,0.0,0.0,0.000,0.000,0.000,0.00,-1.0,0.0,0,1,0,0,0,-1,0.00,0.00
202.793,0.0,0.0,0.000,0.000,0.000,0.00,-1.0,0.0,0,1,0,0,0,-1,0.00,0.00
202.859,0.0,0.0,0.000,0.000,0.000,0.00,-1.0,0.0,0,1,0,0,0,-1,0.00,0.00
202.911,0.0,0.0,0.000,0.000,0.000,0.00,-1.0,0.0,0,1,0,0,0,-1,0.00,0.00
202.975,0.0,0.0,0.000,0.000,0.000,0.00,-1.0,0.0,0,1,0,0,0,-1,0.00,0.00
203.026,0.0,0.0,0.000,0.000,0.000,0.00,-1.0,0.0,0,1,0,0,0,-1,0.00,0.00
203.093,0.0,0.0,0.000,0.000,0.000,0.00,-1.0,0.0,0,1,0,0,0,-1,0.00,0.00
203.159,0.0,0.0,0.000,0.000,0.000,0.00,-1.0,0.0,0,1,0,0,0,-1,0.00,0.00
203.209,0.0,0.0,0.000,0.000,0.000,0.00,-1.0,0.0,0,1,0,0,0,-1,0.00,0.00
203.275,0.0,0.0,0.000,0.000,0.000,0.00,-1.0,0.0,0,1,0,0,0,-1,0.00,0.00
203.326,0.0,0.0,0.000,0.000,0.000,0.00,-1.0,0.0,0,1,0,0,0,-1,0.00,0.00
203.392,0.0,0.0,0.000,0.000,0.000,0.00,-1.0,0.0,0,1,0,0,0,-1,0.00,0.00
203.459,0.0,0.0,0.000,0.000,0.000,0.00,-1.0,0.0,0,1,0,0,0,-1,0.00,0.00
203.514,0.0,0.0,0.000,0.000,0.000,0.00,-1.0,0.0,0,1,0,0,0,-1,0.00,0.00
203.576,0.0,0.0,0.000,0.000,0.000,0.00,-1.0,0.0,0,1,0,0,0,-1,0.00,0.00
203.626,0.0,0.0,0.000,0.000,0.000,0.00,-1.0,0.0,0,1,0,0,0,-1,0.00,0.00
203.692,0.0,0.0,0.000,0.000,0.000,0.00,-1.0,0.0,0,1,0,0,0,-1,0.00,0.00
203.742,0.0,0.0,0.000,0.000,0.000,0.00,-1.0,0.0,0,1,0,0,0,-1,0.00,0.00
203.793,0.0,0.0,0.000,0.000,0.000,0.00,-1.0,0.0,0,1,0,0,0,-1,0.00,0.00
203.859,0.0,0.0,0.000,0.000,0.000,0.00,-1.0,0.0,0,1,0,0,0,-1,0.00,0.00
203.909,0.0,0.0,0.000,0.000,0.000,0.00,-1.0,0.0,0,1,0,0,0,-1,0.00,0.00
203.959,0.0,0.0,0.000,0.000,0.000,0.00,-1.0,0.0,0,1,0,0,0,-1,0.00,0.00
204.010,0.0,0.0,0.000,0.000,0.000,0.00,-1.0,0.0,0,1,0,0,0,-1,0.00,0.00
204.076,0.0,0.0,0.000,0.000,0.000,0.00,-1.0,0.0,0,1,0,0,0,-1,0.00,0.00
204.142,0.0,0.0,0.000,0.000,0.000,0.00,-1.0,0.0,0,1,0,0,0,-1,0.00,0.00
204.195,0.0,0.0,0.000,0.000,0.000,0.00,-1.0,0.0,0,1,0,0,0,-1,0.00,0.00
204.260,0.0,0.0,0.000,0.000,0.000,0.00,-1.0,0.0,0,1,0,0,0,-1,0.00,0.00
204.326,0.0,0.0,0.000,0.000,0.000,0.00,-1.0,0.0,0,1,0,0,0,-1,0.00,0.00
204.392,0.0,0.0,0.000,0.000,0.000,0.00,-1.0,0.0,0,1,0,0,0,-1,0.00,0.00
204.442,0.0,0.0,0.000,0.000,0.000,0.00,-1.0,0.0,0,1,0,0,0,-1,0.00,0.00
204.493,0.0,0.0,0.000,0.000,0.000,0.00,-1.0,0.0,0,1,0,0,0,-1,0.00,0.00
204.559,0.0,0.0,0.000,0.000,0.000,0.00,-1.0,0.0,0,1,0,0,0,-1,0.00,0.00
204.609,0.0,0.0,0.000,0.000,0.000,0.00,-1.0,0.0,0,1,0,0,0,-1,0.00,0.00
204.676,0.0,0.0,0.000,0.000,0.000,0.00,-1.0,0.0,0,1,0,0,0,-1,0.00,0.00
204.726,0.0,0.0,0.000,0.000,0.000,0.00,-1.0,0.0,0,1,0,0,0,-1,0.00,0.00
204.792,0.0,0.0,0.000,0.000,0.000,0.00,-1.0,0.0,0,1,0,0,0,-1,0.00,0.00
204.843,0.0,0.0,0.000,0.000,0.000,0.00,-1.0,0.0,0,1,0,0,0,-1,0.00,0.00
204.893,0.0,0.0,0.000,0.000,0.000,0.00,-1.0,0.0,0,1,0,0,0,-1,0.00,0.00
204.960,0.0,0.0,0.000,0.000,0.000,0.00,-1.0,0.0,0,1,0,0,0,-1,0.00,0.00
205.025,0.0,0.0,0.000,0.000,0.000,0.00,-1.0,0.0,0,1,0,0,0,-1,0.00,0.00
205.077,0.0,0.0,0.000,0.000,0.000,0.00,-1.0,0.0,0,1,0,0,0,-1,0.00,0.00
205.143,0.0,0.0,0.000,0.000,0.000,0.00,-1.0,0.0,0,1,0,0,0,-1,0.00,0.00
205.193,0.0,0.0,0.000,0.000,0.000,0.00,-1.0,0.0,0,1,0,0,0,-1,0.00,0.00
205.259,0.0,0.0,0.000,0.000,0.000,0.00,-1.0,0.0,0,1,0,0,0,-1,0.00,0.00
205.310,0.0,0.0,0.000,0.000,0.000,0.00,-1.0,0.0,0,1,0,0,0,-1,0.00,0.00
205.376,0.0,0.0,0.000,0.000,0.000,0.00,-1.0,0.0,0,1,0,0,0,-1,0.00,0.00
205.442,0.0,0.0,0.000,0.000,0.000,0.00,-1.0,0.0,0,1,0,0,0,-1,0.00,0.00
205.510,0.0,0.0,0.000,0.000,0.000,0.00,-1.0,0.0,0,1,0,0,0,-1,0.00,0.00
205.576,0.0,0.0,0.000,0.000,0.000,0.00,-1.0,0.0,0,1,0,0,0,-1,0.00,0.00
205.643,0.0,0.0,0.000,0.000,0.000,0.00,-1.0,0.0,0,1,0,0,0,-1,0.00,0.00
205.709,0.0,0.0,0.000,0.000,0.000,0.00,-1.0,0.0,0,1,0,0,0,-1,0.00,0.00
205.775,0.0,0.0,0.000,0.000,0.000,0.00,-1.0,0.0,0,1,0,0,0,-1,0.00,0.00
205.826,0.0,0.0,0.000,0.000,0.000,0.00,-1.0,0.0,0,1,0,0,0,-1,0.00,0.00
205.892,0.0,0.0,0.000,0.000,0.000,0.00,-1.0,0.0,0,1,0,0,0,-1,0.00,0.00
205.942,0.0,0.0,0.000,0.000,0.000,0.00,-1.0,0.0,0,1,0,0,0,-1,0.00,0.00
205.993,0.0,0.0,0.000,0.000,0.000,0.00,-1.0,0.0,0,1,0,0,0,-1,0.00,0.00
206.043,0.0,0.0,0.000,0.000,0.000,0.00,-1.0,0.0,0,1,0,0,0,-1,0.00,0.00
206.109,0.0,0.0,0.000,0.000,0.000,0.00,-1.0,0.0,0,1,0,0,0,-1,0.00,0.00
206.163,0.0,0.0,0.000,0.000,0.000,0.00,-1.0,0.0,0,1,0,0,0,-1,0.00,0.00
206.227,0.0,0.0,0.000,0.000,0.000,0.00,-1.0,0.0,0,1,0,0,0,-1,0.00,0.00
206.292,0.0,0.0,0.000,0.000,0.000,0.00,-1.0,0.0,0,1,0,0,0,-1,0.00,0.00
206.343,0.0,0.0,0.000,0.000,0.000,0.00,-1.0,0.0,0,1,0,0,0,-1,0.00,0.00
206.409,0.0,0.0,0.000,0.000,0.000,0.00,-1.0,0.0,0,1,0,0,0,-1,0.00,0.00
206.459,0.0,0.0,0.000,0.000,0.000,0.00,-1.0,0.0,0,1,0,0,0,-1,0.00,0.00
206.525,0.0,0.0,0.000,0.000,0.000,0.00,-1.0,0.0,0,1,0,0,0,-1,0.00,0.00
206.576,0.0,0.0,0.000,0.000,0.000,0.00,-1.0,0.0,0,1,0,0,0,-1,0.00,0.00
206.642,0.0,0.0,0.000,0.000,0.000,0.00,-1.0,0.0,0,1,0,0,0,-1,0.00,0.00
206.709,0.0,0.0,0.000,0.000,0.000,0.00,-1.0,0.0,0,1,0,0,0,-1,0.00,0.00
206.776,0.0,0.0,0.000,0.000,0.000,0.00,-1.0,0.0,0,1,0,0,0,-1,0.00,0.00
206.826,0.0,0.0,0.000,0.000,0.000,0.00,-1.0,0.0,0,1,0,0,0,-1,0.00,0.00
206.876,0.0,0.0,0.000,0.000,0.000,0.00,-1.0,0.0,0,1,0,0,0,-1,0.00,0.00
206.943,0.0,0.0,0.000,0.000,0.000,0.00,-1.0,0.0,0,1,0,0,0,-1,0.00,0.00
207.009,0.0,0.0,0.000,0.000,0.000,0.00,-1.0,0.0,0,1,0,0,0,-1,0.00,0.00
207.076,0.0,0.0,0.000,0.000,0.000,0.00,-1.0,0.0,0,1,0,0,0,-1,0.00,0.00
207.142,0.0,0.0,0.000,0.000,0.000,0.00,-1.0,0.0,0,1,0,0,0,-1,0.00,0.00
207.193,0.0,0.0,0.000,0.000,0.000,0.00,-1.0,0.0,0,1,0,0,0,-1,0.00,0.00
207.260,0.0,0.0,0.000,0.000,0.000,0.00,-1.0,0.0,0,1,0,0,0,-1,0.00,0.00
207.326,0.0,0.0,0.000,0.000,0.000,0.00,-1.0,0.0,0,1,0,0,0,-1,0.00,0.00
207.376,0.0,0.0,0.000,0.000,0.000,0.00,-1.0,0.0,0,1,0,0,0,-1,0.00,0.00
207.427,0.0,0.0,0.000,0.000,0.000,0.00,-1.0,0.0,0,1,0,0,0,-1,0.00,0.00
207.496,0.0,0.0,0.000,0.000,0.000,0.00,-1.0,0.0,0,1,0,0,0,-1,0.00,0.00
207.559,0.0,0.0,0.000,0.000,0.000,0.00,-1.0,0.0,0,1,0,0,0,-1,0.00,0.00
207.609,0.0,0.0,0.000,0.000,0.000,0.00,-1.0,0.0,0,1,0,0,0,-1,0.00,0.00
207.660,0.0,0.0,0.000,0.000,0.000,0.00,-1.0,0.0,0,1,0,0,0,-1,0.00,0.00
207.726,0.0,0.0,0.000,0.000,0.000,0.00,-1.0,0.0,0,1,0,0,0,-1,0.00,0.00
207.776,0.0,0.0,0.000,0.000,0.000,0.00,-1.0,0.0,0,1,0,0,0,-1,0.00,0.00
207.827,0.0,0.0,0.000,0.000,0.000,0.00,-1.0,0.0,0,1,0,0,0,-1,0.00,0.00
207.895,0.0,0.0,0.000,0.000,0.000,0.00,-1.0,0.0,0,1,0,0,0,-1,0.00,0.00
207.958,0.0,0.0,0.000,0.000,0.000,0.00,-1.0,0.0,0,1,0,0,0,-1,0.00,0.00
208.009,0.0,0.0,0.000,0.000,0.000,0.00,-1.0,0.0,0,1,0,0,0,-1,0.00,0.00
208.076,0.0,0.0,0.000,0.000,0.000,0.00,-1.0,0.0,0,1,0,0,0,-1,0.00,0.00
208.143,0.0,0.0,0.000,0.000,0.000,0.00,-1.0,0.0,0,1,0,0,0,-1,0.00,0.00
208.209,0.0,0.0,0.000,0.000,0.000,0.00,-1.0,0.0,0,1,0,0,0,-1,0.00,0.00
208.260,0.0,0.0,0.000,0.000,0.000,0.00,-1.0,0.0,0,1,0,0,0,-1,0.00,0.00
208.326,0.0,0.0,0.000,0.000,0.000,0.00,-1.0,0.0,0,1,0,0,0,-1,0.00,0.00
208.397,0.0,0.0,0.000,0.000,0.000,0.00,-1.0,0.0,0,1,0,0,0,-1,0.00,0.00
208.459,0.0,0.0,0.000,0.000,0.000,0.00,-1.0,0.0,0,1,0,0,0,-1,0.00,0.00
208.527,0.0,0.0,0.000,0.000,0.000,0.00,-1.0,0.0,0,1,0,0,0,-1,0.00,0.00
208.577,0.0,0.0,0.000,0.000,0.000,0.00,-1.0,0.0,0,1,0,0,0,-1,0.00,0.00
208.642,0.0,0.0,0.000,0.000,0.000,0.00,-1.0,0.0,0,1,0,0,0,-1,0.00,0.00
208.693,0.0,0.0,0.000,0.000,0.000,0.00,-1.0,0.0,0,1,0,0,0,-1,0.00,0.00
208.760,0.0,0.0,0.000,0.000,0.000,0.00,-1.0,0.0,0,1,0,0,0,-1,0.00,0.00
208.826,0.0,0.0,0.000,0.000,0.000,0.00,-1.0,0.0,0,1,0,0,0,-1,0.00,0.00
208.894,0.0,0.0,0.000,0.000,0.000,0.00,-1.0,0.0,0,1,0,0,0,-1,0.00,0.00
208.944,0.0,0.0,0.000,0.000,0.000,0.00,-1.0,0.0,0,1,0,0,0,-1,0.00,0.00
209.010,0.0,0.0,0.000,0.000,0.000,0.00,-1.0,0.0,0,1,0,0,0,-1,0.00,0.00
209.076,0.0,0.0,0.000,0.000,0.000,0.00,-1.0,0.0,0,1,0,0,0,-1,0.00,0.00
209.126,0.0,0.0,0.000,0.000,0.000,0.00,-1.0,0.0,0,1,0,0,0,-1,0.00,0.00
209.177,0.0,0.0,0.000,0.000,0.000,0.00,-1.0,0.0,0,1,0,0,0,-1,0.00,0.00
209.243,0.0,0.0,0.000,0.000,0.000,0.00,-1.0,0.0,0,1,0,0,0,-1,0.00,0.00
209.308,0.0,0.0,0.000,0.000,0.000,0.00,-1.0,0.0,0,1,0,0,0,-1,0.00,0.00
209.359,0.0,0.0,0.000,0.000,0.000,0.00,-1.0,0.0,0,1,0,0,0,-1,0.00,0.00
209.410,0.0,0.0,0.000,0.000,0.000,0.00,-1.0,0.0,0,1,0,0,0,-1,0.00,0.00
209.476,0.0,0.0,0.000,0.000,0.000,0.00,-1.0,0.0,0,1,0,0,0,-1,0.00,0.00
209.543,0.0,0.0,0.000,0.000,0.000,0.00,-1.0,0.0,0,1,0,0,0,-1,0.00,0.00
209.593,0.0,0.0,0.000,0.000,0.000,0.00,-1.0,0.0,0,1,0,0,0,-1,0.00,0.00
209.643,0.0,0.0,0.000,0.000,0.000,0.00,-1.0,0.0,0,1,0,0,0,-1,0.00,0.00
209.709,0.0,0.0,0.000,0.000,0.000,0.00,-1.0,0.0,0,1,0,0,0,-1,0.00,0.00
209.760,0.0,0.0,0.000,0.000,0.000,0.00,-1.0,0.0,0,1,0,0,0,-1,0.00,0.00
209.825,0.0,0.0,0.000,0.000,0.000,0.00,-1.0,0.0,0,1,0,0,0,-1,0.00,0.00
209.876,0.0,0.0,0.000,0.000,0.000,0.00,-1.0,0.0,0,1,0,0,0,-1,0.00,0.00
209.927,0.0,0.0,0.000,0.000,0.000,0.00,-1.0,0.0,0,1,0,0,0,-1,0.00,0.00
209.992,0.0,0.0,0.000,0.000,0.000,0.00,-1.0,0.0,0,1,0,0,0,-1,0.00,0.00
210.042,0.0,0.0,0.000,0.000,0.000,0.00,-1.0,0.0,0,1,0,0,0,-1,0.00,0.00
210.093,0.0,0.0,0.000,0.000,0.000,0.00,-1.0,0.0,0,1,0,0,0,-1,0.00,0.00
210.159,0.0,0.0,0.000,0.000,0.000,0.00,-1.0,0.0,0,1,0,0,0,-1,0.00,0.00
210.209,0.0,0.0,0.000,0.000,0.000,0.00,-1.0,0.0,0,1,0,0,0,-1,0.00,0.00
210.276,0.0,0.0,0.000,0.000,0.000,0.00,-1.0,0.0,0,1,0,0,0,-1,0.00,0.00
210.342,0.0,0.0,0.000,0.000,0.000,0.00,-1.0,0.0,0,1,0,0,0,-1,0.00,0.00
210.393,0.0,0.0,0.000,0.000,0.000,0.00,-1.0,0.0,0,1,0,0,0,-1,0.00,0.00
210.460,0.0,0.0,0.000,0.000,0.000,0.00,-1.0,0.0,0,1,0,0,0,-1,0.00,0.00
210.526,0.0,0.0,0.000,0.000,0.000,0.00,-1.0,0.0,0,1,0,0,0,-1,0.00,0.00
210.592,0.0,0.0,0.000,0.000,0.000,0.00,-1.0,0.0,0,1,0,0,0,-1,0.00,0.00
210.643,0.0,0.0,0.000,0.000,0.000,0.00,-1.0,0.0,0,1,0,0,0,-1,0.00,0.00
210.709,0.0,0.0,0.000,0.000,0.000,0.00,-1.0,0.0,0,1,0,0,0,-1,0.00,0.00
210.759,0.0,0.0,0.000,0.000,0.000,0.00,-1.0,0.0,0,1,0,0,0,-1,0.00,0.00
210.809,0.0,0.0,0.000,0.000,0.000,0.00,-1.0,0.0,0,1,0,0,0,-1,0.00,0.00
210.877,0.0,0.0,0.000,0.000,0.000,0.00,-1.0,0.0,0,1,0,0,0,-1,0.00,0.00
210.943,0.0,0.0,0.000,0.000,0.000,0.00,-1.0,0.0,0,1,0,0,0,-1,0.00,0.00
211.009,0.0,0.0,0.000,0.000,0.000,0.00,-1.0,0.0,0,1,0,0,0,-1,0.00,0.00
211.059,0.0,0.0,0.000,0.000,0.000,0.00,-1.0,0.0,0,1,0,0,0,-1,0.00,0.00
211.126,0.0,0.0,0.000,0.000,0.000,0.00,-1.0,0.0,0,1,0,0,0,-1,0.00,0.00
211.176,0.0,0.0,0.000,0.000,0.000,0.00,-1.0,0.0,0,1,0,0,0,-1,0.00,0.00
211.226,0.0,0.0,0.000,0.000,0.000,0.00,-1.0,0.0,0,1,0,0,0,-1,0.00,0.00
211.293,0.0,0.0,0.000,0.000,0.000,0.00,-1.0,0.0,0,1,0,0,0,-1,0.00,0.00
211.343,0.0,0.0,0.000,0.000,0.000,0.00,-1.0,0.0,0,1,0,0,0,-1,0.00,0.00
211.393,0.0,0.0,0.000,0.000,0.000,0.00,-1.0,0.0,0,1,0,0,0,-1,0.00,0.00
211.461,0.0,0.0,0.000,0.000,0.000,0.00,-1.0,0.0,0,1,0,0,0,-1,0.00,0.00
211.513,0.0,0.0,0.000,0.000,0.000,0.00,-1.0,0.0,0,1,0,0,0,-1,0.00,0.00
211.576,0.0,0.0,0.000,0.000,0.000,0.00,-1.0,0.0,0,1,0,0,0,-1,0.00,0.00
211.643,0.0,0.0,0.000,0.000,0.000,0.00,-1.0,0.0,0,1,0,0,0,-1,0.00,0.00
211.693,0.0,0.0,0.000,0.000,0.000,0.00,-1.0,0.0,0,1,0,0,0,-1,0.00,0.00
211.759,0.0,0.0,0.000,0.000,0.000,0.00,-1.0,0.0,0,1,0,0,0,-1,0.00,0.00
211.809,0.0,0.0,0.000,0.000,0.000,0.00,-1.0,0.0,0,1,0,0,0,-1,0.00,0.00
211.876,0.0,0.0,0.000,0.000,0.000,0.00,-1.0,0.0,0,1,0,0,0,-1,0.00,0.00
211.943,0.0,0.0,0.000,0.000,0.000,0.00,-1.0,0.0,0,1,0,0,0,-1,0.00,0.00
211.993,0.0,0.0,0.000,0.000,0.000,0.00,-1.0,0.0,0,1,0,0,0,-1,0.00,0.00
212.059,0.0,0.0,0.000,0.000,0.000,0.00,-1.0,0.0,0,1,0,0,0,-1,0.00,0.00
212.126,0.0,0.0,0.000,0.000,0.000,0.00,-1.0,0.0,0,1,0,0,0,-1,0.00,0.00
212.193,0.0,0.0,0.000,0.000,0.000,0.00,-1.0,0.0,0,1,0,0,0,-1,0.00,0.00
212.260,0.0,0.0,0.000,0.000,0.000,0.00,-1.0,0.0,0,1,0,0,0,-1,0.00,0.00
212.326,0.0,0.0,0.000,0.000,0.000,0.00,-1.0,0.0,0,1,0,0,0,-1,0.00,0.00
212.377,0.0,0.0,0.000,0.000,0.000,0.00,-1.0,0.0,0,1,0,0,0,-1,0.00,0.00
212.427,0.0,0.0,0.000,0.000,0.000,0.00,-1.0,0.0,0,1,0,0,0,-1,0.00,0.00
212.492,0.0,0.0,0.000,0.000,0.000,0.00,-1.0,0.0,0,1,0,0,0,-1,0.00,0.00
212.542,0.0,0.0,0.000,0.000,0.000,0.00,-1.0,0.0,0,1,0,0,0,-1,0.00,0.00
212.609,0.0,0.0,0.000,0.000,0.000,0.00,-1.0,0.0,0,1,0,0,0,-1,0.00,0.00
212.660,0.0,0.0,0.000,0.000,0.000,0.00,-1.0,0.0,0,1,0,0,0,-1,0.00,0.00
212.726,0.0,0.0,0.000,0.000,0.000,0.00,-1.0,0.0,0,1,0,0,0,-1,0.00,0.00
212.776,0.0,0.0,0.000,0.000,0.000,0.00,-1.0,0.0,0,1,0,0,0,-1,0.00,0.00
212.827,0.0,0.0,0.000,0.000,0.000,0.00,-1.0,0.0,0,1,0,0,0,-1,0.00,0.00
212.892,0.0,0.0,0.000,0.000,0.000,0.00,-1.0,0.0,0,1,0,0,0,-1,0.00,0.00
212.943,0.0,0.0,0.000,0.000,0.000,0.00,-1.0,0.0,0,1,0,0,0,-1,0.00,0.00
213.010,0.0,0.0,0.000,0.000,0.000,0.00,-1.0,0.0,0,1,0,0,0,-1,0.00,0.00
213.077,0.0,0.0,0.000,0.000,0.000,0.00,-1.0,0.0,0,1,0,0,0,-1,0.00,0.00
213.143,0.0,0.0,0.000,0.000,0.000,0.00,-1.0,0.0,0,1,0,0,0,-1,0.00,0.00
213.210,0.0,0.0,0.000,0.000,0.000,0.00,-1.0,0.0,0,1,0,0,0,-1,0.00,0.00
213.276,0.0,0.0,0.000,0.000,0.000,0.00,-1.0,0.0,0,1,0,0,0,-1,0.00,0.00
213.342,0.0,0.0,0.000,0.000,0.000,0.00,-1.0,0.0,0,1,0,0,0,-1,0.00,0.00
213.393,0.0,0.0,0.000,0.000,0.000,0.00,-1.0,0.0,0,1,0,0,0,-1,0.00,0.00
213.443,0.0,0.0,0.000,0.000,0.000,0.00,-1.0,0.0,0,1,0,0,0,-1,0.00,0.00
213.509,0.0,0.0,0.000,0.000,0.000,0.00,-1.0,0.0,0,1,0,0,0,-1,0.00,0.00
213.559,0.0,0.0,0.000,0.000,0.000,0.00,-1.0,0.0,0,1,0,0,0,-1,0.00,0.00
213.625,0.0,0.0,0.000,0.000,0.000,0.00,-1.0,0.0,0,1,0,0,0,-1,0.00,0.00
213.676,0.0,0.0,0.000,0.000,0.000,0.00,-1.0,0.0,0,1,0,0,0,-1,0.00,0.00
213.742,0.0,0.0,0.000,0.000,0.000,0.00,-1.0,0.0,0,1,0,0,0,-1,0.00,0.00
213.792,0.0,0.0,0.000,0.000,0.000,0.00,-1.0,0.0,0,1,0,0,0,-1,0.00,0.00
213.843,0.0,0.0,0.000,0.000,0.000,0.00,-1.0,0.0,0,1,0,0,0,-1,0.00,0.00
213.910,0.0,0.0,0.000,0.000,0.000,0.00,-1.0,0.0,0,1,0,0,0,-1,0.00,0.00
213.976,0.0,0.0,0.000,0.000,0.000,0.00,-1.0,0.0,0,1,0,0,0,-1,0.00,0.00
214.027,0.0,0.0,0.000,0.000,0.000,0.00,-1.0,0.0,0,1,0,0,0,-1,0.00,0.00
214.093,0.0,0.0,0.000,0.000,0.000,0.00,-1.0,0.0,0,1,0,0,0,-1,0.00,0.00
214.159,0.0,0.0,0.000,0.000,0.000,0.00,-1.0,0.0,0,1,0,0,0,-1,0.00,0.00
214.210,0.0,0.0,0.000,0.000,0.000,0.00,-1.0,0.0,0,1,0,0,0,-1,0.00,0.00
214.260,0.0,0.0,0.000,0.000,0.000,0.00,-1.0,0.0,0,1,0,0,0,-1,0.00,0.00
214.326,0.0,0.0,0.000,0.000,0.000,0.00,-1.0,0.0,0,1,0,0,0,-1,0.00,0.00
214.392,0.0,0.0,0.000,0.000,0.000,0.00,-1.0,0.0,0,1,0,0,0,-1,0.00,0.00
214.462,0.0,0.0,0.000,0.000,0.000,0.00,-1.0,0.0,0,1,0,0,0,-1,0.00,0.00
214.526,0.0,0.0,0.000,0.000,0.000,0.00,-1.0,0.0,0,1,0,0,0,-1,0.00,0.00
214.576,0.0,0.0,0.000,0.000,0.000,0.00,-1.0,0.0,0,1,0,0,0,-1,0.00,0.00
214.642,0.0,0.0,0.000,0.000,0.000,0.00,-1.0,0.0,0,1,0,0,0,-1,0.00,0.00
214.693,0.0,0.0,0.000,0.000,0.000,0.00,-1.0,0.0,0,1,0,0,0,-1,0.00,0.00
214.759,0.0,0.0,0.000,0.000,0.000,0.00,-1.0,0.0,0,1,0,0,0,-1,0.00,0.00
214.827,0.0,0.0,0.000,0.000,0.000,0.00,-1.0,0.0,0,1,0,0,0,-1,0.00,0.00
214.892,0.0,0.0,0.000,0.000,0.000,0.00,-1.0,0.0,0,1,0,0,0,-1,0.00,0.00
214.959,0.0,0.0,0.000,0.000,0.000,0.00,-1.0,0.0,0,1,0,0,0,-1,0.00,0.00
215.009,0.0,0.0,0.000,0.000,0.000,0.00,-1.0,0.0,0,1,0,0,0,-1,0.00,0.00
215.060,0.0,0.0,0.000,0.000,0.000,0.00,-1.0,0.0,0,1,0,0,0,-1,0.00,0.00
215.125,0.0,0.0,0.000,0.000,0.000,0.00,-1.0,0.0,0,1,0,0,0,-1,0.00,0.00
215.193,0.0,0.0,0.000,0.000,0.000,0.00,-1.0,0.0,0,1,0,0,0,-1,0.00,0.00
215.260,0.0,0.0,0.000,0.000,0.000,0.00,-1.0,0.0,0,1,0,0,0,-1,0.00,0.00
215.326,0.0,0.0,0.000,0.000,0.000,0.00,-1.0,0.0,0,1,0,0,0,-1,0.00,0.00
215.393,0.0,0.0,0.000,0.000,0.000,0.00,-1.0,0.0,0,1,0,0,0,-1,0.00,0.00
215.460,0.0,0.0,0.000,0.000,0.000,0.00,-1.0,0.0,0,1,0,0,0,-1,0.00,0.00
215.526,0.0,0.0,0.000,0.000,0.000,0.00,-1.0,0.0,0,1,0,0,0,-1,0.00,0.00
215.593,0.0,0.0,0.000,0.000,0.000,0.00,-1.0,0.0,0,1,0,0,0,-1,0.00,0.00
215.659,0.0,0.0,0.000,0.000,0.000,0.00,-1.0,0.0,0,1,0,0,0,-1,0.00,0.00
215.710,0.0,0.0,0.000,0.000,0.000,0.00,-1.0,0.0,0,1,0,0,0,-1,0.00,0.00
215.779,0.0,0.0,0.000,0.000,0.000,0.00,-1.0,0.0,0,1,0,0,0,-1,0.00,0.00
215.842,0.0,0.0,0.000,0.000,0.000,0.00,-1.0,0.0,0,1,0,0,0,-1,0.00,0.00
215.893,0.0,0.0,0.000,0.000,0.000,0.00,-1.0,0.0,0,1,0,0,0,-1,0.00,0.00
215.959,0.0,0.0,0.000,0.000,0.000,0.00,-1.0,0.0,0,1,0,0,0,-1,0.00,0.00
216.009,0.0,0.0,0.000,0.000,0.000,0.00,-1.0,0.0,0,1,0,0,0,-1,0.00,0.00
216.076,0.0,0.0,0.000,0.000,0.000,0.00,-1.0,0.0,0,1,0,0,0,-1,0.00,0.00
216.143,0.0,0.0,0.000,0.000,0.000,0.00,-1.0,0.0,0,1,0,0,0,-1,0.00,0.00
216.193,0.0,0.0,0.000,0.000,0.000,0.00,-1.0,0.0,0,1,0,0,0,-1,0.00,0.00
216.258,0.0,0.0,0.000,0.000,0.000,0.00,-1.0,0.0,0,1,0,0,0,-1,0.00,0.00
216.310,0.0,0.0,0.000,0.000,0.000,0.00,-1.0,0.0,0,1,0,0,0,-1,0.00,0.00
216.360,0.0,0.0,0.000,0.000,0.000,0.00,-1.0,0.0,0,1,0,0,0,-1,0.00,0.00
216.410,0.0,0.0,0.000,0.000,0.000,0.00,-1.0,0.0,0,1,0,0,0,-1,0.00,0.00
216.475,0.0,0.0,0.000,0.000,0.000,0.00,-1.0,0.0,0,1,0,0,0,-1,0.00,0.00
216.525,0.0,0.0,0.000,0.000,0.000,0.00,-1.0,0.0,0,1,0,0,0,-1,0.00,0.00
216.576,0.0,0.0,0.000,0.000,0.000,0.00,-1.0,0.0,0,1,0,0,0,-1,0.00,0.00
216.642,0.0,0.0,0.000,0.000,0.000,0.00,-1.0,0.0,0,1,0,0,0,-1,0.00,0.00
216.708,0.0,0.0,0.000,0.000,0.000,0.00,-1.0,0.0,0,1,0,0,0,-1,0.00,0.00
216.759,0.0,0.0,0.000,0.000,0.000,0.00,-1.0,0.0,0,1,0,0,0,-1,0.00,0.00
216.826,0.0,0.0,0.000,0.000,0.000,0.00,-1.0,0.0,0,1,0,0,0,-1,0.00,0.00
216.893,0.0,0.0,0.000,0.000,0.000,0.00,-1.0,0.0,0,1,0,0,0,-1,0.00,0.00
216.944,0.0,0.0,0.000,0.000,0.000,0.00,-1.0,0.0,0,1,0,0,0,-1,0.00,0.00
217.009,0.0,0.0,0.000,0.000,0.000,0.00,-1.0,0.0,0,1,0,0,0,-1,0.00,0.00
217.075,0.0,0.0,0.000,0.000,0.000,0.00,-1.0,0.0,0,1,0,0,0,-1,0.00,0.00
217.127,0.0,0.0,0.000,0.000,0.000,0.00,-1.0,0.0,0,1,0,0,0,-1,0.00,0.00
217.192,0.0,0.0,0.000,0.000,0.000,0.00,-1.0,0.0,0,1,0,0,0,-1,0.00,0.00
217.258,0.0,0.0,0.000,0.000,0.000,0.00,-1.0,0.0,0,1,0,0,0,-1,0.00,0.00
217.310,0.0,0.0,0.000,0.000,0.000,0.00,-1.0,0.0,0,1,0,0,0,-1,0.00,0.00
217.360,0.0,0.0,0.000,0.000,0.000,0.00,-1.0,0.0,0,1,0,0,0,-1,0.00,0.00
217.426,0.0,0.0,0.000,0.000,0.000,0.00,-1.0,0.0,0,1,0,0,0,-1,0.00,0.00
217.493,0.0,0.0,0.000,0.000,0.000,0.00,-1.0,0.0,0,1,0,0,0,-1,0.00,0.00
217.559,0.0,0.0,0.000,0.000,0.000,0.00,-1.0,0.0,0,1,0,0,0,-1,0.00,0.00
217.612,0.0,0.0,0.000,0.000,0.000,0.00,-1.0,0.0,0,1,0,0,0,-1,0.00,0.00
217.676,0.0,0.0,0.000,0.000,0.000,0.00,-1.0,0.0,0,1,0,0,0,-1,0.00,0.00
217.726,0.0,0.0,0.000,0.000,0.000,0.00,-1.0,0.0,0,1,0,0,0,-1,0.00,0.00
217.792,0.0,0.0,0.000,0.000,0.000,0.00,-1.0,0.0,0,1,0,0,0,-1,0.00,0.00
217.843,0.0,0.0,0.000,0.000,0.000,0.00,-1.0,0.0,0,1,0,0,0,-1,0.00,0.00
217.910,0.0,0.0,0.000,0.000,0.000,0.00,-1.0,0.0,0,1,0,0,0,-1,0.00,0.00
217.960,0.0,0.0,0.000,0.000,0.000,0.00,-1.0,0.0,0,1,0,0,0,-1,0.00,0.00
218.026,0.0,0.0,0.000,0.000,0.000,0.00,-1.0,0.0,0,1,0,0,0,-1,0.00,0.00
218.092,0.0,0.0,0.000,0.000,0.000,0.00,-1.0,0.0,0,1,0,0,0,-1,0.00,0.00
218.143,0.0,0.0,0.000,0.000,0.000,0.00,-1.0,0.0,0,1,0,0,0,-1,0.00,0.00
218.210,0.0,0.0,0.000,0.000,0.000,0.00,-1.0,0.0,0,1,0,0,0,-1,0.00,0.00
218.275,0.0,0.0,0.000,0.000,0.000,0.00,-1.0,0.0,0,1,0,0,0,-1,0.00,0.00
218.326,0.0,0.0,0.000,0.000,0.000,0.00,-1.0,0.0,0,1,0,0,0,-1,0.00,0.00
218.392,0.0,0.0,0.000,0.000,0.000,0.00,-1.0,0.0,0,1,0,0,0,-1,0.00,0.00
218.443,0.0,0.0,0.000,0.000,0.000,0.00,-1.0,0.0,0,1,0,0,0,-1,0.00,0.00
218.513,0.0,0.0,0.000,0.000,0.000,0.00,-1.0,0.0,0,1,0,0,0,-1,0.00,0.00
218.576,0.0,0.0,0.000,0.000,0.000,0.00,-1.0,0.0,0,1,0,0,0,-1,0.00,0.00
218.643,0.0,0.0,0.000,0.000,0.000,0.00,-1.0,0.0,0,1,0,0,0,-1,0.00,0.00
218.710,0.0,0.0,0.000,0.000,0.000,0.00,-1.0,0.0,0,1,0,0,0,-1,0.00,0.00
218.776,0.0,0.0,0.000,0.000,0.000,0.00,-1.0,0.0,0,1,0,0,0,-1,0.00,0.00
218.827,0.0,0.0,0.000,0.000,0.000,0.00,-1.0,0.0,0,1,0,0,0,-1,0.00,0.00
218.893,0.0,0.0,0.000,0.000,0.000,0.00,-1.0,0.0,0,1,0,0,0,-1,0.00,0.00
218.959,0.0,0.0,0.000,0.000,0.000,0.00,-1.0,0.0,0,1,0,0,0,-1,0.00,0.00
219.010,0.0,0.0,0.000,0.000,0.000,0.00,-1.0,0.0,0,1,0,0,0,-1,0.00,0.00
219.076,0.0,0.0,0.000,0.000,0.000,0.00,-1.0,0.0,0,1,0,0,0,-1,0.00,0.00
219.142,0.0,0.0,0.000,0.000,0.000,0.00,-1.0,0.0,0,1,0,0,0,-1,0.00,0.00
219.193,0.0,0.0,0.000,0.000,0.000,0.00,-1.0,0.0,0,1,0,0,0,-1,0.00,0.00
219.259,0.0,0.0,0.000,0.000,0.000,0.00,-1.0,0.0,0,1,0,0,0,-1,0.00,0.00
219.309,0.0,0.0,0.000,0.000,0.000,0.00,-1.0,0.0,0,1,0,0,0,-1,0.00,0.00
219.376,0.0,0.0,0.000,0.000,0.000,0.00,-1.0,0.0,0,1,0,0,0,-1,0.00,0.00
219.426,0.0,0.0,0.000,0.000,0.000,0.00,-1.0,0.0,0,1,0,0,0,-1,0.00,0.00
219.477,0.0,0.0,0.000,0.000,0.000,0.00,-1.0,0.0,0,1,0,0,0,-1,0.00,0.00
219.543,0.0,0.0,0.000,0.000,0.000,0.00,-1.0,0.0,0,1,0,0,0,-1,0.00,0.00
219.610,0.0,0.0,0.000,0.000,0.000,0.00,-1.0,0.0,0,1,0,0,0,-1,0.00,0.00
219.676,0.0,0.0,0.000,0.000,0.000,0.00,-1.0,0.0,0,1,0,0,0,-1,0.00,0.00
219.742,0.0,0.0,0.000,0.000,0.000,0.00,-1.0,0.0,0,1,0,0,0,-1,0.00,0.00
219.796,0.0,0.0,0.000,0.000,0.000,0.00,-1.0,0.0,0,1,0,0,0,-1,0.00,0.00
219.859,0.0,0.0,0.000,0.000,0.000,0.00,-1.0,0.0,0,1,0,0,0,-1,0.00,0.00
219.926,0.0,0.0,0.000,0.000,0.000,0.00,-1.0,0.0,0,1,0,0,0,-1,0.00,0.00
219.977,0.0,0.0,0.000,0.000,0.000,0.00,-1.0,0.0,0,1,0,0,0,-1,0.00,0.00
220.043,0.0,0.0,0.000,0.000,0.000,0.00,-1.0,0.0,0,1,0,0,0,-1,0.00,0.00
220.109,0.0,0.0,0.000,0.000,0.000,0.00,-1.0,0.0,0,1,0,0,0,-1,0.00,0.00
220.160,0.0,0.0,0.000,0.000,0.000,0.00,-1.0,0.0,0,1,0,0,0,-1,0.00,0.00
220.230,0.0,0.0,0.000,0.000,0.000,0.00,-1.0,0.0,0,1,0,0,0,-1,0.00,0.00
220.292,0.0,0.0,0.000,0.000,0.000,0.00,-1.0,0.0,0,1,0,0,0,-1,0.00,0.00
220.359,0.0,0.0,0.000,0.000,0.000,0.00,-1.0,0.0,0,1,0,0,0,-1,0.00,0.00
220.409,0.0,0.0,0.000,0.000,0.000,0.00,-1.0,0.0,0,1,0,0,0,-1,0.00,0.00
220.477,0.0,0.0,0.000,0.000,0.000,0.00,-1.0,0.0,0,1,0,0,0,-1,0.00,0.00
220.542,0.0,0.0,0.000,0.000,0.000,0.00,-1.0,0.0,0,1,0,0,0,-1,0.00,0.00
220.592,0.0,0.0,0.000,0.000,0.000,0.00,-1.0,0.0,0,1,0,0,0,-1,0.00,0.00
220.643,0.0,0.0,0.000,0.000,0.000,0.00,-1.0,0.0,0,1,0,0,0,-1,0.00,0.00
220.694,0.0,0.0,0.000,0.000,0.000,0.00,-1.0,0.0,0,1,0,0,0,-1,0.00,0.00
220.759,0.0,0.0,0.000,0.000,0.000,0.00,-1.0,0.0,0,1,0,0,0,-1,0.00,0.00
220.826,0.0,0.0,0.000,0.000,0.000,0.00,-1.0,0.0,0,1,0,0,0,-1,0.00,0.00
220.876,0.0,0.0,0.000,0.000,0.000,0.00,-1.0,0.0,0,1,0,0,0,-1,0.00,0.00
220.942,0.0,0.0,0.000,0.000,0.000,0.00,-1.0,0.0,0,1,0,0,0,-1,0.00,0.00
220.993,0.0,0.0,0.000,0.000,0.000,0.00,-1.0,0.0,0,1,0,0,0,-1,0.00,0.00
221.059,0.0,0.0,0.000,0.000,0.000,0.00,-1.0,0.0,0,1,0,0,0,-1,0.00,0.00
221.110,0.0,0.0,0.000,0.000,0.000,0.00,-1.0,0.0,0,1,0,0,0,-1,0.00,0.00
221.175,0.0,0.0,0.000,0.000,0.000,0.00,-1.0,0.0,0,1,0,0,0,-1,0.00,0.00
221.226,0.0,0.0,0.000,0.000,0.000,0.00,-1.0,0.0,0,1,0,0,0,-1,0.00,0.00
221.293,0.0,0.0,0.000,0.000,0.000,0.00,-1.0,0.0,0,1,0,0,0,-1,0.00,0.00
221.343,0.0,0.0,0.000,0.000,0.000,0.00,-1.0,0.0,0,1,0,0,0,-1,0.00,0.00
221.410,0.0,0.0,0.000,0.000,0.000,0.00,-1.0,0.0,0,1,0,0,0,-1,0.00,0.00
221.477,0.0,0.0,0.000,0.000,0.000,0.00,-1.0,0.0,0,1,0,0,0,-1,0.00,0.00
221.545,0.0,0.0,0.000,0.000,0.000,0.00,-1.0,0.0,0,1,0,0,0,-1,0.00,0.00
221.609,0.0,0.0,0.000,0.000,0.000,0.00,-1.0,0.0,0,1,0,0,0,-1,0.00,0.00
221.660,0.0,0.0,0.000,0.000,0.000,0.00,-1.0,0.0,0,1,0,0,0,-1,0.00,0.00
221.710,0.0,0.0,0.000,0.000,0.000,0.00,-1.0,0.0,0,1,0,0,0,-1,0.00,0.00
221.775,0.0,0.0,0.000,0.000,0.000,0.00,-1.0,0.0,0,1,0,0,0,-1,0.00,0.00
221.826,0.0,0.0,0.000,0.000,0.000,0.00,-1.0,0.0,0,1,0,0,0,-1,0.00,0.00
221.876,0.0,0.0,0.000,0.000,0.000,0.00,-1.0,0.0,0,1,0,0,0,-1,0.00,0.00
221.927,0.0,0.0,0.000,0.000,0.000,0.00,-1.0,0.0,0,1,0,0,0,-1,0.00,0.00
221.992,0.0,0.0,0.000,0.000,0.000,0.00,-1.0,0.0,0,1,0,0,0,-1,0.00,0.00
222.043,0.0,0.0,0.000,0.000,0.000,0.00,-1.0,0.0,0,1,0,0,0,-1,0.00,0.00
222.109,0.0,0.0,0.000,0.000,0.000,0.00,-1.0,0.0,0,1,0,0,0,-1,0.00,0.00
222.175,0.0,0.0,0.000,0.000,0.000,0.00,-1.0,0.0,0,1,0,0,0,-1,0.00,0.00
222.228,0.0,0.0,0.000,0.000,0.000,0.00,-1.0,0.0,0,1,0,0,0,-1,0.00,0.00
222.292,0.0,0.0,0.000,0.000,0.000,0.00,-1.0,0.0,0,1,0,0,0,-1,0.00,0.00
222.343,0.0,0.0,0.000,0.000,0.000,0.00,-1.0,0.0,0,1,0,0,0,-1,0.00,0.00
222.396,0.0,0.0,0.000,0.000,0.000,0.00,-1.0,0.0,0,1,0,0,0,-1,0.00,0.00
222.460,0.0,0.0,0.000,0.000,0.000,0.00,-1.0,0.0,0,1,0,0,0,-1,0.00,0.00
222.510,0.0,0.0,0.000,0.000,0.000,0.00,-1.0,0.0,0,1,0,0,0,-1,0.00,0.00
222.577,0.0,0.0,0.000,0.000,0.000,0.00,-1.0,0.0,0,1,0,0,0,-1,0.00,0.00
222.643,0.0,0.0,0.000,0.000,0.000,0.00,-1.0,0.0,0,1,0,0,0,-1,0.00,0.00
222.709,0.0,0.0,0.000,0.000,0.000,0.00,-1.0,0.0,0,1,0,0,0,-1,0.00,0.00
222.776,0.0,0.0,0.000,0.000,0.000,0.00,-1.0,0.0,0,1,0,0,0,-1,0.00,0.00
222.841,0.0,0.0,0.000,0.000,0.000,0.00,-1.0,0.0,0,1,0,0,0,-1,0.00,0.00
222.893,0.0,0.0,0.000,0.000,0.000,0.00,-1.0,0.0,0,1,0,0,0,-1,0.00,0.00
222.959,0.0,0.0,0.000,0.000,0.000,0.00,-1.0,0.0,0,1,0,0,0,-1,0.00,0.00
223.009,0.0,0.0,0.000,0.000,0.000,0.00,-1.0,0.0,0,1,0,0,0,-1,0.00,0.00
223.077,0.0,0.0,0.000,0.000,0.000,0.00,-1.0,0.0,0,1,0,0,0,-1,0.00,0.00
223.142,0.0,0.0,0.000,0.000,0.000,0.00,-1.0,0.0,0,1,0,0,0,-1,0.00,0.00
223.193,0.0,0.0,0.000,0.000,0.000,0.00,-1.0,0.0,0,1,0,0,0,-1,0.00,0.00
223.260,0.0,0.0,0.000,0.000,0.000,0.00,-1.0,0.0,0,1,0,0,0,-1,0.00,0.00
223.327,0.0,0.0,0.000,0.000,0.000,0.00,-1.0,0.0,0,1,0,0,0,-1,0.00,0.00
223.393,0.0,0.0,0.000,0.000,0.000,0.00,-1.0,0.0,0,1,0,0,0,-1,0.00,0.00
223.459,0.0,0.0,0.000,0.000,0.000,0.00,-1.0,0.0,0,1,0,0,0,-1,0.00,0.00
223.509,0.0,0.0,0.000,0.000,0.000,0.00,-1.0,0.0,0,1,0,0,0,-1,0.00,0.00
223.559,0.0,0.0,0.000,0.000,0.000,0.00,-1.0,0.0,0,1,0,0,0,-1,0.00,0.00
223.609,0.0,0.0,0.000,0.000,0.000,0.00,-1.0,0.0,0,1,0,0,0,-1,0.00,0.00
223.675,0.0,0.0,0.000,0.000,0.000,0.00,-1.0,0.0,0,1,0,0,0,-1,0.00,0.00
223.726,0.0,0.0,0.000,0.000,0.000,0.00,-1.0,0.0,0,1,0,0,0,-1,0.00,0.00
223.777,0.0,0.0,0.000,0.000,0.000,0.00,-1.0,0.0,0,1,0,0,0,-1,0.00,0.00
223.843,0.0,0.0,0.000,0.000,0.000,0.00,-1.0,0.0,0,1,0,0,0,-1,0.00,0.00
223.909,0.0,0.0,0.000,0.000,0.000,0.00,-1.0,0.0,0,1,0,0,0,-1,0.00,0.00
223.976,0.0,0.0,0.000,0.000,0.000,0.00,-1.0,0.0,0,1,0,0,0,-1,0.00,0.00
224.042,0.0,0.0,0.000,0.000,0.000,0.00,-1.0,0.0,0,1,0,0,0,-1,0.00,0.00
224.094,0.0,0.0,0.000,0.000,0.000,0.00,-1.0,0.0,0,1,0,0,0,-1,0.00,0.00
224.146,0.0,0.0,0.000,0.000,0.000,0.00,-1.0,0.0,0,1,0,0,0,-1,0.00,0.00
224.209,0.0,0.0,0.000,0.000,0.000,0.00,-1.0,0.0,0,1,0,0,0,-1,0.00,0.00
224.275,0.0,0.0,0.000,0.000,0.000,0.00,-1.0,0.0,0,1,0,0,0,-1,0.00,0.00
224.326,0.0,0.0,0.000,0.000,0.000,0.00,-1.0,0.0,0,1,0,0,0,-1,0.00,0.00
224.393,0.0,0.0,0.000,0.000,0.000,0.00,-1.0,0.0,0,1,0,0,0,-1,0.00,0.00
224.444,0.0,0.0,0.000,0.000,0.000,0.00,-1.0,0.0,0,1,0,0,0,-1,0.00,0.00
224.509,0.0,0.0,0.000,0.000,0.000,0.00,-1.0,0.0,0,1,0,0,0,-1,0.00,0.00
224.559,0.0,0.0,0.000,0.000,0.000,0.00,-1.0,0.0,0,1,0,0,0,-1,0.00,0.00
224.610,0.0,0.0,0.000,0.000,0.000,0.00,-1.0,0.0,0,1,0,0,0,-1,0.00,0.00
224.676,0.0,0.0,0.000,0.000,0.000,0.00,-1.0,0.0,0,1,0,0,0,-1,0.00,0.00
224.743,0.0,0.0,0.000,0.000,0.000,0.00,-1.0,0.0,0,1,0,0,0,-1,0.00,0.00
224.810,0.0,0.0,0.000,0.000,0.000,0.00,-1.0,0.0,0,1,0,0,0,-1,0.00,0.00
224.878,0.0,0.0,0.000,0.000,0.000,0.00,-1.0,0.0,0,1,0,0,0,-1,0.00,0.00
224.943,0.0,0.0,0.000,0.000,0.000,0.00,-1.0,0.0,0,1,0,0,0,-1,0.00,0.00
225.010,0.0,0.0,0.000,0.000,0.000,0.00,-1.0,0.0,0,1,0,0,0,-1,0.00,0.00
225.076,0.0,0.0,0.000,0.000,0.000,0.00,-1.0,0.0,0,1,0,0,0,-1,0.00,0.00
225.127,0.0,0.0,0.000,0.000,0.000,0.00,-1.0,0.0,0,1,0,0,0,-1,0.00,0.00
225.177,0.0,0.0,0.000,0.000,0.000,0.00,-1.0,0.0,0,1,0,0,0,-1,0.00,0.00
225.242,0.0,0.0,0.000,0.000,0.000,0.00,-1.0,0.0,0,1,0,0,0,-1,0.00,0.00
225.293,0.0,0.0,0.000,0.000,0.000,0.00,-1.0,0.0,0,1,0,0,0,-1,0.00,0.00
225.359,0.0,0.0,0.000,0.000,0.000,0.00,-1.0,0.0,0,1,0,0,0,-1,0.00,0.00
225.410,0.0,0.0,0.000,0.000,0.000,0.00,-1.0,0.0,0,1,0,0,0,-1,0.00,0.00
225.476,0.0,0.0,0.000,0.000,0.000,0.00,-1.0,0.0,0,1,0,0,0,-1,0.00,0.00
225.540,0.0,0.0,0.000,0.000,0.000,0.00,-1.0,0.0,0,1,0,0,0,-1,0.00,0.00
225.593,0.0,0.0,0.000,0.000,0.000,0.00,-1.0,0.0,0,1,0,0,0,-1,0.00,0.00
225.643,0.0,0.0,0.000,0.000,0.000,0.00,-1.0,0.0,0,1,0,0,0,-1,0.00,0.00
225.709,0.0,0.0,0.000,0.000,0.000,0.00,-1.0,0.0,0,1,0,0,0,-1,0.00,0.00
225.776,0.0,0.0,0.000,0.000,0.000,0.00,-1.0,0.0,0,1,0,0,0,-1,0.00,0.00
225.826,0.0,0.0,0.000,0.000,0.000,0.00,-1.0,0.0,0,1,0,0,0,-1,0.00,0.00
225.893,0.0,0.0,0.000,0.000,0.000,0.00,-1.0,0.0,0,1,0,0,0,-1,0.00,0.00
225.944,0.0,0.0,0.000,0.000,0.000,0.00,-1.0,0.0,0,1,0,0,0,-1,0.00,0.00
226.013,0.0,0.0,0.000,0.000,0.000,0.00,-1.0,0.0,0,1,0,0,0,-1,0.00,0.00
226.076,0.0,0.0,0.000,0.000,0.000,0.00,-1.0,0.0,0,1,0,0,0,-1,0.00,0.00
226.127,0.0,0.0,0.000,0.000,0.000,0.00,-1.0,0.0,0,1,0,0,0,-1,0.00,0.00
226.193,0.0,0.0,0.000,0.000,0.000,0.00,-1.0,0.0,0,1,0,0,0,-1,0.00,0.00
226.259,0.0,0.0,0.000,0.000,0.000,0.00,-1.0,0.0,0,1,0,0,0,-1,0.00,0.00
226.309,0.0,0.0,0.000,0.000,0.000,0.00,-1.0,0.0,0,1,0,0,0,-1,0.00,0.00
226.376,0.0,0.0,0.000,0.000,0.000,0.00,-1.0,0.0,0,1,0,0,0,-1,0.00,0.00
226.443,0.0,0.0,0.000,0.000,0.000,0.00,-1.0,0.0,0,1,0,0,0,-1,0.00,0.00
226.509,0.0,0.0,0.000,0.000,0.000,0.00,-1.0,0.0,0,1,0,0,0,-1,0.00,0.00
226.560,0.0,0.0,0.000,0.000,0.000,0.00,-1.0,0.0,0,1,0,0,0,-1,0.00,0.00
226.626,0.0,0.0,0.000,0.000,0.000,0.00,-1.0,0.0,0,1,0,0,0,-1,0.00,0.00
226.678,0.0,0.0,0.000,0.000,0.000,0.00,-1.0,0.0,0,1,0,0,0,-1,0.00,0.00
226.742,0.0,0.0,0.000,0.000,0.000,0.00,-1.0,0.0,0,1,0,0,0,-1,0.00,0.00
226.793,0.0,0.0,0.000,0.000,0.000,0.00,-1.0,0.0,0,1,0,0,0,-1,0.00,0.00
226.859,0.0,0.0,0.000,0.000,0.000,0.00,-1.0,0.0,0,1,0,0,0,-1,0.00,0.00
226.915,0.0,0.0,0.000,0.000,0.000,0.00,-1.0,0.0,0,1,0,0,0,-1,0.00,0.00
226.975,0.0,0.0,0.000,0.000,0.000,0.00,-1.0,0.0,0,1,0,0,0,-1,0.00,0.00
227.026,0.0,0.0,0.000,0.000,0.000,0.00,-1.0,0.0,0,1,0,0,0,-1,0.00,0.00
227.076,0.0,0.0,0.000,0.000,0.000,0.00,-1.0,0.0,0,1,0,0,0,-1,0.00,0.00
227.144,0.0,0.0,0.000,0.000,0.000,0.00,-1.0,0.0,0,1,0,0,0,-1,0.00,0.00
227.208,0.0,0.0,0.000,0.000,0.000,0.00,-1.0,0.0,0,1,0,0,0,-1,0.00,0.00
227.259,0.0,0.0,0.000,0.000,0.000,0.00,-1.0,0.0,0,1,0,0,0,-1,0.00,0.00
227.327,0.0,0.0,0.000,0.000,0.000,0.00,-1.0,0.0,0,1,0,0,0,-1,0.00,0.00
227.391,0.0,0.0,0.000,0.000,0.000,0.00,-1.0,0.0,0,1,0,0,0,-1,0.00,0.00
227.442,0.0,0.0,0.000,0.000,0.000,0.00,-1.0,0.0,0,1,0,0,0,-1,0.00,0.00
227.492,0.0,0.0,0.000,0.000,0.000,0.00,-1.0,0.0,0,1,0,0,0,-1,0.00,0.00
227.543,0.0,0.0,0.000,0.000,0.000,0.00,-1.0,0.0,0,1,0,0,0,-1,0.00,0.00
227.609,0.0,0.0,0.000,0.000,0.000,0.00,-1.0,0.0,0,1,0,0,0,-1,0.00,0.00
227.660,0.0,0.0,0.000,0.000,0.000,0.00,-1.0,0.0,0,1,0,0,0,-1,0.00,0.00
227.710,0.0,0.0,0.000,0.000,0.000,0.00,-1.0,0.0,0,1,0,0,0,-1,0.00,0.00
227.776,0.0,0.0,0.000,0.000,0.000,0.00,-1.0,0.0,0,1,0,0,0,-1,0.00,0.00
227.842,0.0,0.0,0.000,0.000,0.000,0.00,-1.0,0.0,0,1,0,0,0,-1,0.00,0.00
227.893,0.0,0.0,0.000,0.000,0.000,0.00,-1.0,0.0,0,1,0,0,0,-1,0.00,0.00
227.959,0.0,0.0,0.000,0.000,0.000,0.00,-1.0,0.0,0,1,0,0,0,-1,0.00,0.00
228.026,0.0,0.0,0.000,0.000,0.000,0.00,-1.0,0.0,0,1,0,0,0,-1,0.00,0.00
228.077,0.0,0.0,0.000,0.000,0.000,0.00,-1.0,0.0,0,1,0,0,0,-1,0.00,0.00
228.142,0.0,0.0,0.000,0.000,0.000,0.00,-1.0,0.0,0,1,0,0,0,-1,0.00,0.00
228.193,0.0,0.0,0.000,0.000,0.000,0.00,-1.0,0.0,0,1,0,0,0,-1,0.00,0.00
228.243,0.0,0.0,0.000,0.000,0.000,0.00,-1.0,0.0,0,1,0,0,0,-1,0.00,0.00
228.293,0.0,0.0,0.000,0.000,0.000,0.00,-1.0,0.0,0,1,0,0,0,-1,0.00,0.00
228.359,0.0,0.0,0.000,0.000,0.000,0.00,-1.0,0.0,0,1,0,0,0,-1,0.00,0.00
228.410,0.0,0.0,0.000,0.000,0.000,0.00,-1.0,0.0,0,1,0,0,0,-1,0.00,0.00
228.477,0.0,0.0,0.000,0.000,0.000,0.00,-1.0,0.0,0,1,0,0,0,-1,0.00,0.00
228.542,0.0,0.0,0.000,0.000,0.000,0.00,-1.0,0.0,0,1,0,0,0,-1,0.00,0.00
228.593,0.0,0.0,0.000,0.000,0.000,0.00,-1.0,0.0,0,1,0,0,0,-1,0.00,0.00
228.643,0.0,0.0,0.000,0.000,0.000,0.00,-1.0,0.0,0,1,0,0,0,-1,0.00,0.00
228.696,0.0,0.0,0.000,0.000,0.000,0.00,-1.0,0.0,0,1,0,0,0,-1,0.00,0.00
228.759,0.0,0.0,0.000,0.000,0.000,0.00,-1.0,0.0,0,1,0,0,0,-1,0.00,0.00
228.825,0.0,0.0,0.000,0.000,0.000,0.00,-1.0,0.0,0,1,0,0,0,-1,0.00,0.00
228.877,0.0,0.0,0.000,0.000,0.000,0.00,-1.0,0.0,0,1,0,0,0,-1,0.00,0.00
228.942,0.0,0.0,0.000,0.000,0.000,0.00,-1.0,0.0,0,1,0,0,0,-1,0.00,0.00
228.993,0.0,0.0,0.000,0.000,0.000,0.00,-1.0,0.0,0,1,0,0,0,-1,0.00,0.00
229.059,0.0,0.0,0.000,0.000,0.000,0.00,-1.0,0.0,0,1,0,0,0,-1,0.00,0.00
229.111,0.0,0.0,0.000,0.000,0.000,0.00,-1.0,0.0,0,1,0,0,0,-1,0.00,0.00
229.176,0.0,0.0,0.000,0.000,0.000,0.00,-1.0,0.0,0,1,0,0,0,-1,0.00,0.00
229.226,0.0,0.0,0.000,0.000,0.000,0.00,-1.0,0.0,0,1,0,0,0,-1,0.00,0.00
229.293,0.0,0.0,0.000,0.000,0.000,0.00,-1.0,0.0,0,1,0,0,0,-1,0.00,0.00
229.359,0.0,0.0,0.000,0.000,0.000,0.00,-1.0,0.0,0,1,0,0,0,-1,0.00,0.00
229.410,0.0,0.0,0.000,0.000,0.000,0.00,-1.0,0.0,0,1,0,0,0,-1,0.00,0.00
229.460,0.0,0.0,0.000,0.000,0.000,0.00,-1.0,0.0,0,1,0,0,0,-1,0.00,0.00
229.525,0.0,0.0,0.000,0.000,0.000,0.00,-1.0,0.0,0,1,0,0,0,-1,0.00,0.00
229.593,0.0,0.0,0.000,0.000,0.000,0.00,-1.0,0.0,0,1,0,0,0,-1,0.00,0.00
229.644,0.0,0.0,0.000,0.000,0.000,0.00,-1.0,0.0,0,1,0,0,0,-1,0.00,0.00
229.709,0.0,0.0,0.000,0.000,0.000,0.00,-1.0,0.0,0,1,0,0,0,-1,0.00,0.00
229.760,0.0,0.0,0.000,0.000,0.000,0.00,-1.0,0.0,0,1,0,0,0,-1,0.00,0.00
229.825,0.0,0.0,0.000,0.000,0.000,0.00,-1.0,0.0,0,1,0,0,0,-1,0.00,0.00
229.876,0.0,0.0,0.000,0.000,0.000,0.00,-1.0,0.0,0,1,0,0,0,-1,0.00,0.00
229.943,0.0,0.0,0.000,0.000,0.000,0.00,-1.0,0.0,0,1,0,0,0,-1,0.00,0.00
230.009,0.0,0.0,0.000,0.000,0.000,0.00,-1.0,0.0,0,1,0,0,0,-1,0.00,0.00
230.059,0.0,0.0,0.000,0.000,0.000,0.00,-1.0,0.0,0,1,0,0,0,-1,0.00,0.00
230.127,0.0,0.0,0.000,0.000,0.000,0.00,-1.0,0.0,0,1,0,0,0,-1,0.00,0.00
230.177,0.0,0.0,0.000,0.000,0.000,0.00,-1.0,0.0,0,1,0,0,0,-1,0.00,0.00
230.243,0.0,0.0,0.000,0.000,0.000,0.00,-1.0,0.0,0,1,0,0,0,-1,0.00,0.00
230.310,0.0,0.0,0.000,0.000,0.000,0.00,-1.0,0.0,0,1,0,0,0,-1,0.00,0.00
230.377,0.0,0.0,0.000,0.000,0.000,0.00,-1.0,0.0,0,1,0,0,0,-1,0.00,0.00
230.427,0.0,0.0,0.000,0.000,0.000,0.00,-1.0,0.0,0,1,0,0,0,-1,0.00,0.00
230.494,0.0,0.0,0.000,0.000,0.000,0.00,-1.0,0.0,0,1,0,0,0,-1,0.00,0.00
230.559,0.0,0.0,0.000,0.000,0.000,0.00,-1.0,0.0,0,1,0,0,0,-1,0.00,0.00
230.611,0.0,0.0,0.000,0.000,0.000,0.00,-1.0,0.0,0,1,0,0,0,-1,0.00,0.00
230.676,0.0,0.0,0.000,0.000,0.000,0.00,-1.0,0.0,0,1,0,0,0,-1,0.00,0.00
230.743,0.0,0.0,0.000,0.000,0.000,0.00,-1.0,0.0,0,1,0,0,0,-1,0.00,0.00
230.809,0.0,0.0,0.000,0.000,0.000,0.00,-1.0,0.0,0,1,0,0,0,-1,0.00,0.00
230.859,0.0,0.0,0.000,0.000,0.000,0.00,-1.0,0.0,0,1,0,0,0,-1,0.00,0.00
230.910,0.0,0.0,0.000,0.000,0.000,0.00,-1.0,0.0,0,1,0,0,0,-1,0.00,0.00
230.976,0.0,0.0,0.000,0.000,0.000,0.00,-1.0,0.0,0,1,0,0,0,-1,0.00,0.00
231.028,0.0,0.0,0.000,0.000,0.000,0.00,-1.0,0.0,0,1,0,0,0,-1,0.00,0.00
231.093,0.0,0.0,0.000,0.000,0.000,0.00,-1.0,0.0,0,1,0,0,0,-1,0.00,0.00
231.144,0.0,0.0,0.000,0.000,0.000,0.00,-1.0,0.0,0,1,0,0,0,-1,0.00,0.00
231.210,0.0,0.0,0.000,0.000,0.000,0.00,-1.0,0.0,0,1,0,0,0,-1,0.00,0.00
231.276,0.0,0.0,0.000,0.000,0.000,0.00,-1.0,0.0,0,1,0,0,0,-1,0.00,0.00
231.342,0.0,0.0,0.000,0.000,0.000,0.00,-1.0,0.0,0,1,0,0,0,-1,0.00,0.00
231.393,0.0,0.0,0.000,0.000,0.000,0.00,-1.0,0.0,0,1,0,0,0,-1,0.00,0.00
231.443,0.0,0.0,0.000,0.000,0.000,0.00,-1.0,0.0,0,1,0,0,0,-1,0.00,0.00
231.510,0.0,0.0,0.000,0.000,0.000,0.00,-1.0,0.0,0,1,0,0,0,-1,0.00,0.00
231.560,0.0,0.0,0.000,0.000,0.000,0.00,-1.0,0.0,0,1,0,0,0,-1,0.00,0.00
231.628,0.0,0.0,0.000,0.000,0.000,0.00,-1.0,0.0,0,1,0,0,0,-1,0.00,0.00
231.692,0.0,0.0,0.000,0.000,0.000,0.00,-1.0,0.0,0,1,0,0,0,-1,0.00,0.00
231.743,0.0,0.0,0.000,0.000,0.000,0.00,-1.0,0.0,0,1,0,0,0,-1,0.00,0.00
231.809,0.0,0.0,0.000,0.000,0.000,0.00,-1.0,0.0,0,1,0,0,0,-1,0.00,0.00
231.860,0.0,0.0,0.000,0.000,0.000,0.00,-1.0,0.0,0,1,0,0,0,-1,0.00,0.00
231.910,0.0,0.0,0.000,0.000,0.000,0.00,-1.0,0.0,0,1,0,0,0,-1,0.00,0.00
231.976,0.0,0.0,0.000,0.000,0.000,0.00,-1.0,0.0,0,1,0,0,0,-1,0.00,0.00
232.027,0.0,0.0,0.000,0.000,0.000,0.00,-1.0,0.0,0,1,0,0,0,-1,0.00,0.00
232.094,0.0,0.0,0.000,0.000,0.000,0.00,-1.0,0.0,0,1,0,0,0,-1,0.00,0.00
232.160,0.0,0.0,0.000,0.000,0.000,0.00,-1.0,0.0,0,1,0,0,0,-1,0.00,0.00
232.227,0.0,0.0,0.000,0.000,0.000,0.00,-1.0,0.0,0,1,0,0,0,-1,0.00,0.00
232.280,0.0,0.0,0.000,0.000,0.000,0.00,-1.0,0.0,0,1,0,0,0,-1,0.00,0.00
232.342,0.0,0.0,0.000,0.000,0.000,0.00,-1.0,0.0,0,1,0,0,0,-1,0.00,0.00
232.410,0.0,0.0,0.000,0.000,0.000,0.00,-1.0,0.0,0,1,0,0,0,-1,0.00,0.00
232.476,0.0,0.0,0.000,0.000,0.000,0.00,-1.0,0.0,0,1,0,0,0,-1,0.00,0.00
232.526,0.0,0.0,0.000,0.000,0.000,0.00,-1.0,0.0,0,1,0,0,0,-1,0.00,0.00
232.577,0.0,0.0,0.000,0.000,0.000,0.00,-1.0,0.0,0,1,0,0,0,-1,0.00,0.00
232.643,0.0,0.0,0.000,0.000,0.000,0.00,-1.0,0.0,0,1,0,0,0,-1,0.00,0.00
232.710,0.0,0.0,0.000,0.000,0.000,0.00,-1.0,0.0,0,1,0,0,0,-1,0.00,0.00
232.775,0.0,0.0,0.000,0.000,0.000,0.00,-1.0,0.0,0,1,0,0,0,-1,0.00,0.00
232.826,0.0,0.0,0.000,0.000,0.000,0.00,-1.0,0.0,0,1,0,0,0,-1,0.00,0.00
232.877,0.0,0.0,0.000,0.000,0.000,0.00,-1.0,0.0,0,1,0,0,0,-1,0.00,0.00
232.943,0.0,0.0,0.000,0.000,0.000,0.00,-1.0,0.0,0,1,0,0,0,-1,0.00,0.00
233.008,0.0,0.0,0.000,0.000,0.000,0.00,-1.0,0.0,0,1,0,0,0,-1,0.00,0.00
233.059,0.0,0.0,0.000,0.000,0.000,0.00,-1.0,0.0,0,1,0,0,0,-1,0.00,0.00
233.125,0.0,0.0,0.000,0.000,0.000,0.00,-1.0,0.0,0,1,0,0,0,-1,0.00,0.00
233.176,0.0,0.0,0.000,0.000,0.000,0.00,-1.0,0.0,0,1,0,0,0,-1,0.00,0.00
233.226,0.0,0.0,0.000,0.000,0.000,0.00,-1.0,0.0,0,1,0,0,0,-1,0.00,0.00
233.277,0.0,0.0,0.000,0.000,0.000,0.00,-1.0,0.0,0,1,0,0,0,-1,0.00,0.00
233.344,0.0,0.0,0.000,0.000,0.000,0.00,-1.0,0.0,0,1,0,0,0,-1,0.00,0.00
233.409,0.0,0.0,0.000,0.000,0.000,0.00,-1.0,0.0,0,1,0,0,0,-1,0.00,0.00
233.476,0.0,0.0,0.000,0.000,0.000,0.00,-1.0,0.0,0,1,0,0,0,-1,0.00,0.00
233.528,0.0,0.0,0.000,0.000,0.000,0.00,-1.0,0.0,0,1,0,0,0,-1,0.00,0.00
233.593,0.0,0.0,0.000,0.000,0.000,0.00,-1.0,0.0,0,1,0,0,0,-1,0.00,0.00
233.660,0.0,0.0,0.000,0.000,0.000,0.00,-1.0,0.0,0,1,0,0,0,-1,0.00,0.00
233.726,0.0,0.0,0.000,0.000,0.000,0.00,-1.0,0.0,0,1,0,0,0,-1,0.00,0.00
233.776,0.0,0.0,0.000,0.000,0.000,0.00,-1.0,0.0,0,1,0,0,0,-1,0.00,0.00
233.842,0.0,0.0,0.000,0.000,0.000,0.00,-1.0,0.0,0,1,0,0,0,-1,0.00,0.00
233.893,0.0,0.0,0.000,0.000,0.000,0.00,-1.0,0.0,0,1,0,0,0,-1,0.00,0.00
233.959,0.0,0.0,0.000,0.000,0.000,0.00,-1.0,0.0,0,1,0,0,0,-1,0.00,0.00
234.010,0.0,0.0,0.000,0.000,0.000,0.00,-1.0,0.0,0,1,0,0,0,-1,0.00,0.00
234.077,0.0,0.0,0.000,0.000,0.000,0.00,-1.0,0.0,0,1,0,0,0,-1,0.00,0.00
234.143,0.0,0.0,0.000,0.000,0.000,0.00,-1.0,0.0,0,1,0,0,0,-1,0.00,0.00
234.210,0.0,0.0,0.000,0.000,0.000,0.00,-1.0,0.0,0,1,0,0,0,-1,0.00,0.00
234.278,0.0,0.0,0.000,0.000,0.000,0.00,-1.0,0.0,0,1,0,0,0,-1,0.00,0.00
234.343,0.0,0.0,0.000,0.000,0.000,0.00,-1.0,0.0,0,1,0,0,0,-1,0.00,0.00
234.410,0.0,0.0,0.000,0.000,0.000,0.00,-1.0,0.0,0,1,0,0,0,-1,0.00,0.00
234.475,0.0,0.0,0.000,0.000,0.000,0.00,-1.0,0.0,0,1,0,0,0,-1,0.00,0.00
234.525,0.0,0.0,0.000,0.000,0.000,0.00,-1.0,0.0,0,1,0,0,0,-1,0.00,0.00
234.576,0.0,0.0,0.000,0.000,0.000,0.00,-1.0,0.0,0,1,0,0,0,-1,0.00,0.00
234.642,0.0,0.0,0.000,0.000,0.000,0.00,-1.0,0.0,0,1,0,0,0,-1,0.00,0.00
234.693,0.0,0.0,0.000,0.000,0.000,0.00,-1.0,0.0,0,1,0,0,0,-1,0.00,0.00
234.760,0.0,0.0,0.000,0.000,0.000,0.00,-1.0,0.0,0,1,0,0,0,-1,0.00,0.00
234.826,0.0,0.0,0.000,0.000,0.000,0.00,-1.0,0.0,0,1,0,0,0,-1,0.00,0.00
234.880,0.0,0.0,0.000,0.000,0.000,0.00,-1.0,0.0,0,1,0,0,0,-1,0.00,0.00
234.943,0.0,0.0,0.000,0.000,0.000,0.00,-1.0,0.0,0,1,0,0,0,-1,0.00,0.00
235.009,0.0,0.0,0.000,0.000,0.000,0.00,-1.0,0.0,0,1,0,0,0,-1,0.00,0.00
235.076,0.0,0.0,0.000,0.000,0.000,0.00,-1.0,0.0,0,1,0,0,0,-1,0.00,0.00
235.127,0.0,0.0,0.000,0.000,0.000,0.00,-1.0,0.0,0,1,0,0,0,-1,0.00,0.00
235.192,0.0,0.0,0.000,0.000,0.000,0.00,-1.0,0.0,0,1,0,0,0,-1,0.00,0.00
235.242,0.0,0.0,0.000,0.000,0.000,0.00,-1.0,0.0,0,1,0,0,0,-1,0.00,0.00
235.309,0.0,0.0,0.000,0.000,0.000,0.00,-1.0,0.0,0,1,0,0,0,-1,0.00,0.00
235.363,0.0,0.0,0.000,0.000,0.000,0.00,-1.0,0.0,0,1,0,0,0,-1,0.00,0.00
235.426,0.0,0.0,0.000,0.000,0.000,0.00,-1.0,0.0,0,1,0,0,0,-1,0.00,0.00
235.476,0.0,0.0,0.000,0.000,0.000,0.00,-1.0,0.0,0,1,0,0,0,-1,0.00,0.00
235.528,0.0,0.0,0.000,0.000,0.000,0.00,-1.0,0.0,0,1,0,0,0,-1,0.00,0.00
235.592,0.0,0.0,0.000,0.000,0.000,0.00,-1.0,0.0,0,1,0,0,0,-1,0.00,0.00
235.646,0.0,0.0,0.000,0.000,0.000,0.00,-1.0,0.0,0,1,0,0,0,-1,0.00,0.00
235.706,0.0,0.0,0.000,0.000,0.000,0.00,-1.0,0.0,0,1,0,0,0,-1,0.00,0.00
235.781,0.0,0.0,0.000,0.000,0.000,0.00,-1.0,0.0,0,1,0,0,0,-1,0.00,0.00
235.840,0.0,0.0,0.000,0.000,0.000,0.00,-1.0,0.0,0,1,0,0,0,-1,0.00,0.00
235.890,0.0,0.0,0.000,0.000,0.000,0.00,-1.0,0.0,0,1,0,0,0,-1,0.00,0.00
235.942,0.0,0.0,0.000,0.000,0.000,0.00,-1.0,0.0,0,1,0,0,0,-1,0.00,0.00
235.995,0.0,0.0,0.000,0.000,0.000,0.00,-1.0,0.0,0,1,0,0,0,-1,0.00,0.00
236.060,0.0,0.0,0.000,0.000,0.000,0.00,-1.0,0.0,0,1,0,0,0,-1,0.00,0.00
236.126,0.0,0.0,0.000,0.000,0.000,0.00,-1.0,0.0,0,1,0,0,0,-1,0.00,0.00
236.193,0.0,0.0,0.000,0.000,0.000,0.00,-1.0,0.0,0,1,0,0,0,-1,0.00,0.00
236.260,0.0,0.0,0.000,0.000,0.000,0.00,-1.0,0.0,0,1,0,0,0,-1,0.00,0.00
236.327,0.0,0.0,0.000,0.000,0.000,0.00,-1.0,0.0,0,1,0,0,0,-1,0.00,0.00
236.393,0.0,0.0,0.000,0.000,0.000,0.00,-1.0,0.0,0,1,0,0,0,-1,0.00,0.00
236.459,0.0,0.0,0.000,0.000,0.000,0.00,-1.0,0.0,0,1,0,0,0,-1,0.00,0.00
236.510,0.0,0.0,0.000,0.000,0.000,0.00,-1.0,0.0,0,1,0,0,0,-1,0.00,0.00
236.564,0.0,0.0,0.000,0.000,0.000,0.00,-1.0,0.0,0,1,0,0,0,-1,0.00,0.00
236.626,0.0,0.0,0.000,0.000,0.000,0.00,-1.0,0.0,0,1,0,0,0,-1,0.00,0.00
236.692,0.0,0.0,0.000,0.000,0.000,0.00,-1.0,0.0,0,1,0,0,0,-1,0.00,0.00
236.744,0.0,0.0,0.000,0.000,0.000,0.00,-1.0,0.0,0,1,0,0,0,-1,0.00,0.00
236.810,0.0,0.0,0.000,0.000,0.000,0.00,-1.0,0.0,0,1,0,0,0,-1,0.00,0.00
236.860,0.0,0.0,0.000,0.000,0.000,0.00,-1.0,0.0,0,1,0,0,0,-1,0.00,0.00
236.926,0.0,0.0,0.000,0.000,0.000,0.00,-1.0,0.0,0,1,0,0,0,-1,0.00,0.00
236.977,0.0,0.0,0.000,0.000,0.000,0.00,-1.0,0.0,0,1,0,0,0,-1,0.00,0.00
237.043,0.0,0.0,0.000,0.000,0.000,0.00,-1.0,0.0,0,1,0,0,0,-1,0.00,0.00
237.110,0.0,0.0,0.000,0.000,0.000,0.00,-1.0,0.0,0,1,0,0,0,-1,0.00,0.00
237.176,0.0,0.0,0.000,0.000,0.000,0.00,-1.0,0.0,0,1,0,0,0,-1,0.00,0.00
237.226,0.0,0.0,0.000,0.000,0.000,0.00,-1.0,0.0,0,1,0,0,0,-1,0.00,0.00
237.294,0.0,0.0,0.000,0.000,0.000,0.00,-1.0,0.0,0,1,0,0,0,-1,0.00,0.00
237.344,0.0,0.0,0.000,0.000,0.000,0.00,-1.0,0.0,0,1,0,0,0,-1,0.00,0.00
237.409,0.0,0.0,0.000,0.000,0.000,0.00,-1.0,0.0,0,1,0,0,0,-1,0.00,0.00
237.463,0.0,0.0,0.000,0.000,0.000,0.00,-1.0,0.0,0,1,0,0,0,-1,0.00,0.00
237.527,0.0,0.0,0.000,0.000,0.000,0.00,-1.0,0.0,0,1,0,0,0,-1,0.00,0.00
237.592,0.0,0.0,0.000,0.000,0.000,0.00,-1.0,0.0,0,1,0,0,0,-1,0.00,0.00
237.643,0.0,0.0,0.000,0.000,0.000,0.00,-1.0,0.0,0,1,0,0,0,-1,0.00,0.00
237.694,0.0,0.0,0.000,0.000,0.000,0.00,-1.0,0.0,0,1,0,0,0,-1,0.00,0.00
237.760,0.0,0.0,0.000,0.000,0.000,0.00,-1.0,0.0,0,1,0,0,0,-1,0.00,0.00
237.827,0.0,0.0,0.000,0.000,0.000,0.00,-1.0,0.0,0,1,0,0,0,-1,0.00,0.00
237.892,0.0,0.0,0.000,0.000,0.000,0.00,-1.0,0.0,0,1,0,0,0,-1,0.00,0.00
237.942,0.0,0.0,0.000,0.000,0.000,0.00,-1.0,0.0,0,1,0,0,0,-1,0.00,0.00
238.010,0.0,0.0,0.000,0.000,0.000,0.00,-1.0,0.0,0,1,0,0,0,-1,0.00,0.00
238.077,0.0,0.0,0.000,0.000,0.000,0.00,-1.0,0.0,0,1,0,0,0,-1,0.00,0.00
238.127,0.0,0.0,0.000,0.000,0.000,0.00,-1.0,0.0,0,1,0,0,0,-1,0.00,0.00
238.192,0.0,0.0,0.000,0.000,0.000,0.00,-1.0,0.0,0,1,0,0,0,-1,0.00,0.00
238.243,0.0,0.0,0.000,0.000,0.000,0.00,-1.0,0.0,0,1,0,0,0,-1,0.00,0.00
238.309,0.0,0.0,0.000,0.000,0.000,0.00,-1.0,0.0,0,1,0,0,0,-1,0.00,0.00
238.376,0.0,0.0,0.000,0.000,0.000,0.00,-1.0,0.0,0,1,0,0,0,-1,0.00,0.00
238.442,0.0,0.0,0.000,0.000,0.000,0.00,-1.0,0.0,0,1,0,0,0,-1,0.00,0.00
238.492,0.0,0.0,0.000,0.000,0.000,0.00,-1.0,0.0,0,1,0,0,0,-1,0.00,0.00
238.543,0.0,0.0,0.000,0.000,0.000,0.00,-1.0,0.0,0,1,0,0,0,-1,0.00,0.00
238.609,0.0,0.0,0.000,0.000,0.000,0.00,-1.0,0.0,0,1,0,0,0,-1,0.00,0.00
238.677,0.0,0.0,0.000,0.000,0.000,0.00,-1.0,0.0,0,1,0,0,0,-1,0.00,0.00
238.743,0.0,0.0,0.000,0.000,0.000,0.00,-1.0,0.0,0,1,0,0,0,-1,0.00,0.00
238.810,0.0,0.0,0.000,0.000,0.000,0.00,-1.0,0.0,0,1,0,0,0,-1,0.00,0.00
238.875,0.0,0.0,0.000,0.000,0.000,0.00,-1.0,0.0,0,1,0,0,0,-1,0.00,0.00
238.925,0.0,0.0,0.000,0.000,0.000,0.00,-1.0,0.0,0,1,0,0,0,-1,0.00,0.00
238.976,0.0,0.0,0.000,0.000,0.000,0.00,-1.0,0.0,0,1,0,0,0,-1,0.00,0.00
239.027,0.0,0.0,0.000,0.000,0.000,0.00,-1.0,0.0,0,1,0,0,0,-1,0.00,0.00
239.092,0.0,0.0,0.000,0.000,0.000,0.00,-1.0,0.0,0,1,0,0,0,-1,0.00,0.00
239.143,0.0,0.0,0.000,0.000,0.000,0.00,-1.0,0.0,0,1,0,0,0,-1,0.00,0.00
239.210,0.0,0.0,0.000,0.000,0.000,0.00,-1.0,0.0,0,1,0,0,0,-1,0.00,0.00
239.276,0.0,0.0,0.000,0.000,0.000,0.00,-1.0,0.0,0,1,0,0,0,-1,0.00,0.00
239.342,0.0,0.0,0.000,0.000,0.000,0.00,-1.0,0.0,0,1,0,0,0,-1,0.00,0.00
239.392,0.0,0.0,0.000,0.000,0.000,0.00,-1.0,0.0,0,1,0,0,0,-1,0.00,0.00
239.443,0.0,0.0,0.000,0.000,0.000,0.00,-1.0,0.0,0,1,0,0,0,-1,0.00,0.00
239.510,0.0,0.0,0.000,0.000,0.000,0.00,-1.0,0.0,0,1,0,0,0,-1,0.00,0.00
239.575,0.0,0.0,0.000,0.000,0.000,0.00,-1.0,0.0,0,1,0,0,0,-1,0.00,0.00
239.626,0.0,0.0,0.000,0.000,0.000,0.00,-1.0,0.0,0,1,0,0,0,-1,0.00,0.00
239.692,0.0,0.0,0.000,0.000,0.000,0.00,-1.0,0.0,0,1,0,0,0,-1,0.00,0.00
239.742,0.0,0.0,0.000,0.000,0.000,0.00,-1.0,0.0,0,1,0,0,0,-1,0.00,0.00
239.794,0.0,0.0,0.000,0.000,0.000,0.00,-1.0,0.0,0,1,0,0,0,-1,0.00,0.00
239.859,0.0,0.0,0.000,0.000,0.000,0.00,-1.0,0.0,0,1,0,0,0,-1,0.00,0.00
239.909,0.0,0.0,0.000,0.000,0.000,0.00,-1.0,0.0,0,1,0,0,0,-1,0.00,0.00
239.960,0.0,0.0,0.000,0.000,0.000,0.00,-1.0,0.0,0,1,0,0,0,-1,0.00,0.00
240.027,0.0,0.0,0.000,0.000,0.000,0.00,-1.0,0.0,0,1,0,0,0,-1,0.00,0.00
240.095,0.0,0.0,0.000,0.000,0.000,0.00,-1.0,0.0,0,1,0,0,0,-1,0.00,0.00
240.158,0.0,0.0,0.000,0.000,0.000,0.00,-1.0,0.0,0,1,0,0,0,-1,0.00,0.00
240.210,0.0,0.0,0.000,0.000,0.000,0.00,-1.0,0.0,0,1,0,0,0,-1,0.00,0.00
240.276,0.0,0.0,0.000,0.000,0.000,0.00,-1.0,0.0,0,1,0,0,0,-1,0.00,0.00
240.327,0.0,0.0,0.000,0.000,0.000,0.00,-1.0,0.0,0,1,0,0,0,-1,0.00,0.00
240.393,0.0,0.0,0.000,0.000,0.000,0.00,-1.0,0.0,0,1,0,0,0,-1,0.00,0.00
240.443,0.0,0.0,0.000,0.000,0.000,0.00,-1.0,0.0,0,1,0,0,0,-1,0.00,0.00
240.493,0.0,0.0,0.000,0.000,0.000,0.00,-1.0,0.0,0,1,0,0,0,-1,0.00,0.00
240.559,0.0,0.0,0.000,0.000,0.000,0.00,-1.0,0.0,0,1,0,0,0,-1,0.00,0.00
240.610,0.0,0.0,0.000,0.000,0.000,0.00,-1.0,0.0,0,1,0,0,0,-1,0.00,0.00
240.677,0.0,0.0,0.000,0.000,0.000,0.00,-1.0,0.0,0,1,0,0,0,-1,0.00,0.00
240.742,0.0,0.0,0.000,0.000,0.000,0.00,-1.0,0.0,0,1,0,0,0,-1,0.00,0.00
240.792,0.0,0.0,0.000,0.000,0.000,0.00,-1.0,0.0,0,1,0,0,0,-1,0.00,0.00
240.842,0.0,0.0,0.000,0.000,0.000,0.00,-1.0,0.0,0,1,0,0,0,-1,0.00,0.00
240.910,0.0,0.0,0.000,0.000,0.000,0.00,-1.0,0.0,0,1,0,0,0,-1,0.00,0.00
240.976,0.0,0.0,0.000,0.000,0.000,0.00,-1.0,0.0,0,1,0,0,0,-1,0.00,0.00
241.026,0.0,0.0,0.000,0.000,0.000,0.00,-1.0,0.0,0,1,0,0,0,-1,0.00,0.00
241.092,0.0,0.0,0.000,0.000,0.000,0.00,-1.0,0.0,0,1,0,0,0,-1,0.00,0.00
241.143,0.0,0.0,0.000,0.000,0.000,0.00,-1.0,0.0,0,1,0,0,0,-1,0.00,0.00
241.193,0.0,0.0,0.000,0.000,0.000,0.00,-1.0,0.0,0,1,0,0,0,-1,0.00,0.00
241.260,0.0,0.0,0.000,0.000,0.000,0.00,-1.0,0.0,0,1,0,0,0,-1,0.00,0.00
241.327,0.0,0.0,0.000,0.000,0.000,0.00,-1.0,0.0,0,1,0,0,0,-1,0.00,0.00
241.393,0.0,0.0,0.000,0.000,0.000,0.00,-1.0,0.0,0,1,0,0,0,-1,0.00,0.00
241.459,0.0,0.0,0.000,0.000,0.000,0.00,-1.0,0.0,0,1,0,0,0,-1,0.00,0.00
241.509,0.0,0.0,0.000,0.000,0.000,0.00,-1.0,0.0,0,1,0,0,0,-1,0.00,0.00
241.561,0.0,0.0,0.000,0.000,0.000,0.00,-1.0,0.0,0,1,0,0,0,-1,0.00,0.00
241.626,0.0,0.0,0.000,0.000,0.000,0.00,-1.0,0.0,0,1,0,0,0,-1,0.00,0.00
241.676,0.0,0.0,0.000,0.000,0.000,0.00,-1.0,0.0,0,1,0,0,0,-1,0.00,0.00
241.742,0.0,0.0,0.000,0.000,0.000,0.00,-1.0,0.0,0,1,0,0,0,-1,0.00,0.00
241.794,0.0,0.0,0.000,0.000,0.000,0.00,-1.0,0.0,0,1,0,0,0,-1,0.00,0.00
241.844,0.0,0.0,0.000,0.000,0.000,0.00,-1.0,0.0,0,1,0,0,0,-1,0.00,0.00
241.895,0.0,0.0,0.000,0.000,0.000,0.00,-1.0,0.0,0,1,0,0,0,-1,0.00,0.00
241.960,0.0,0.0,0.000,0.000,0.000,0.00,-1.0,0.0,0,1,0,0,0,-1,0.00,0.00
242.010,0.0,0.0,0.000,0.000,0.000,0.00,-1.0,0.0,0,1,0,0,0,-1,0.00,0.00
242.076,0.0,0.0,0.000,0.000,0.000,0.00,-1.0,0.0,0,1,0,0,0,-1,0.00,0.00
242.127,0.0,0.0,0.000,0.000,0.000,0.00,-1.0,0.0,0,1,0,0,0,-1,0.00,0.00
242.179,0.0,0.0,0.000,0.000,0.000,0.00,-1.0,0.0,0,1,0,0,0,-1,0.00,0.00
242.244,0.0,0.0,0.000,0.000,0.000,0.00,-1.0,0.0,0,1,0,0,0,-1,0.00,0.00
242.309,0.0,0.0,0.000,0.000,0.000,0.00,-1.0,0.0,0,1,0,0,0,-1,0.00,0.00
242.376,0.0,0.0,0.000,0.000,0.000,0.00,-1.0,0.0,0,1,0,0,0,-1,0.00,0.00
242.431,0.0,0.0,0.000,0.000,0.000,0.00,-1.0,0.0,0,1,0,0,0,-1,0.00,0.00
242.493,0.0,0.0,0.000,0.000,0.000,0.00,-1.0,0.0,0,1,0,0,0,-1,0.00,0.00
242.544,0.0,0.0,0.000,0.000,0.000,0.00,-1.0,0.0,0,1,0,0,0,-1,0.00,0.00
242.609,0.0,0.0,0.000,0.000,0.000,0.00,-1.0,0.0,0,1,0,0,0,-1,0.00,0.00
242.662,0.0,0.0,0.000,0.000,0.000,0.00,-1.0,0.0,0,1,0,0,0,-1,0.00,0.00
242.727,0.0,0.0,0.000,0.000,0.000,0.00,-1.0,0.0,0,1,0,0,0,-1,0.00,0.00
242.793,0.0,0.0,0.000,0.000,0.000,0.00,-1.0,0.0,0,1,0,0,0,-1,0.00,0.00
242.860,0.0,0.0,0.000,0.000,0.000,0.00,-1.0,0.0,0,1,0,0,0,-1,0.00,0.00
242.926,0.0,0.0,0.000,0.000,0.000,0.00,-1.0,0.0,0,1,0,0,0,-1,0.00,0.00
242.992,0.0,0.0,0.000,0.000,0.000,0.00,-1.0,0.0,0,1,0,0,0,-1,0.00,0.00
243.059,0.0,0.0,0.000,0.000,0.000,0.00,-1.0,0.0,0,1,0,0,0,-1,0.00,0.00
243.126,0.0,0.0,0.000,0.000,0.000,0.00,-1.0,0.0,0,1,0,0,0,-1,0.00,0.00
243.193,0.0,0.0,0.000,0.000,0.000,0.00,-1.0,0.0,0,1,0,0,0,-1,0.00,0.00
243.259,0.0,0.0,0.000,0.000,0.000,0.00,-1.0,0.0,0,1,0,0,0,-1,0.00,0.00
243.310,0.0,0.0,0.000,0.000,0.000,0.00,-1.0,0.0,0,1,0,0,0,-1,0.00,0.00
243.360,0.0,0.0,0.000,0.000,0.000,0.00,-1.0,0.0,0,1,0,0,0,-1,0.00,0.00
243.425,0.0,0.0,0.000,0.000,0.000,0.00,-1.0,0.0,0,1,0,0,0,-1,0.00,0.00
243.492,0.0,0.0,0.000,0.000,0.000,0.00,-1.0,0.0,0,1,0,0,0,-1,0.00,0.00
243.561,0.0,0.0,0.000,0.000,0.000,0.00,-1.0,0.0,0,1,0,0,0,-1,0.00,0.00
243.629,0.0,0.0,0.000,0.000,0.000,0.00,-1.0,0.0,0,1,0,0,0,-1,0.00,0.00
243.691,0.0,0.0,0.000,0.000,0.000,0.00,-1.0,0.0,0,1,0,0,0,-1,0.00,0.00
243.743,0.0,0.0,0.000,0.000,0.000,0.00,-1.0,0.0,0,1,0,0,0,-1,0.00,0.00
243.807,0.0,0.0,0.000,0.000,0.000,0.00,-1.0,0.0,0,1,0,0,0,-1,0.00,0.00
243.860,0.0,0.0,0.000,0.000,0.000,0.00,-1.0,0.0,0,1,0,0,0,-1,0.00,0.00
243.928,0.0,0.0,0.000,0.000,0.000,0.00,-1.0,0.0,0,1,0,0,0,-1,0.00,0.00
243.993,0.0,0.0,0.000,0.000,0.000,0.00,-1.0,0.0,0,1,0,0,0,-1,0.00,0.00
244.043,0.0,0.0,0.000,0.000,0.000,0.00,-1.0,0.0,0,1,0,0,0,-1,0.00,0.00
244.110,0.0,0.0,0.000,0.000,0.000,0.00,-1.0,0.0,0,1,0,0,0,-1,0.00,0.00
244.176,0.0,0.0,0.000,0.000,0.000,0.00,-1.0,0.0,0,1,0,0,0,-1,0.00,0.00
244.229,0.0,0.0,0.000,0.000,0.000,0.00,-1.0,0.0,0,1,0,0,0,-1,0.00,0.00
244.294,0.0,0.0,0.000,0.000,0.000,0.00,-1.0,0.0,0,1,0,0,0,-1,0.00,0.00
244.360,0.0,0.0,0.000,0.000,0.000,0.00,-1.0,0.0,0,1,0,0,0,-1,0.00,0.00
244.427,0.0,0.0,0.000,0.000,0.000,0.00,-1.0,0.0,0,1,0,0,0,-1,0.00,0.00
244.492,0.0,0.0,0.000,0.000,0.000,0.00,-1.0,0.0,0,1,0,0,0,-1,0.00,0.00
244.542,0.0,0.0,0.000,0.000,0.000,0.00,-1.0,0.0,0,1,0,0,0,-1,0.00,0.00
244.612,0.0,0.0,0.000,0.000,0.000,0.00,-1.0,0.0,0,1,0,0,0,-1,0.00,0.00
244.676,0.0,0.0,0.000,0.000,0.000,0.00,-1.0,0.0,0,1,0,0,0,-1,0.00,0.00
244.743,0.0,0.0,0.000,0.000,0.000,0.00,-1.0,0.0,0,1,0,0,0,-1,0.00,0.00
244.810,0.0,0.0,0.000,0.000,0.000,0.00,-1.0,0.0,0,1,0,0,0,-1,0.00,0.00
244.862,0.0,0.0,0.000,0.000,0.000,0.00,-1.0,0.0,0,1,0,0,0,-1,0.00,0.00
244.925,0.0,0.0,0.000,0.000,0.000,0.00,-1.0,0.0,0,1,0,0,0,-1,0.00,0.00
244.993,0.0,0.0,0.000,0.000,0.000,0.00,-1.0,0.0,0,1,0,0,0,-1,0.00,0.00
245.061,0.0,0.0,0.000,0.000,0.000,0.00,-1.0,0.0,0,1,0,0,0,-1,0.00,0.00
245.126,0.0,0.0,0.000,0.000,0.000,0.00,-1.0,0.0,0,1,0,0,0,-1,0.00,0.00
245.176,0.0,0.0,0.000,0.000,0.000,0.00,-1.0,0.0,0,1,0,0,0,-1,0.00,0.00
245.227,0.0,0.0,0.000,0.000,0.000,0.00,-1.0,0.0,0,1,0,0,0,-1,0.00,0.00
245.293,0.0,0.0,0.000,0.000,0.000,0.00,-1.0,0.0,0,1,0,0,0,-1,0.00,0.00
245.344,0.0,0.0,0.000,0.000,0.000,0.00,-1.0,0.0,0,1,0,0,0,-1,0.00,0.00
245.409,0.0,0.0,0.000,0.000,0.000,0.00,-1.0,0.0,0,1,0,0,0,-1,0.00,0.00
245.460,0.0,0.0,0.000,0.000,0.000,0.00,-1.0,0.0,0,1,0,0,0,-1,0.00,0.00
245.526,0.0,0.0,0.000,0.000,0.000,0.00,-1.0,0.0,0,1,0,0,0,-1,0.00,0.00
245.593,0.0,0.0,0.000,0.000,0.000,0.00,-1.0,0.0,0,1,0,0,0,-1,0.00,0.00
245.644,0.0,0.0,0.000,0.000,0.000,0.00,-1.0,0.0,0,1,0,0,0,-1,0.00,0.00
245.709,0.0,0.0,0.000,0.000,0.000,0.00,-1.0,0.0,0,1,0,0,0,-1,0.00,0.00
245.760,0.0,0.0,0.000,0.000,0.000,0.00,-1.0,0.0,0,1,0,0,0,-1,0.00,0.00
245.827,0.0,0.0,0.000,0.000,0.000,0.00,-1.0,0.0,0,1,0,0,0,-1,0.00,0.00
245.893,0.0,0.0,0.000,0.000,0.000,0.00,-1.0,0.0,0,1,0,0,0,-1,0.00,0.00
245.960,0.0,0.0,0.000,0.000,0.000,0.00,-1.0,0.0,0,1,0,0,0,-1,0.00,0.00
246.027,0.0,0.0,0.000,0.000,0.000,0.00,-1.0,0.0,0,1,0,0,0,-1,0.00,0.00
246.097,0.0,0.0,0.000,0.000,0.000,0.00,-1.0,0.0,0,1,0,0,0,-1,0.00,0.00
246.159,0.0,0.0,0.000,0.000,0.000,0.00,-1.0,0.0,0,1,0,0,0,-1,0.00,0.00
246.225,0.0,0.0,0.000,0.000,0.000,0.00,-1.0,0.0,0,1,0,0,0,-1,0.00,0.00
246.276,0.0,0.0,0.000,0.000,0.000,0.00,-1.0,0.0,0,1,0,0,0,-1,0.00,0.00
246.343,0.0,0.0,0.000,0.000,0.000,0.00,-1.0,0.0,0,1,0,0,0,-1,0.00,0.00
246.394,0.0,0.0,0.000,0.000,0.000,0.00,-1.0,0.0,0,1,0,0,0,-1,0.00,0.00
246.460,0.0,0.0,0.000,0.000,0.000,0.00,-1.0,0.0,0,1,0,0,0,-1,0.00,0.00
246.526,0.0,0.0,0.000,0.000,0.000,0.00,-1.0,0.0,0,1,0,0,0,-1,0.00,0.00
246.576,0.0,0.0,0.000,0.000,0.000,0.00,-1.0,0.0,0,1,0,0,0,-1,0.00,0.00
246.626,0.0,0.0,0.000,0.000,0.000,0.00,-1.0,0.0,0,1,0,0,0,-1,0.00,0.00
246.693,0.0,0.0,0.000,0.000,0.000,0.00,-1.0,0.0,0,1,0,0,0,-1,0.00,0.00
246.743,0.0,0.0,0.000,0.000,0.000,0.00,-1.0,0.0,0,1,0,0,0,-1,0.00,0.00
246.793,0.0,0.0,0.000,0.000,0.000,0.00,-1.0,0.0,0,1,0,0,0,-1,0.00,0.00
246.843,0.0,0.0,0.000,0.000,0.000,0.00,-1.0,0.0,0,1,0,0,0,-1,0.00,0.00
246.909,0.0,0.0,0.000,0.000,0.000,0.00,-1.0,0.0,0,1,0,0,0,-1,0.00,0.00
246.960,0.0,0.0,0.000,0.000,0.000,0.00,-1.0,0.0,0,1,0,0,0,-1,0.00,0.00
247.026,0.0,0.0,0.000,0.000,0.000,0.00,-1.0,0.0,0,1,0,0,0,-1,0.00,0.00
247.093,0.0,0.0,0.000,0.000,0.000,0.00,-1.0,0.0,0,1,0,0,0,-1,0.00,0.00
247.159,0.0,0.0,0.000,0.000,0.000,0.00,-1.0,0.0,0,1,0,0,0,-1,0.00,0.00
247.226,0.0,0.0,0.000,0.000,0.000,0.00,-1.0,0.0,0,1,0,0,0,-1,0.00,0.00
247.276,0.0,0.0,0.000,0.000,0.000,0.00,-1.0,0.0,0,1,0,0,0,-1,0.00,0.00
247.343,0.0,0.0,0.000,0.000,0.000,0.00,-1.0,0.0,0,1,0,0,0,-1,0.00,0.00
247.393,0.0,0.0,0.000,0.000,0.000,0.00,-1.0,0.0,0,1,0,0,0,-1,0.00,0.00
247.460,0.0,0.0,0.000,0.000,0.000,0.00,-1.0,0.0,0,1,0,0,0,-1,0.00,0.00
247.510,0.0,0.0,0.000,0.000,0.000,0.00,-1.0,0.0,0,1,0,0,0,-1,0.00,0.00
247.560,0.0,0.0,0.000,0.000,0.000,0.00,-1.0,0.0,0,1,0,0,0,-1,0.00,0.00
247.626,0.0,0.0,0.000,0.000,0.000,0.00,-1.0,0.0,0,1,0,0,0,-1,0.00,0.00
247.676,0.0,0.0,0.000,0.000,0.000,0.00,-1.0,0.0,0,1,0,0,0,-1,0.00,0.00
247.745,0.0,0.0,0.000,0.000,0.000,0.00,-1.0,0.0,0,1,0,0,0,-1,0.00,0.00
247.809,0.0,0.0,0.000,0.000,0.000,0.00,-1.0,0.0,0,1,0,0,0,-1,0.00,0.00
247.859,0.0,0.0,0.000,0.000,0.000,0.00,-1.0,0.0,0,1,0,0,0,-1,0.00,0.00
247.925,0.0,0.0,0.000,0.000,0.000,0.00,-1.0,0.0,0,1,0,0,0,-1,0.00,0.00
247.978,0.0,0.0,0.000,0.000,0.000,0.00,-1.0,0.0,0,1,0,0,0,-1,0.00,0.00
248.043,0.0,0.0,0.000,0.000,0.000,0.00,-1.0,0.0,0,1,0,0,0,-1,0.00,0.00
248.093,0.0,0.0,0.000,0.000,0.000,0.00,-1.0,0.0,0,1,0,0,0,-1,0.00,0.00
248.143,0.0,0.0,0.000,0.000,0.000,0.00,-1.0,0.0,0,1,0,0,0,-1,0.00,0.00
248.194,0.0,0.0,0.000,0.000,0.000,0.00,-1.0,0.0,0,1,0,0,0,-1,0.00,0.00
248.259,0.0,0.0,0.000,0.000,0.000,0.00,-1.0,0.0,0,1,0,0,0,-1,0.00,0.00
248.326,0.0,0.0,0.000,0.000,0.000,0.00,-1.0,0.0,0,1,0,0,0,-1,0.00,0.00
248.377,0.0,0.0,0.000,0.000,0.000,0.00,-1.0,0.0,0,1,0,0,0,-1,0.00,0.00
248.444,0.0,0.0,0.000,0.000,0.000,0.00,-1.0,0.0,0,1,0,0,0,-1,0.00,0.00
248.509,0.0,0.0,0.000,0.000,0.000,0.00,-1.0,0.0,0,1,0,0,0,-1,0.00,0.00
248.560,0.0,0.0,0.000,0.000,0.000,0.00,-1.0,0.0,0,1,0,0,0,-1,0.00,0.00
248.627,0.0,0.0,0.000,0.000,0.000,0.00,-1.0,0.0,0,1,0,0,0,-1,0.00,0.00
248.696,0.0,0.0,0.000,0.000,0.000,0.00,-1.0,0.0,0,1,0,0,0,-1,0.00,0.00
248.760,0.0,0.0,0.000,0.000,0.000,0.00,-1.0,0.0,0,1,0,0,0,-1,0.00,0.00
248.826,0.0,0.0,0.000,0.000,0.000,0.00,-1.0,0.0,0,1,0,0,0,-1,0.00,0.00
248.893,0.0,0.0,0.000,0.000,0.000,0.00,-1.0,0.0,0,1,0,0,0,-1,0.00,0.00
248.959,0.0,0.0,0.000,0.000,0.000,0.00,-1.0,0.0,0,1,0,0,0,-1,0.00,0.00
249.010,0.0,0.0,0.000,0.000,0.000,0.00,-1.0,0.0,0,1,0,0,0,-1,0.00,0.00
249.076,0.0,0.0,0.000,0.000,0.000,0.00,-1.0,0.0,0,1,0,0,0,-1,0.00,0.00
249.131,0.0,0.0,0.000,0.000,0.000,0.00,-1.0,0.0,0,1,0,0,0,-1,0.00,0.00
249.192,0.0,0.0,0.000,0.000,0.000,0.00,-1.0,0.0,0,1,0,0,0,-1,0.00,0.00
249.243,0.0,0.0,0.000,0.000,0.000,0.00,-1.0,0.0,0,1,0,0,0,-1,0.00,0.00
249.310,0.0,0.0,0.000,0.000,0.000,0.00,-1.0,0.0,0,1,0,0,0,-1,0.00,0.00
249.360,0.0,0.0,0.000,0.000,0.000,0.00,-1.0,0.0,0,1,0,0,0,-1,0.00,0.00
249.426,0.0,0.0,0.000,0.000,0.000,0.00,-1.0,0.0,0,1,0,0,0,-1,0.00,0.00
249.477,0.0,0.0,0.000,0.000,0.000,0.00,-1.0,0.0,0,1,0,0,0,-1,0.00,0.00
249.542,0.0,0.0,0.000,0.000,0.000,0.00,-1.0,0.0,0,1,0,0,0,-1,0.00,0.00
249.593,0.0,0.0,0.000,0.000,0.000,0.00,-1.0,0.0,0,1,0,0,0,-1,0.00,0.00
249.645,0.0,0.0,0.000,0.000,0.000,0.00,-1.0,0.0,0,1,0,0,0,-1,0.00,0.00
249.710,0.0,0.0,0.000,0.000,0.000,0.00,-1.0,0.0,0,1,0,0,0,-1,0.00,0.00
249.776,0.0,0.0,0.000,0.000,0.000,0.00,-1.0,0.0,0,1,0,0,0,-1,0.00,0.00
249.843,0.0,0.0,0.000,0.000,0.000,0.00,-1.0,0.0,0,1,0,0,0,-1,0.00,0.00
249.912,0.0,0.0,0.000,0.000,0.000,0.00,-1.0,0.0,0,1,0,0,0,-1,0.00,0.00
249.977,0.0,0.0,0.000,0.000,0.000,0.00,-1.0,0.0,0,1,0,0,0,-1,0.00,0.00
250.043,0.0,0.0,0.000,0.000,0.000,0.00,-1.0,0.0,0,1,0,0,0,-1,0.00,0.00
250.095,0.0,0.0,0.000,0.000,0.000,0.00,-1.0,0.0,0,1,0,0,0,-1,0.00,0.00
250.160,0.0,0.0,0.000,0.000,0.000,0.00,-1.0,0.0,0,1,0,0,0,-1,0.00,0.00
250.225,0.0,0.0,0.000,0.000,0.000,0.00,-1.0,0.0,0,1,0,0,0,-1,0.00,0.00
250.276,0.0,0.0,0.000,0.000,0.000,0.00,-1.0,0.0,0,1,0,0,0,-1,0.00,0.00
250.343,0.0,0.0,0.000,0.000,0.000,0.00,-1.0,0.0,0,1,0,0,0,-1,0.00,0.00
250.408,0.0,0.0,0.000,0.000,0.000,0.00,-1.0,0.0,0,1,0,0,0,-1,0.00,0.00
250.476,0.0,0.0,0.000,0.000,0.000,0.00,-1.0,0.0,0,1,0,0,0,-1,0.00,0.00
250.527,0.0,0.0,0.000,0.000,0.000,0.00,-1.0,0.0,0,1,0,0,0,-1,0.00,0.00
250.594,0.0,0.0,0.000,0.000,0.000,0.00,-1.0,0.0,0,1,0,0,0,-1,0.00,0.00
250.659,0.0,0.0,0.000,0.000,0.000,0.00,-1.0,0.0,0,1,0,0,0,-1,0.00,0.00
250.710,0.0,0.0,0.000,0.000,0.000,0.00,-1.0,0.0,0,1,0,0,0,-1,0.00,0.00
250.760,0.0,0.0,0.000,0.000,0.000,0.00,-1.0,0.0,0,1,0,0,0,-1,0.00,0.00
250.825,0.0,0.0,0.000,0.000,0.000,0.00,-1.0,0.0,0,1,0,0,0,-1,0.00,0.00
250.877,0.0,0.0,0.000,0.000,0.000,0.00,-1.0,0.0,0,1,0,0,0,-1,0.00,0.00
250.928,0.0,0.0,0.000,0.000,0.000,0.00,-1.0,0.0,0,1,0,0,0,-1,0.00,0.00
250.993,0.0,0.0,0.000,0.000,0.000,0.00,-1.0,0.0,0,1,0,0,0,-1,0.00,0.00
251.043,0.0,0.0,0.000,0.000,0.000,0.00,-1.0,0.0,0,1,0,0,0,-1,0.00,0.00
251.110,0.0,0.0,0.000,0.000,0.000,0.00,-1.0,0.0,0,1,0,0,0,-1,0.00,0.00
251.161,0.0,0.0,0.000,0.000,0.000,0.00,-1.0,0.0,0,1,0,0,0,-1,0.00,0.00
251.228,0.0,0.0,0.000,0.000,0.000,0.00,-1.0,0.0,0,1,0,0,0,-1,0.00,0.00
251.293,0.0,0.0,0.000,0.000,0.000,0.00,-1.0,0.0,0,1,0,0,0,-1,0.00,0.00
251.343,0.0,0.0,0.000,0.000,0.000,0.00,-1.0,0.0,0,1,0,0,0,-1,0.00,0.00
251.393,0.0,0.0,0.000,0.000,0.000,0.00,-1.0,0.0,0,1,0,0,0,-1,0.00,0.00
251.459,0.0,0.0,0.000,0.000,0.000,0.00,-1.0,0.0,0,1,0,0,0,-1,0.00,0.00
251.509,0.0,0.0,0.000,0.000,0.000,0.00,-1.0,0.0,0,1,0,0,0,-1,0.00,0.00
251.576,0.0,0.0,0.000,0.000,0.000,0.00,-1.0,0.0,0,1,0,0,0,-1,0.00,0.00
251.629,0.0,0.0,0.000,0.000,0.000,0.00,-1.0,0.0,0,1,0,0,0,-1,0.00,0.00
251.694,0.0,0.0,0.000,0.000,0.000,0.00,-1.0,0.0,0,1,0,0,0,-1,0.00,0.00
251.759,0.0,0.0,0.000,0.000,0.000,0.00,-1.0,0.0,0,1,0,0,0,-1,0.00,0.00
251.809,0.0,0.0,0.000,0.000,0.000,0.00,-1.0,0.0,0,1,0,0,0,-1,0.00,0.00
251.875,0.0,0.0,0.000,0.000,0.000,0.00,-1.0,0.0,0,1,0,0,0,-1,0.00,0.00
251.927,0.0,0.0,0.000,0.000,0.000,0.00,-1.0,0.0,0,1,0,0,0,-1,0.00,0.00
251.993,0.0,0.0,0.000,0.000,0.000,0.00,-1.0,0.0,0,1,0,0,0,-1,0.00,0.00
252.060,0.0,0.0,0.000,0.000,0.000,0.00,-1.0,0.0,0,1,0,0,0,-1,0.00,0.00
252.127,0.0,0.0,0.000,0.000,0.000,0.00,-1.0,0.0,0,1,0,0,0,-1,0.00,0.00
252.193,0.0,0.0,0.000,0.000,0.000,0.00,-1.0,0.0,0,1,0,0,0,-1,0.00,0.00
252.260,0.0,0.0,0.000,0.000,0.000,0.00,-1.0,0.0,0,1,0,0,0,-1,0.00,0.00
252.326,0.0,0.0,0.000,0.000,0.000,0.00,-1.0,0.0,0,1,0,0,0,-1,0.00,0.00
252.377,0.0,0.0,0.000,0.000,0.000,0.00,-1.0,0.0,0,1,0,0,0,-1,0.00,0.00
252.446,0.0,0.0,0.000,0.000,0.000,0.00,-1.0,0.0,0,1,0,0,0,-1,0.00,0.00
252.513,0.0,0.0,0.000,0.000,0.000,0.00,-1.0,0.0,0,1,0,0,0,-1,0.00,0.00
252.577,0.0,0.0,0.000,0.000,0.000,0.00,-1.0,0.0,0,1,0,0,0,-1,0.00,0.00
252.645,0.0,0.0,0.000,0.000,0.000,0.00,-1.0,0.0,0,1,0,0,0,-1,0.00,0.00
252.709,0.0,0.0,0.000,0.000,0.000,0.00,-1.0,0.0,0,1,0,0,0,-1,0.00,0.00
252.776,0.0,0.0,0.000,0.000,0.000,0.00,-1.0,0.0,0,1,0,0,0,-1,0.00,0.00
252.827,0.0,0.0,0.000,0.000,0.000,0.00,-1.0,0.0,0,1,0,0,0,-1,0.00,0.00
252.879,0.0,0.0,0.000,0.000,0.000,0.00,-1.0,0.0,0,1,0,0,0,-1,0.00,0.00
252.930,0.0,0.0,0.000,0.000,0.000,0.00,-1.0,0.0,0,1,0,0,0,-1,0.00,0.00
252.992,0.0,0.0,0.000,0.000,0.000,0.00,-1.0,0.0,0,1,0,0,0,-1,0.00,0.00
253.043,0.0,0.0,0.000,0.000,0.000,0.00,-1.0,0.0,0,1,0,0,0,-1,0.00,0.00
253.096,0.0,0.0,0.000,0.000,0.000,0.00,-1.0,0.0,0,1,0,0,0,-1,0.00,0.00
253.154,0.0,0.0,0.000,0.000,0.000,0.00,-1.0,0.0,0,1,0,0,0,-1,0.00,0.00
253.211,0.0,0.0,0.000,0.000,0.000,0.00,-1.0,0.0,0,1,0,0,0,-1,0.00,0.00
253.276,0.0,0.0,0.000,0.000,0.000,0.00,-1.0,0.0,0,1,0,0,0,-1,0.00,0.00
253.327,0.0,0.0,0.000,0.000,0.000,0.00,-1.0,0.0,0,1,0,0,0,-1,0.00,0.00
253.393,0.0,0.0,0.000,0.000,0.000,0.00,-1.0,0.0,0,1,0,0,0,-1,0.00,0.00
253.459,0.0,0.0,0.000,0.000,0.000,0.00,-1.0,0.0,0,1,0,0,0,-1,0.00,0.00
253.510,0.0,0.0,0.000,0.000,0.000,0.00,-1.0,0.0,0,1,0,0,0,-1,0.00,0.00
253.575,0.0,0.0,0.000,0.000,0.000,0.00,-1.0,0.0,0,1,0,0,0,-1,0.00,0.00
253.626,0.0,0.0,0.000,0.000,0.000,0.00,-1.0,0.0,0,1,0,0,0,-1,0.00,0.00
253.677,0.0,0.0,0.000,0.000,0.000,0.00,-1.0,0.0,0,1,0,0,0,-1,0.00,0.00
253.728,0.0,0.0,0.000,0.000,0.000,0.00,-1.0,0.0,0,1,0,0,0,-1,0.00,0.00
253.792,0.0,0.0,0.000,0.000,0.000,0.00,-1.0,0.0,0,1,0,0,0,-1,0.00,0.00
253.842,0.0,0.0,0.000,0.000,0.000,0.00,-1.0,0.0,0,1,0,0,0,-1,0.00,0.00
253.893,0.0,0.0,0.000,0.000,0.000,0.00,-1.0,0.0,0,1,0,0,0,-1,0.00,0.00
253.960,0.0,0.0,0.000,0.000,0.000,0.00,-1.0,0.0,0,1,0,0,0,-1,0.00,0.00
254.027,0.0,0.0,0.000,0.000,0.000,0.00,-1.0,0.0,0,1,0,0,0,-1,0.00,0.00
254.094,0.0,0.0,0.000,0.000,0.000,0.00,-1.0,0.0,0,1,0,0,0,-1,0.00,0.00
254.160,0.0,0.0,0.000,0.000,0.000,0.00,-1.0,0.0,0,1,0,0,0,-1,0.00,0.00
254.227,0.0,0.0,0.000,0.000,0.000,0.00,-1.0,0.0,0,1,0,0,0,-1,0.00,0.00
254.293,0.0,0.0,0.000,0.000,0.000,0.00,-1.0,0.0,0,1,0,0,0,-1,0.00,0.00
254.343,0.0,0.0,0.000,0.000,0.000,0.00,-1.0,0.0,0,1,0,0,0,-1,0.00,0.00
254.409,0.0,0.0,0.000,0.000,0.000,0.00,-1.0,0.0,0,1,0,0,0,-1,0.00,0.00
254.461,0.0,0.0,0.000,0.000,0.000,0.00,-1.0,0.0,0,1,0,0,0,-1,0.00,0.00
254.526,0.0,0.0,0.000,0.000,0.000,0.00,-1.0,0.0,0,1,0,0,0,-1,0.00,0.00
254.757,0.0,0.0,0.000,0.000,0.000,0.00,-1.0,0.0,0,1,0,0,0,-1,0.00,0.00
254.811,0.0,0.0,0.000,0.000,0.000,0.00,-1.0,0.0,0,1,0,0,0,-1,0.00,0.00
254.865,0.0,0.0,0.000,0.000,0.000,0.00,-1.0,0.0,0,1,0,0,0,-1,0.00,0.00
254.932,0.0,0.0,0.000,0.000,0.000,0.00,-1.0,0.0,0,1,0,0,0,-1,0.00,0.00
254.982,0.0,0.0,0.000,0.000,0.000,0.00,-1.0,0.0,0,1,0,0,0,-1,0.00,0.00
255.048,0.0,0.0,0.000,0.000,0.000,0.00,-1.0,0.0,0,1,0,0,0,-1,0.00,0.00
255.114,0.0,0.0,0.000,0.000,0.000,0.00,-1.0,0.0,0,1,0,0,0,-1,0.00,0.00
255.165,0.0,0.0,0.000,0.000,0.000,0.00,-1.0,0.0,0,1,0,0,0,-1,0.00,0.00
255.231,0.0,0.0,0.000,0.000,0.000,0.00,-1.0,0.0,0,1,0,0,0,-1,0.00,0.00
255.282,0.0,0.0,0.000,0.000,0.000,0.00,-1.0,0.0,0,1,0,0,0,-1,0.00,0.00
255.332,0.0,0.0,0.000,0.000,0.000,0.00,-1.0,0.0,0,1,0,0,0,-1,0.00,0.00
255.399,0.0,0.0,0.000,0.000,0.000,0.00,-1.0,0.0,0,1,0,0,0,-1,0.00,0.00
255.450,0.0,0.0,0.000,0.000,0.000,0.00,-1.0,0.0,0,1,0,0,0,-1,0.00,0.00
255.514,0.0,0.0,0.000,0.000,0.000,0.00,-1.0,0.0,0,1,0,0,0,-1,0.00,0.00
255.565,0.0,0.0,0.000,0.000,0.000,0.00,-1.0,0.0,0,1,0,0,0,-1,0.00,0.00
255.615,0.0,0.0,0.000,0.000,0.000,0.00,-1.0,0.0,0,1,0,0,0,-1,0.00,0.00
255.681,0.0,0.0,0.000,0.000,0.000,0.00,-1.0,0.0,0,1,0,0,0,-1,0.00,0.00
255.733,0.0,0.0,0.000,0.000,0.000,0.00,-1.0,0.0,0,1,0,0,0,-1,0.00,0.00
255.798,0.0,0.0,0.000,0.000,0.000,0.00,-1.0,0.0,0,1,0,0,0,-1,0.00,0.00
255.864,0.0,0.0,0.000,0.000,0.000,0.00,-1.0,0.0,0,1,0,0,0,-1,0.00,0.00
255.932,0.0,0.0,0.000,0.000,0.000,0.00,-1.0,0.0,0,1,0,0,0,-1,0.00,0.00
255.999,0.0,0.0,0.000,0.000,0.000,0.00,-1.0,0.0,0,1,0,0,0,-1,0.00,0.00
256.064,0.0,0.0,0.000,0.000,0.000,0.00,-1.0,0.0,0,1,0,0,0,-1,0.00,0.00
256.130,0.0,0.0,0.000,0.000,0.000,0.00,-1.0,0.0,0,1,0,0,0,-1,0.00,0.00
256.181,0.0,0.0,0.000,0.000,0.000,0.00,-1.0,0.0,0,1,0,0,0,-1,0.00,0.00
256.232,0.0,0.0,0.000,0.000,0.000,0.00,-1.0,0.0,0,1,0,0,0,-1,0.00,0.00
256.297,0.0,0.0,0.000,0.000,0.000,0.00,-1.0,0.0,0,1,0,0,0,-1,0.00,0.00
256.348,0.0,0.0,0.000,0.000,0.000,0.00,-1.0,0.0,0,1,0,0,0,-1,0.00,0.00
256.414,0.0,0.0,0.000,0.000,0.000,0.00,-1.0,0.0,0,1,0,0,0,-1,0.00,0.00
256.465,0.0,0.0,0.000,0.000,0.000,0.00,-1.0,0.0,0,1,0,0,0,-1,0.00,0.00
256.531,0.0,0.0,0.000,0.000,0.000,0.00,-1.0,0.0,0,1,0,0,0,-1,0.00,0.00
256.599,0.0,0.0,0.000,0.000,0.000,0.00,-1.0,0.0,0,1,0,0,0,-1,0.00,0.00
256.665,0.0,0.0,0.000,0.000,0.000,0.00,-1.0,0.0,0,1,0,0,0,-1,0.00,0.00
256.717,0.0,0.0,0.000,0.000,0.000,0.00,-1.0,0.0,0,1,0,0,0,-1,0.00,0.00
256.781,0.0,0.0,0.000,0.000,0.000,0.00,-1.0,0.0,0,1,0,0,0,-1,0.00,0.00
256.833,0.0,0.0,0.000,0.000,0.000,0.00,-1.0,0.0,0,1,0,0,0,-1,0.00,0.00
256.898,0.0,0.0,0.000,0.000,0.000,0.00,-1.0,0.0,0,1,0,0,0,-1,0.00,0.00
256.962,0.0,0.0,0.000,0.000,0.000,0.00,-1.0,0.0,0,1,0,0,0,-1,0.00,0.00
257.014,0.0,0.0,0.000,0.000,0.000,0.00,-1.0,0.0,0,1,0,0,0,-1,0.00,0.00
257.082,0.0,0.0,0.000,0.000,0.000,0.00,-1.0,0.0,0,1,0,0,0,-1,0.00,0.00
257.149,0.0,0.0,0.000,0.000,0.000,0.00,-1.0,0.0,0,1,0,0,0,-1,0.00,0.00
257.214,0.0,0.0,0.000,0.000,0.000,0.00,-1.0,0.0,0,1,0,0,0,-1,0.00,0.00
257.264,0.0,0.0,0.000,0.000,0.000,0.00,-1.0,0.0,0,1,0,0,0,-1,0.00,0.00
257.315,0.0,0.0,0.000,0.000,0.000,0.00,-1.0,0.0,0,1,0,0,0,-1,0.00,0.00
257.365,0.0,0.0,0.000,0.000,0.000,0.00,-1.0,0.0,0,1,0,0,0,-1,0.00,0.00
257.443,0.0,0.0,0.000,0.000,0.000,0.00,-1.0,0.0,0,1,0,0,0,-1,0.00,0.00
257.493,0.0,0.0,0.000,0.000,0.000,0.00,-1.0,0.0,0,1,0,0,0,-1,0.00,0.00
257.559,0.0,0.0,0.000,0.000,0.000,0.00,-1.0,0.0,0,1,0,0,0,-1,0.00,0.00
257.609,0.0,0.0,0.000,0.000,0.000,0.00,-1.0,0.0,0,1,0,0,0,-1,0.00,0.00
257.662,0.0,0.0,0.000,0.000,0.000,0.00,-1.0,0.0,0,1,0,0,0,-1,0.00,0.00
257.728,0.0,0.0,0.000,0.000,0.000,0.00,-1.0,0.0,0,1,0,0,0,-1,0.00,0.00
257.793,0.0,0.0,0.000,0.000,0.000,0.00,-1.0,0.0,0,1,0,0,0,-1,0.00,0.00
257.843,0.0,0.0,0.000,0.000,0.000,0.00,-1.0,0.0,0,1,0,0,0,-1,0.00,0.00
257.909,0.0,0.0,0.000,0.000,0.000,0.00,-1.0,0.0,0,1,0,0,0,-1,0.00,0.00
257.962,0.0,0.0,0.000,0.000,0.000,0.00,-1.0,0.0,0,1,0,0,0,-1,0.00,0.00
258.028,0.0,0.0,0.000,0.000,0.000,0.00,-1.0,0.0,0,1,0,0,0,-1,0.00,0.00
258.095,0.0,0.0,0.000,0.000,0.000,0.00,-1.0,0.0,0,1,0,0,0,-1,0.00,0.00
258.147,0.0,0.0,0.000,0.000,0.000,0.00,-1.0,0.0,0,1,0,0,0,-1,0.00,0.00
258.198,0.0,0.0,0.000,0.000,0.000,0.00,-1.0,0.0,0,1,0,0,0,-1,0.00,0.00
258.249,0.0,0.0,0.000,0.000,0.000,0.00,-1.0,0.0,0,1,0,0,0,-1,0.00,0.00
258.316,0.0,0.0,0.000,0.000,0.000,0.00,-1.0,0.0,0,1,0,0,0,-1,0.00,0.00
258.382,0.0,0.0,0.000,0.000,0.000,0.00,-1.0,0.0,0,1,0,0,0,-1,0.00,0.00
258.447,0.0,0.0,0.000,0.000,0.000,0.00,-1.0,0.0,0,1,0,0,0,-1,0.00,0.00
258.498,0.0,0.0,0.000,0.000,0.000,0.00,-1.0,0.0,0,1,0,0,0,-1,0.00,0.00
258.564,0.0,0.0,0.000,0.000,0.000,0.00,-1.0,0.0,0,1,0,0,0,-1,0.00,0.00
258.615,0.0,0.0,0.000,0.000,0.000,0.00,-1.0,0.0,0,1,0,0,0,-1,0.00,0.00
258.665,0.0,0.0,0.000,0.000,0.000,0.00,-1.0,0.0,0,1,0,0,0,-1,0.00,0.00
258.715,0.0,0.0,0.000,0.000,0.000,0.00,-1.0,0.0,0,1,0,0,0,-1,0.00,0.00
258.788,0.0,0.0,0.000,0.000,0.000,0.00,-1.0,0.0,0,1,0,0,0,-1,0.00,0.00
258.906,0.0,0.0,0.000,0.000,0.000,0.00,-1.0,0.0,0,1,0,0,0,-1,0.00,0.00
