t_s,pitch_deg,roll_deg,cmd_lineal,cmd_angular,v_ms,w_degs,rtt_ms,periodo_trama_ms,conectado,teclado,boton_agarre,boton_adelante,boton_atras,bateria,joystick_y,joystick_x
0.092,0.0,0.0,0.000,0.000,0.000,0.00,-1.0,0.0,0,1,0,0,0,-1,0.00,0.00
0.189,0.0,0.0,0.000,0.000,0.000,0.00,-1.0,0.0,0,1,0,0,0,-1,0.00,0.00
0.262,0.0,0.0,0.000,0.000,0.000,0.00,-1.0,0.0,0,1,0,0,0,-1,0.00,0.00
0.321,0.0,0.0,0.000,0.000,0.000,0.00,-1.0,0.0,0,1,0,0,0,-1,0.00,0.00
0.391,0.0,0.0,0.000,0.000,0.000,0.00,-1.0,0.0,0,1,0,0,0,-1,0.00,0.00
0.445,0.0,0.0,0.000,0.000,0.000,0.00,-1.0,0.0,0,1,0,0,0,-1,0.00,0.00
0.501,0.0,0.0,0.000,0.000,0.000,0.00,-1.0,0.0,0,1,0,0,0,-1,0.00,0.00
0.559,0.0,0.0,0.000,0.000,0.000,0.00,-1.0,0.0,0,1,0,0,0,-1,0.00,0.00
0.609,0.0,0.0,0.000,0.000,0.000,0.00,-1.0,0.0,0,1,0,0,0,-1,0.00,0.00
0.670,0.0,0.0,0.000,0.000,0.000,0.00,-1.0,0.0,0,1,0,0,0,-1,0.00,0.00
0.720,0.0,0.0,0.000,0.000,0.000,0.00,-1.0,0.0,0,1,0,0,0,-1,0.00,0.00
0.799,0.0,0.0,0.000,0.000,0.000,0.00,-1.0,0.0,0,1,0,0,0,-1,0.00,0.00
0.871,0.0,0.0,0.000,0.000,0.000,0.00,-1.0,0.0,0,1,0,0,0,-1,0.00,0.00
0.927,0.0,0.0,0.000,0.000,0.000,0.00,-1.0,0.0,0,1,0,0,0,-1,0.00,0.00
0.986,0.0,0.0,0.000,0.000,0.000,0.00,-1.0,0.0,0,1,0,0,0,-1,0.00,0.00
1.049,3.6,0.0,0.000,0.000,0.000,0.00,-1.0,0.0,0,1,0,0,0,-1,0.00,0.00
1.109,8.3,0.0,0.008,0.000,0.002,0.00,-1.0,0.0,0,1,0,0,0,-1,0.00,0.00
1.165,12.8,0.0,0.112,0.000,0.038,0.00,-1.0,0.0,0,1,0,0,0,-1,0.00,0.00
1.216,16.9,0.0,0.247,0.000,0.114,0.00,-1.0,0.0,0,1,0,0,0,-1,0.00,0.00
1.282,22.2,0.0,0.487,0.000,0.367,0.00,-1.0,0.0,0,1,0,0,0,-1,0.00,0.00
1.348,25.0,0.0,0.704,0.000,0.648,0.00,-1.0,0.0,0,1,0,0,0,-1,0.00,0.00
1.399,25.0,0.0,0.704,0.000,0.793,0.00,-1.0,0.0,0,1,0,0,0,-1,0.00,0.00
1.450,25.0,0.0,0.704,0.000,0.950,0.00,-1.0,0.0,0,1,0,0,0,-1,0.00,0.00
1.516,25.0,0.0,0.704,0.000,1.055,0.00,-1.0,0.0,0,1,0,0,0,-1,0.00,0.00
1.566,25.0,0.0,0.704,0.000,1.125,0.00,-1.0,0.0,0,1,0,0,0,-1,0.00,0.00
1.632,25.0,0.0,0.704,0.000,1.172,0.00,-1.0,0.0,0,1,0,0,0,-1,0.00,0.00
1.700,25.0,0.0,0.704,0.000,1.204,0.00,-1.0,0.0,0,1,0,0,0,-1,0.00,0.00
1.750,25.0,0.0,0.704,0.000,1.225,0.00,-1.0,0.0,0,1,0,0,0,-1,0.00,0.00
1.817,25.0,0.0,0.704,0.000,1.239,0.00,-1.0,0.0,0,1,0,0,0,-1,0.00,0.00
1.884,25.0,0.0,0.704,0.000,1.251,0.00,-1.0,0.0,0,1,0,0,0,-1,0.00,0.00
1.949,25.0,0.0,0.704,0.000,1.257,0.00,-1.0,0.0,0,1,0,0,0,-1,0.00,0.00
2.015,25.0,0.0,0.704,0.000,1.260,0.00,-1.0,0.0,0,1,0,0,0,-1,0.00,0.00
2.067,25.0,0.0,0.704,0.000,1.263,0.00,-1.0,0.0,0,1,0,0,0,-1,0.00,0.00
2.117,25.0,0.0,0.704,0.000,1.264,0.00,-1.0,0.0,0,1,0,0,0,-1,0.00,0.00
2.233,15.7,0.0,0.704,0.000,1.266,0.00,-1.0,0.0,0,1,0,0,0,-1,0.00,0.00
2.289,11.2,0.0,0.140,0.000,0.975,0.00,-1.0,0.0,0,1,0,0,0,-1,0.00,0.00
2.339,7.2,0.0,0.063,0.000,0.781,0.00,-1.0,0.0,0,1,0,0,0,-1,0.00,0.00
2.390,3.2,0.0,0.000,0.000,0.526,0.00,-1.0,0.0,0,1,0,0,0,-1,0.00,0.00
2.456,0.0,0.0,0.000,0.000,0.352,0.00,-1.0,0.0,0,1,0,0,0,-1,0.00,0.00
2.522,0.0,0.0,0.000,0.000,0.207,0.00,-1.0,0.0,0,1,0,0,0,-1,0.00,0.00
2.573,0.0,0.0,0.000,0.000,0.158,0.00,-1.0,0.0,0,1,0,0,0,-1,0.00,0.00
2.639,0.0,-5.2,0.000,0.000,0.106,0.00,-1.0,0.0,0,1,0,0,0,-1,0.00,0.00
2.689,0.0,-9.2,0.000,-0.023,0.071,-0.30,-1.0,0.0,0,1,0,0,0,-1,0.00,0.00
2.739,0.0,-13.3,0.000,-0.083,0.054,-1.65,-1.0,0.0,0,1,0,0,0,-1,0.00,0.00
2.805,0.0,-18.5,0.000,-0.320,0.032,-10.27,-1.0,0.0,0,1,0,0,0,-1,0.00,0.00
2.872,0.0,-23.9,0.000,-0.571,0.021,-21.55,-1.0,0.0,0,1,0,0,0,-1,0.00,0.00
2.924,0.0,-19.7,0.000,-0.505,0.014,-31.28,-1.0,0.0,0,1,0,0,0,-1,0.00,0.00
2.989,0.0,-14.5,0.000,-0.264,0.010,-30.34,-1.0,0.0,0,1,0,0,0,-1,0.00,0.00
3.039,0.0,-10.5,0.000,-0.164,0.007,-27.16,-1.0,0.0,0,1,0,0,0,-1,0.00,0.00
3.107,0.0,-5.1,0.000,-0.003,0.004,-17.20,-1.0,0.0,0,1,0,0,0,-1,0.00,0.00
3.173,0.0,0.0,0.000,0.000,0.003,-11.53,-1.0,0.0,0,1,0,0,0,-1,0.00,0.00
3.239,0.0,0.0,0.000,0.000,0.002,-7.73,-1.0,0.0,0,1,0,0,0,-1,0.00,0.00
3.305,0.0,0.0,0.000,0.000,0.001,-4.53,-1.0,0.0,0,1,0,0,0,-1,0.00,0.00
3.372,0.0,0.0,0.000,0.000,0.001,-3.04,-1.0,0.0,0,1,0,0,0,-1,0.00,0.00
3.440,0.0,0.0,0.000,0.000,0.001,-2.04,-1.0,0.0,0,1,0,0,0,-1,0.00,0.00
3.505,0.0,0.0,0.000,0.000,0.000,-1.20,-1.0,0.0,0,1,0,0,0,-1,0.00,0.00
3.555,0.0,0.0,0.000,0.000,0.000,-0.92,-1.0,0.0,0,1,0,0,0,-1,0.00,0.00
3.605,0.0,0.0,0.000,0.000,0.000,-0.61,-1.0,0.0,0,1,0,0,0,-1,0.00,0.00
3.656,0.0,0.0,0.000,0.000,0.000,-0.47,-1.0,0.0,0,1,0,0,0,-1,0.00,0.00
3.706,0.0,0.0,0.000,0.000,0.000,-0.32,-1.0,0.0,0,1,0,0,0,-1,0.00,0.00
3.788,0.0,0.0,0.000,0.000,0.000,-0.18,-1.0,0.0,0,1,0,1,0,-1,1.00,0.00
3.838,0.0,0.0,0.000,0.000,0.000,-0.14,-1.0,0.0,0,1,0,1,0,-1,1.00,0.00
3.888,0.0,0.0,0.000,0.000,0.000,-0.09,-1.0,0.0,0,1,0,1,0,-1,1.00,0.00
3.938,0.0,0.0,0.000,0.000,0.000,-0.07,-1.0,0.0,0,1,0,1,0,-1,1.00,0.00
4.006,0.0,0.0,0.000,0.000,0.000,-0.04,-1.0,0.0,0,1,0,1,0,-1,1.00,0.00
4.071,0.0,0.0,0.000,0.000,0.000,-0.03,-1.0,0.0,0,1,0,1,0,-1,1.00,0.00
4.135,0.0,0.0,0.000,0.000,0.000,-0.02,-1.0,0.0,0,1,0,0,0,-1,0.00,0.00
4.195,0.0,0.0,0.000,0.000,0.000,-0.01,-1.0,0.0,0,1,0,0,0,-1,0.00,0.00
4.258,0.0,0.0,0.000,0.000,0.000,-0.01,-1.0,0.0,0,1,0,0,0,-1,0.00,0.00
4.311,0.0,0.0,0.000,0.000,0.000,-0.01,-1.0,0.0,0,1,0,0,1,-1,-1.00,0.00
4.377,0.0,0.0,0.000,0.000,0.000,0.00,-1.0,0.0,0,1,0,0,1,-1,-1.00,0.00
4.444,0.0,0.0,0.000,0.000,0.000,0.00,-1.0,0.0,0,1,0,0,1,-1,-1.00,0.00
4.510,0.0,0.0,0.000,0.000,0.000,0.00,-1.0,0.0,0,1,0,0,1,-1,-1.00,0.00
4.561,0.0,0.0,0.000,0.000,0.000,0.00,-1.0,0.0,0,1,0,0,1,-1,-1.00,0.00
4.626,0.0,0.0,0.000,0.000,0.000,0.00,-1.0,0.0,0,1,0,0,1,-1,-1.00,0.00
4.693,0.0,0.0,0.000,0.000,0.000,0.00,-1.0,0.0,0,1,0,0,1,-1,-1.00,0.00
4.744,0.0,0.0,0.000,0.000,0.000,0.00,-1.0,0.0,0,1,0,0,1,-1,-1.00,0.00
4.810,0.0,0.0,0.000,0.000,0.000,0.00,-1.0,0.0,0,1,0,0,0,-1,0.00,0.00
4.860,0.0,0.0,0.000,0.000,0.000,0.00,-1.0,0.0,0,1,0,0,0,-1,0.00,-1.00
4.926,0.0,0.0,0.000,0.000,0.000,0.00,-1.0,0.0,0,1,0,0,0,-1,0.00,-1.00
4.976,0.0,0.0,0.000,0.000,0.000,0.00,-1.0,0.0,0,1,0,0,0,-1,0.00,-1.00
5.026,0.0,0.0,0.000,0.000,0.000,0.00,-1.0,0.0,0,1,0,0,0,-1,0.00,-1.00
5.094,0.0,0.0,0.000,0.000,0.000,0.00,-1.0,0.0,0,1,0,0,0,-1,0.00,-1.00
5.159,0.0,0.0,0.000,0.000,0.000,0.00,-1.0,0.0,0,1,0,0,0,-1,0.00,-1.00
5.227,0.0,0.0,0.000,0.000,0.000,0.00,-1.0,0.0,0,1,0,0,0,-1,0.00,-1.00
5.294,0.0,0.0,0.000,0.000,0.000,0.00,-1.0,0.0,0,1,0,0,0,-1,0.00,0.00
5.359,0.0,0.0,0.000,0.000,0.000,0.00,-1.0,0.0,0,1,0,0,0,-1,0.00,1.00
5.410,0.0,0.0,0.000,0.000,0.000,0.00,-1.0,0.0,0,1,0,0,0,-1,0.00,1.00
5.461,0.0,0.0,0.000,0.000,0.000,0.00,-1.0,0.0,0,1,0,0,0,-1,0.00,1.00
5.527,0.0,0.0,0.000,0.000,0.000,0.00,-1.0,0.0,0,1,0,0,0,-1,0.00,1.00
5.593,0.0,0.0,0.000,0.000,0.000,0.00,-1.0,0.0,0,1,0,0,0,-1,0.00,1.00
5.644,0.0,0.0,0.000,0.000,0.000,0.00,-1.0,0.0,0,1,0,0,0,-1,0.00,1.00
5.710,0.0,0.0,0.000,0.000,0.000,0.00,-1.0,0.0,0,1,0,0,0,-1,0.00,1.00
5.777,0.0,0.0,0.000,0.000,0.000,0.00,-1.0,0.0,0,1,0,0,0,-1,0.00,0.00
5.842,0.0,0.0,0.000,0.000,0.000,0.00,-1.0,0.0,0,1,0,0,0,-1,0.00,0.00
5.893,0.0,0.0,0.000,0.000,0.000,0.00,-1.0,0.0,0,1,0,0,0,-1,0.00,0.00
5.965,0.0,0.0,0.000,0.000,0.000,0.00,-1.0,0.0,0,1,0,0,0,-1,0.00,0.00
6.026,0.0,0.0,0.000,0.000,0.000,0.00,-1.0,0.0,0,1,0,0,0,-1,0.00,0.00
6.078,0.0,0.0,0.000,0.000,0.000,0.00,-1.0,0.0,0,1,0,0,0,-1,0.00,0.00
6.142,0.0,0.0,0.000,0.000,0.000,0.00,-1.0,0.0,0,1,0,0,0,-1,0.00,0.00
6.194,0.0,0.0,0.000,0.000,0.000,0.00,-1.0,0.0,0,1,0,0,0,-1,0.00,0.00
6.260,0.0,0.0,0.000,0.000,0.000,0.00,-1.0,0.0,0,1,0,0,0,-1,0.00,0.00
6.326,0.0,0.0,0.000,0.000,0.000,0.00,-1.0,0.0,0,1,0,0,0,-1,0.00,0.00
6.377,0.0,0.0,0.000,0.000,0.000,0.00,-1.0,0.0,0,1,0,0,0,-1,0.00,0.00
6.427,0.0,0.0,0.000,0.000,0.000,0.00,-1.0,0.0,0,1,0,0,0,-1,0.00,0.00
6.493,0.0,0.0,0.000,0.000,0.000,0.00,-1.0,0.0,0,1,0,0,0,-1,0.00,0.00
6.560,0.0,0.0,0.000,0.000,0.000,0.00,-1.0,0.0,0,1,0,0,0,-1,0.00,0.00
6.611,0.0,0.0,0.000,0.000,0.000,0.00,-1.0,0.0,0,1,0,0,0,-1,0.00,0.00
6.676,0.0,0.0,0.000,0.000,0.000,0.00,-1.0,0.0,0,1,0,0,0,-1,0.00,0.00
6.727,0.0,0.0,0.000,0.000,0.000,0.00,-1.0,0.0,0,1,0,0,0,-1,0.00,0.00
6.795,0.0,0.0,0.000,0.000,0.000,0.00,-1.0,0.0,0,1,0,0,0,-1,0.00,0.00
6.860,0.0,0.0,0.000,0.000,0.000,0.00,-1.0,0.0,0,1,0,0,0,-1,0.00,0.00
6.910,0.0,0.0,0.000,0.000,0.000,0.00,-1.0,0.0,0,1,0,0,0,-1,0.00,0.00
6.960,1.4,0.0,0.000,0.000,0.000,0.00,-1.0,0.0,0,1,0,0,0,-1,0.00,0.00
7.010,5.4,0.0,0.000,0.000,0.000,0.00,-1.0,0.0,0,1,0,0,0,-1,0.00,0.00
7.061,9.5,0.0,0.025,0.000,0.007,0.00,-1.0,0.0,0,1,0,0,0,-1,0.00,0.00
7.127,14.7,0.0,0.171,0.000,0.083,0.00,-1.0,0.0,0,1,0,0,0,-1,0.00,0.00
7.193,20.0,0.0,0.384,0.000,0.244,0.00,-1.0,0.0,0,1,0,0,0,-1,0.00,0.00
7.243,24.1,0.0,0.580,0.000,0.471,0.00,-1.0,0.0,0,1,0,0,0,-1,0.00,0.00
7.294,25.0,0.0,0.704,0.000,0.657,0.00,-1.0,0.0,0,1,0,0,0,-1,0.00,0.00
7.345,25.0,0.0,0.704,0.000,0.859,0.00,-1.0,0.0,0,1,0,0,0,-1,0.00,0.00
7.410,25.0,0.0,0.704,0.000,0.994,0.00,-1.0,0.0,0,1,0,0,0,-1,0.00,0.00
7.476,25.0,0.0,0.704,0.000,1.084,0.00,-1.0,0.0,0,1,0,0,0,-1,0.00,0.00
7.543,25.0,0.0,0.704,0.000,1.160,0.00,-1.0,0.0,0,1,0,0,0,-1,0.00,0.00
7.611,25.0,0.0,0.704,0.000,1.196,0.00,-1.0,0.0,0,1,0,0,0,-1,0.00,0.00
7.678,25.0,0.0,0.704,0.000,1.219,0.00,-1.0,0.0,0,1,0,0,0,-1,0.00,0.00
7.745,25.0,0.0,0.704,0.000,1.239,0.00,-1.0,0.0,0,1,0,0,0,-1,0.00,0.00
7.810,25.0,0.0,0.704,0.000,1.249,0.00,-1.0,0.0,0,1,0,0,0,-1,0.00,0.00
7.878,25.0,0.0,0.704,0.000,1.255,0.00,-1.0,0.0,0,1,0,0,0,-1,0.00,0.00
7.943,23.7,0.0,0.704,0.000,1.260,0.00,-1.0,0.0,0,1,0,0,0,-1,0.00,0.00
7.994,19.6,0.0,0.493,0.000,1.187,0.00,-1.0,0.0,0,1,0,0,0,-1,0.00,0.00
8.059,14.4,0.0,0.310,0.000,1.011,0.00,-1.0,0.0,0,1,0,0,0,-1,0.00,0.00
8.110,10.3,0.0,0.116,0.000,0.770,0.00,-1.0,0.0,0,1,0,0,0,-1,0.00,0.00
8.162,6.1,-1.5,0.018,0.000,0.542,0.00,-1.0,0.0,0,1,0,0,0,-1,0.00,0.00
8.226,1.0,-6.6,0.000,0.000,0.363,0.00,-1.0,0.0,0,1,0,0,0,-1,0.00,0.00
8.276,0.0,-10.6,0.000,-0.051,0.278,-0.61,-1.0,0.0,0,1,0,0,0,-1,0.00,0.00
8.343,0.0,-15.9,0.000,-0.215,0.163,-6.15,-1.0,0.0,0,1,0,0,0,-1,0.00,0.00
8.394,1.4,-20.1,0.000,-0.383,0.125,-12.17,-1.0,0.0,0,1,0,0,0,-1,0.00,0.00
8.459,6.6,-25.0,0.000,-0.575,0.084,-23.50,-1.0,0.0,0,1,0,0,0,-1,0.00,0.00
8.510,10.7,-25.0,0.050,-0.704,0.073,-36.65,-1.0,0.0,0,1,0,0,0,-1,0.00,0.00
8.576,15.9,-25.0,0.214,-0.704,0.136,-45.47,-1.0,0.0,0,1,0,0,0,-1,0.00,0.00
8.626,20.0,-25.0,0.382,-0.704,0.287,-51.38,-1.0,0.0,0,1,0,0,0,-1,0.00,0.00
8.677,15.9,-25.0,0.323,-0.704,0.380,-54.19,-1.0,0.0,0,1,0,0,0,-1,0.00,0.00
8.744,10.6,-25.0,0.124,-0.704,0.361,-58.00,-1.0,0.0,0,1,0,0,0,-1,0.00,0.00
8.809,5.3,-25.0,0.004,-0.704,0.257,-59.78,-1.0,0.0,0,1,0,0,0,-1,0.00,0.00
8.859,1.3,-22.4,0.000,-0.704,0.196,-60.62,-1.0,0.0,0,1,0,0,0,-1,0.00,0.00
8.937,0.0,-16.2,0.000,-0.429,0.115,-53.13,-1.0,0.0,0,1,0,0,0,-1,0.00,0.00
9.002,0.0,-18.8,0.000,-0.335,0.068,-41.67,-1.0,0.0,0,1,0,0,0,-1,0.00,0.00
9.054,0.0,-23.0,0.000,-0.524,0.052,-42.31,-1.0,0.0,0,1,0,0,0,-1,0.00,0.00
9.120,0.0,-25.0,0.000,-0.704,0.035,-47.94,-1.0,0.0,0,1,0,0,0,-1,0.00,0.00
9.187,0.0,-25.0,0.000,-0.704,0.020,-54.33,-1.0,0.0,0,1,0,0,0,-1,0.00,0.00
9.252,0.0,-25.0,0.000,-0.704,0.014,-57.32,-1.0,0.0,0,1,0,0,0,-1,0.00,0.00
9.304,0.0,-25.0,0.000,-0.704,0.009,-59.32,-1.0,0.0,0,1,0,0,0,-1,0.00,0.00
9.354,0.0,-25.0,0.000,-0.704,0.007,-60.27,-1.0,0.0,0,1,0,0,0,-1,0.00,0.00
9.420,0.0,-25.0,0.000,-0.704,0.005,-61.30,-1.0,0.0,0,1,0,0,0,-1,0.00,0.00
9.486,0.0,-25.0,0.000,-0.704,0.003,-62.17,-1.0,0.0,0,1,0,0,0,-1,0.00,0.00
9.536,0.0,-25.0,0.000,-0.704,0.002,-62.46,-1.0,0.0,0,1,0,0,0,-1,0.00,0.00
9.588,0.0,-25.0,0.000,-0.704,0.001,-62.76,-1.0,0.0,0,1,0,0,0,-1,0.00,0.00
9.640,0.0,-23.5,0.000,-0.704,0.001,-62.91,-1.0,0.0,0,1,0,0,0,-1,0.00,0.00
9.703,0.0,-18.4,0.000,-0.437,0.001,-56.30,-1.0,0.0,0,1,0,0,0,-1,0.00,0.00
9.754,0.0,-14.4,0.000,-0.260,0.000,-49.15,-1.0,0.0,0,1,0,0,0,-1,0.00,0.00
9.820,0.0,-9.0,0.000,-0.079,0.000,-33.76,-1.0,0.0,0,1,0,0,0,-1,0.00,0.00
9.886,0.0,-3.8,0.000,0.000,0.000,-22.82,-1.0,0.0,0,1,0,0,0,-1,0.00,0.00
9.954,0.0,0.0,0.000,0.000,0.000,-15.30,-1.0,0.0,0,1,0,0,0,-1,0.00,0.00
10.020,0.0,0.0,0.000,0.000,0.000,-10.25,-1.0,0.0,0,1,0,0,0,-1,0.00,0.00
10.087,0.0,0.0,0.000,0.000,0.000,-6.02,-1.0,0.0,0,1,0,0,0,-1,0.00,0.00
10.153,0.0,0.0,0.000,0.000,0.000,-4.03,-1.0,0.0,0,1,0,0,0,-1,0.00,0.00
10.203,0.0,0.0,0.000,0.000,0.000,-2.70,-1.0,0.0,0,1,0,0,0,-1,0.00,0.00
10.269,0.0,0.0,0.000,0.000,0.000,-1.81,-1.0,0.0,0,1,0,0,0,-1,0.00,0.00
10.338,0.0,0.0,0.000,0.000,0.000,-1.21,-1.0,0.0,0,1,0,0,0,-1,0.00,0.00
10.403,0.0,0.0,0.000,0.000,0.000,-0.71,-1.0,0.0,0,1,0,0,0,-1,0.00,0.00
10.470,0.0,0.0,0.000,0.000,0.000,-0.48,-1.0,0.0,0,1,0,0,0,-1,0.00,0.00
10.536,0.0,0.0,0.000,0.000,0.000,-0.32,-1.0,0.0,0,1,0,0,0,-1,0.00,0.00
10.587,0.0,0.0,0.000,0.000,0.000,-0.21,-1.0,0.0,0,1,0,0,0,-1,0.00,0.00
10.637,0.0,0.0,0.000,0.000,0.000,-0.16,-1.0,0.0,0,1,0,0,0,-1,0.00,0.00
10.703,0.0,0.0,0.000,0.000,0.000,-0.10,-1.0,0.0,0,1,0,0,0,-1,0.00,0.00
10.769,0.0,0.0,0.000,0.000,0.000,-0.06,-1.0,0.0,0,1,0,0,0,-1,0.00,0.00
10.820,0.0,0.0,0.000,0.000,0.000,-0.04,-1.0,0.0,0,1,0,0,0,-1,0.00,0.00
10.889,0.0,0.0,0.000,0.000,0.000,-0.03,-1.0,0.0,0,1,0,0,0,-1,0.00,0.00
10.953,0.0,0.0,0.000,0.000,0.000,-0.02,-1.0,0.0,0,1,0,0,0,-1,0.00,0.00
11.020,0.0,0.0,0.000,0.000,0.000,-0.01,-1.0,0.0,0,1,0,0,0,-1,0.00,0.00
11.070,0.0,0.0,0.000,0.000,0.000,-0.01,-1.0,0.0,0,1,0,0,0,-1,0.00,0.00
11.136,0.0,0.0,0.000,0.000,0.000,-0.01,-1.0,0.0,0,1,0,0,0,-1,0.00,0.00
11.202,0.0,0.0,0.000,0.000,0.000,0.00,-1.0,0.0,0,1,0,0,0,-1,0.00,0.00
11.254,0.0,0.0,0.000,0.000,0.000,0.00,-1.0,0.0,0,1,0,0,0,-1,0.00,0.00
11.321,0.0,0.0,0.000,0.000,0.000,0.00,-1.0,0.0,0,1,0,0,0,-1,0.00,0.00
11.388,0.0,0.0,0.000,0.000,0.000,0.00,-1.0,0.0,0,1,0,0,0,-1,0.00,0.00
11.453,0.0,0.0,0.000,0.000,0.000,0.00,-1.0,0.0,0,1,0,0,0,-1,0.00,0.00
11.519,0.0,0.0,0.000,0.000,0.000,0.00,-1.0,0.0,0,1,0,0,0,-1,0.00,0.00
11.586,0.0,0.0,0.000,0.000,0.000,0.00,-1.0,0.0,0,1,0,0,0,-1,0.00,0.00
11.652,0.0,0.0,0.000,0.000,0.000,0.00,-1.0,0.0,0,1,0,0,0,-1,0.00,0.00
11.704,0.0,0.0,0.000,0.000,0.000,0.00,-1.0,0.0,0,1,0,0,0,-1,0.00,0.00
11.770,0.0,0.0,0.000,0.000,0.000,0.00,-1.0,0.0,0,1,0,0,0,-1,0.00,0.00
11.836,0.0,0.0,0.000,0.000,0.000,0.00,-1.0,0.0,0,1,0,0,0,-1,0.00,0.00
11.904,0.0,0.0,0.000,0.000,0.000,0.00,-1.0,0.0,0,1,0,0,0,-1,0.00,0.00
11.970,0.0,0.0,0.000,0.000,0.000,0.00,-1.0,0.0,0,1,0,0,0,-1,0.00,0.00
12.036,0.0,0.0,0.000,0.000,0.000,0.00,-1.0,0.0,0,1,0,0,0,-1,0.00,0.00
12.087,0.0,0.0,0.000,0.000,0.000,0.00,-1.0,0.0,0,1,0,0,0,-1,0.00,0.00
12.154,0.0,0.0,0.000,0.000,0.000,0.00,-1.0,0.0,0,1,0,0,0,-1,0.00,0.00
12.218,0.0,0.0,0.000,0.000,0.000,0.00,-1.0,0.0,0,1,0,0,0,-1,0.00,0.00
12.269,0.0,0.0,0.000,0.000,0.000,0.00,-1.0,0.0,0,1,0,0,0,-1,0.00,0.00
12.319,0.0,0.0,0.000,0.000,0.000,0.00,-1.0,0.0,0,1,0,0,0,-1,0.00,0.00
12.370,0.0,0.0,0.000,0.000,0.000,0.00,-1.0,0.0,0,1,0,0,0,-1,0.00,0.00
12.420,0.0,0.0,0.000,0.000,0.000,0.00,-1.0,0.0,0,1,0,0,0,-1,0.00,0.00
12.488,0.0,0.0,0.000,0.000,0.000,0.00,-1.0,0.0,0,1,0,0,0,-1,0.00,0.00
12.555,0.0,0.0,0.000,0.000,0.000,0.00,-1.0,0.0,0,1,0,0,0,-1,0.00,0.00
12.620,0.0,0.0,0.000,0.000,0.000,0.00,-1.0,0.0,0,1,0,0,0,-1,0.00,0.00
12.687,0.0,0.0,0.000,0.000,0.000,0.00,-1.0,0.0,0,1,0,0,0,-1,0.00,0.00
12.753,0.0,0.0,0.000,0.000,0.000,0.00,-1.0,0.0,0,1,0,0,0,-1,0.00,0.00
12.805,0.0,0.0,0.000,0.000,0.000,0.00,-1.0,0.0,0,1,0,0,0,-1,0.00,0.00
12.871,0.0,0.0,0.000,0.000,0.000,0.00,-1.0,0.0,0,1,0,0,0,-1,0.00,0.00
12.936,0.0,0.0,0.000,0.000,0.000,0.00,-1.0,0.0,0,1,0,0,0,-1,0.00,0.00
13.004,0.0,0.0,0.000,0.000,0.000,0.00,-1.0,0.0,0,1,0,0,0,-1,0.00,0.00
13.070,0.0,0.0,0.000,0.000,0.000,0.00,-1.0,0.0,0,1,0,0,0,-1,0.00,0.00
13.136,0.0,0.0,0.000,0.000,0.000,0.00,-1.0,0.0,0,1,0,0,0,-1,0.00,0.00
13.187,0.0,0.0,0.000,0.000,0.000,0.00,-1.0,0.0,0,1,0,0,0,-1,0.00,0.00
13.252,0.0,0.0,0.000,0.000,0.000,0.00,-1.0,0.0,0,1,0,0,0,-1,0.00,0.00
13.305,0.0,0.0,0.000,0.000,0.000,0.00,-1.0,0.0,0,1,0,0,0,-1,0.00,0.00
13.370,0.0,0.0,0.000,0.000,0.000,0.00,-1.0,0.0,0,1,0,0,0,-1,0.00,0.00
13.435,0.0,0.0,0.000,0.000,0.000,0.00,-1.0,0.0,0,1,0,0,0,-1,0.00,0.00
13.489,0.0,0.0,0.000,0.000,0.000,0.00,-1.0,0.0,0,1,0,0,0,-1,0.00,0.00
13.554,0.0,0.0,0.000,0.000,0.000,0.00,-1.0,0.0,0,1,0,0,0,-1,0.00,0.00
13.620,0.0,0.0,0.000,0.000,0.000,0.00,-1.0,0.0,0,1,0,0,0,-1,0.00,0.00
13.686,0.0,0.0,0.000,0.000,0.000,0.00,-1.0,0.0,0,1,0,0,0,-1,0.00,0.00
13.737,0.0,0.0,0.000,0.000,0.000,0.00,-1.0,0.0,0,1,0,0,0,-1,0.00,0.00
13.804,0.0,0.0,0.000,0.000,0.000,0.00,-1.0,0.0,0,1,0,0,0,-1,0.00,0.00
13.869,0.0,0.0,0.000,0.000,0.000,0.00,-1.0,0.0,0,1,0,0,0,-1,0.00,0.00
13.920,0.0,0.0,0.000,0.000,0.000,0.00,-1.0,0.0,0,1,0,0,0,-1,0.00,0.00
13.986,0.0,0.0,0.000,0.000,0.000,0.00,-1.0,0.0,0,1,0,0,0,-1,0.00,0.00
14.037,0.0,0.0,0.000,0.000,0.000,0.00,-1.0,0.0,0,1,0,0,0,-1,0.00,0.00
14.103,0.0,0.0,0.000,0.000,0.000,0.00,-1.0,0.0,0,1,0,0,0,-1,0.00,0.00
14.469,0.0,0.0,0.000,0.000,0.000,0.00,-1.0,0.0,0,1,0,0,0,-1,0.00,0.00
14.521,0.0,0.0,0.000,0.000,0.000,0.00,-1.0,0.0,0,1,0,0,0,-1,0.00,0.00
14.577,0.0,0.0,0.000,0.000,0.000,0.00,-1.0,0.0,0,1,0,0,0,-1,0.00,0.00
14.641,0.0,0.0,0.000,0.000,0.000,0.00,-1.0,0.0,0,1,0,0,0,-1,0.00,0.00
14.691,0.0,0.0,0.000,0.000,0.000,0.00,-1.0,0.0,0,1,0,0,0,-1,0.00,0.00
14.756,0.0,0.0,0.000,0.000,0.000,0.00,-1.0,0.0,0,1,0,0,0,-1,0.00,0.00
14.806,0.0,0.0,0.000,0.000,0.000,0.00,-1.0,0.0,0,1,0,0,0,-1,0.00,0.00
14.873,0.0,0.0,0.000,0.000,0.000,0.00,-1.0,0.0,0,1,0,0,0,-1,0.00,0.00
14.923,0.0,0.0,0.000,0.000,0.000,0.00,-1.0,0.0,0,1,0,0,0,-1,0.00,0.00
14.990,0.0,0.0,0.000,0.000,0.000,0.00,-1.0,0.0,0,1,0,0,0,-1,0.00,0.00
15.040,0.0,0.0,0.000,0.000,0.000,0.00,-1.0,0.0,0,1,0,0,0,-1,0.00,0.00
15.106,0.0,0.0,0.000,0.000,0.000,0.00,-1.0,0.0,0,1,0,0,0,-1,0.00,0.00
15.156,0.0,0.0,0.000,0.000,0.000,0.00,-1.0,0.0,0,1,0,0,0,-1,0.00,0.00
15.207,0.0,0.0,0.000,0.000,0.000,0.00,-1.0,0.0,0,1,0,0,0,-1,0.00,0.00
15.257,0.0,0.0,0.000,0.000,0.000,0.00,-1.0,0.0,0,1,0,0,0,-1,0.00,0.00
15.324,0.0,0.0,0.000,0.000,0.000,0.00,-1.0,0.0,0,1,0,0,0,-1,0.00,0.00
15.389,0.0,0.0,0.000,0.000,0.000,0.00,-1.0,0.0,0,1,0,0,0,-1,0.00,0.00
15.456,0.0,0.0,0.000,0.000,0.000,0.00,-1.0,0.0,0,1,0,0,0,-1,0.00,0.00
15.506,0.0,0.0,0.000,0.000,0.000,0.00,-1.0,0.0,0,1,0,0,0,-1,0.00,0.00
15.573,0.0,0.0,0.000,0.000,0.000,0.00,-1.0,0.0,0,1,0,0,0,-1,0.00,0.00
15.624,0.0,0.0,0.000,0.000,0.000,0.00,-1.0,0.0,0,1,0,0,0,-1,0.00,0.00
15.674,0.0,0.0,0.000,0.000,0.000,0.00,-1.0,0.0,0,1,0,0,0,-1,0.00,0.00
15.740,0.0,0.0,0.000,0.000,0.000,0.00,-1.0,0.0,0,1,0,0,0,-1,0.00,0.00
15.790,0.0,-1.4,0.000,0.000,0.000,0.00,-1.0,0.0,0,1,0,0,0,-1,0.00,0.00
15.856,4.0,-6.7,0.000,0.000,0.000,0.00,-1.0,0.0,0,1,0,0,0,-1,0.00,0.00
15.907,8.0,-10.7,0.005,-0.052,0.001,-0.86,-1.0,0.0,0,1,0,0,0,-1,0.00,0.00
15.957,12.1,-14.7,0.051,-0.123,0.017,-2.90,-1.0,0.0,0,1,0,0,0,-1,0.00,0.00
16.023,17.3,-20.0,0.268,-0.382,0.161,-13.17,-1.0,0.0,0,1,0,0,0,-1,0.00,0.00
16.073,21.3,-24.0,0.450,-0.583,0.300,-21.66,-1.0,0.0,0,1,0,0,0,-1,0.00,0.00
16.123,25.0,-25.0,0.649,-0.704,0.549,-34.95,-1.0,0.0,0,1,0,0,0,-1,0.00,0.00
16.190,25.0,-25.0,0.704,-0.704,0.786,-44.33,-1.0,0.0,0,1,0,0,0,-1,0.00,0.00
16.241,25.0,-25.0,0.704,-0.704,0.945,-50.61,-1.0,0.0,0,1,0,0,0,-1,0.00,0.00
16.306,25.0,-25.0,0.704,-0.704,1.051,-54.83,-1.0,0.0,0,1,0,0,0,-1,0.00,0.00
16.356,25.0,-25.0,0.704,-0.704,1.102,-56.83,-1.0,0.0,0,1,0,0,0,-1,0.00,0.00
16.423,21.0,-25.0,0.563,-0.704,1.123,-59.55,-1.0,0.0,0,1,0,0,0,-1,0.00,0.00
16.474,16.9,-25.0,0.369,-0.704,1.028,-60.45,-1.0,0.0,0,1,0,0,0,-1,0.00,0.00
16.539,11.7,-25.0,0.206,-0.704,0.839,-61.42,-1.0,0.0,0,1,0,0,0,-1,0.00,0.00
16.607,6.3,-25.0,0.019,-0.704,0.534,-62.24,-1.0,0.0,0,1,0,0,0,-1,0.00,0.00
16.674,6.3,-25.0,0.000,-0.704,0.358,-62.62,-1.0,0.0,0,1,0,0,0,-1,0.00,0.00
16.740,11.6,-25.0,0.041,-0.704,0.253,-62.87,-1.0,0.0,0,1,0,0,0,-1,0.00,0.00
16.790,15.6,-25.0,0.201,-0.704,0.265,-63.05,-1.0,0.0,0,1,0,0,0,-1,0.00,0.00
16.856,20.9,-25.0,0.425,-0.704,0.377,-63.16,-1.0,0.0,0,1,0,0,0,-1,0.00,0.00
16.923,25.0,-25.0,0.698,-0.704,0.671,-63.26,-1.0,0.0,0,1,0,0,0,-1,0.00,0.00
16.975,25.0,-25.0,0.704,-0.704,0.811,-63.29,-1.0,0.0,0,1,0,0,0,-1,0.00,0.00
17.039,25.0,-25.0,0.704,-0.704,0.962,-63.32,-1.0,0.0,0,1,0,0,0,-1,0.00,0.00
17.089,25.0,-25.0,0.704,-0.704,1.063,-63.35,-1.0,0.0,0,1,0,0,0,-1,0.00,0.00
17.140,25.0,-25.0,0.704,-0.704,1.130,-63.36,-1.0,0.0,0,1,0,0,0,-1,0.00,0.00
17.206,25.0,-19.7,0.704,-0.495,1.176,-59.00,-1.0,0.0,0,1,0,0,0,-1,0.00,0.00
17.256,25.0,-15.7,0.704,-0.314,1.197,-52.98,-1.0,0.0,0,1,0,0,0,-1,0.00,0.00
17.323,25.0,-10.4,0.704,-0.117,1.226,-37.67,-1.0,0.0,0,1,0,0,0,-1,0.00,0.00
17.373,25.0,-6.3,0.704,-0.018,1.236,-29.50,-1.0,0.0,0,1,0,0,0,-1,0.00,0.00
17.440,22.3,-1.0,0.635,0.000,1.234,-17.32,-1.0,0.0,0,1,0,0,0,-1,0.00,0.00
17.506,17.1,0.0,0.368,0.000,1.078,-11.61,-1.0,0.0,0,1,0,0,0,-1,0.00,0.00
17.557,13.0,0.0,0.255,0.000,0.945,-8.89,-1.0,0.0,0,1,0,0,0,-1,0.00,0.00
17.607,9.0,0.0,0.077,0.000,0.701,-5.96,-1.0,0.0,0,1,0,0,0,-1,0.00,0.00
17.673,3.7,0.0,0.000,0.000,0.481,-4.00,-1.0,0.0,0,1,0,0,0,-1,0.00,0.00
17.724,0.0,0.0,0.000,0.000,0.322,-2.68,-1.0,0.0,0,1,0,0,0,-1,0.00,0.00
17.790,0.0,0.0,0.000,0.000,0.216,-1.80,-1.0,0.0,0,1,0,0,0,-1,0.00,0.00
17.840,0.0,0.0,0.000,0.000,0.145,-1.20,-1.0,0.0,0,1,0,0,0,-1,0.00,0.00
17.892,0.0,4.1,0.000,0.000,0.111,-0.92,-1.0,0.0,0,1,0,0,0,-1,0.00,0.00
17.958,0.0,9.4,0.000,0.004,0.074,-0.57,-1.0,0.0,0,1,0,0,0,-1,0.00,0.00
18.023,0.0,14.6,0.000,0.166,0.044,3.87,-1.0,0.0,0,1,0,0,0,-1,0.00,0.00
18.073,0.0,18.7,0.000,0.325,0.033,9.24,-1.0,0.0,0,1,0,0,0,-1,0.00,0.00
18.139,0.0,23.9,0.000,0.509,0.022,19.59,-1.0,0.0,0,1,0,0,0,-1,0.00,0.00
18.190,2.7,25.0,0.000,0.704,0.015,33.53,-1.0,0.0,0,1,0,0,0,-1,0.00,0.00
18.256,8.0,25.0,0.005,0.704,0.011,43.37,-1.0,0.0,0,1,0,0,0,-1,0.00,0.00
18.307,12.1,25.0,0.086,0.704,0.041,49.97,-1.0,0.0,0,1,0,0,0,-1,0.00,0.00
18.373,17.3,25.0,0.272,0.704,0.153,54.40,-1.0,0.0,0,1,0,0,0,-1,0.00,0.00
18.439,22.7,25.0,0.450,0.704,0.335,57.36,-1.0,0.0,0,1,0,0,0,-1,0.00,0.00
18.492,25.0,25.0,0.704,0.704,0.611,59.35,-1.0,0.0,0,1,0,0,0,-1,0.00,0.00
18.556,25.0,25.0,0.704,0.704,0.828,60.69,-1.0,0.0,0,1,0,0,0,-1,0.00,0.00
18.606,25.0,25.0,0.704,0.704,0.973,61.58,-1.0,0.0,0,1,0,0,0,-1,0.00,0.00
18.673,25.0,25.0,0.704,0.704,1.070,62.18,-1.0,0.0,0,1,0,0,0,-1,0.00,0.00
18.728,25.0,25.0,0.704,0.704,1.135,62.58,-1.0,0.0,0,1,0,0,0,-1,0.00,0.00
18.789,25.0,25.0,0.704,0.704,1.179,62.85,-1.0,0.0,0,1,0,0,0,-1,0.00,0.00
18.840,25.0,25.0,0.704,0.704,1.208,63.03,-1.0,0.0,0,1,0,0,0,-1,0.00,0.00
18.906,25.0,22.3,0.704,0.630,1.228,62.31,-1.0,0.0,0,1,0,0,0,-1,0.00,0.00
18.973,25.0,17.0,0.704,0.369,1.241,54.95,-1.0,0.0,0,1,0,0,0,-1,0.00,0.00
19.040,25.0,11.6,0.704,0.159,1.252,40.56,-1.0,0.0,0,1,0,0,0,-1,0.00,0.00
19.107,25.0,6.3,0.704,0.018,1.257,28.48,-1.0,0.0,0,1,0,0,0,-1,0.00,0.00
19.174,25.0,0.9,0.704,0.000,1.261,19.11,-1.0,0.0,0,1,0,0,0,-1,0.00,0.00
19.240,25.0,4.0,0.704,0.000,1.264,11.21,-1.0,0.0,0,1,0,0,0,-1,0.00,0.00
19.306,25.0,9.3,0.704,0.024,1.265,7.83,-1.0,0.0,0,1,0,0,0,-1,0.00,0.00
19.358,25.0,10.5,0.704,0.125,1.266,7.91,-1.0,0.0,0,1,0,0,0,-1,0.00,0.00
19.423,25.0,15.7,0.704,0.206,1.267,10.15,-1.0,0.0,0,1,0,0,0,-1,0.00,0.00
19.490,25.0,21.1,0.704,0.430,1.267,17.48,-1.0,0.0,0,1,0,0,0,-1,0.00,0.00
19.557,25.0,25.0,0.704,0.704,1.267,29.49,-1.0,0.0,0,1,0,0,0,-1,0.00,0.00
19.626,25.0,25.0,0.704,0.704,1.268,43.50,-1.0,0.0,0,1,0,0,0,-1,0.00,0.00
19.691,25.0,25.0,0.704,0.704,1.268,50.06,-1.0,0.0,0,1,0,0,0,-1,0.00,0.00
19.758,25.0,25.0,0.704,0.704,1.268,54.46,-1.0,0.0,0,1,0,0,0,-1,0.00,0.00
19.823,25.0,25.0,0.704,0.704,1.268,58.15,-1.0,0.0,0,1,0,0,0,-1,0.00,0.00
19.874,25.0,25.0,0.704,0.704,1.268,59.38,-1.0,0.0,0,1,0,0,0,-1,0.00,0.00
19.926,25.0,25.0,0.704,0.704,1.268,60.70,-1.0,0.0,0,1,0,0,0,-1,0.00,0.00
19.990,25.0,25.0,0.704,0.704,1.268,61.59,-1.0,0.0,0,1,0,0,0,-1,0.00,0.00
20.056,25.0,25.0,0.704,0.704,1.268,62.19,-1.0,0.0,0,1,0,0,0,-1,0.00,0.00
20.106,25.0,25.0,0.704,0.704,1.268,62.58,-1.0,0.0,0,1,0,0,0,-1,0.00,0.00
20.157,25.0,25.0,0.704,0.704,1.268,62.77,-1.0,0.0,0,1,0,0,0,-1,0.00,0.00
20.207,25.0,25.0,0.704,0.704,1.268,62.98,-1.0,0.0,0,1,0,0,0,-1,0.00,0.00
20.274,25.0,22.2,0.704,0.630,1.268,62.28,-1.0,0.0,0,1,0,0,0,-1,0.00,0.00
20.340,25.0,16.9,0.704,0.428,1.268,56.17,-1.0,0.0,0,1,0,0,0,-1,0.00,0.00
20.407,25.0,11.6,0.704,0.156,1.268,41.18,-1.0,0.0,0,1,0,0,0,-1,0.00,0.00
20.473,25.0,6.3,0.704,0.017,1.268,29.20,-1.0,0.0,0,1,0,0,0,-1,0.00,0.00
20.543,25.0,0.7,0.704,0.000,1.268,17.14,-1.0,0.0,0,1,0,0,0,-1,0.00,0.00
20.606,25.0,3.9,0.704,0.000,1.268,11.49,-1.0,0.0,0,1,0,0,0,-1,0.00,0.00
20.656,25.0,7.9,0.704,0.000,1.268,8.80,-1.0,0.0,0,1,0,0,0,-1,0.00,0.00
20.723,25.0,13.2,0.704,0.122,1.268,7.96,-1.0,0.0,0,1,0,0,0,-1,0.00,0.00
20.773,25.0,17.2,0.704,0.264,1.268,11.18,-1.0,0.0,0,1,0,0,0,-1,0.00,0.00
20.827,25.0,21.6,0.704,0.444,1.268,18.96,-1.0,0.0,0,1,0,0,0,-1,0.00,0.00
20.889,25.0,25.0,0.704,0.704,1.268,31.47,-1.0,0.0,0,1,0,0,0,-1,0.00,0.00
20.940,25.0,25.0,0.704,0.704,1.268,38.94,-1.0,0.0,0,1,0,0,0,-1,0.00,0.00
20.991,25.0,25.0,0.704,0.704,1.268,47.00,-1.0,0.0,0,1,0,0,0,-1,0.00,0.00
21.042,25.0,25.0,0.704,0.704,1.268,52.41,-1.0,0.0,0,1,0,0,0,-1,0.00,0.00
21.107,25.0,25.0,0.704,0.704,1.268,56.03,-1.0,0.0,0,1,0,0,0,-1,0.00,0.00
21.157,25.0,22.2,0.704,0.632,1.268,56.94,-1.0,0.0,0,1,0,0,0,-1,0.00,0.00
21.223,25.0,17.0,0.704,0.365,1.268,50.12,-1.0,0.0,0,1,0,0,0,-1,0.00,0.00
21.275,25.0,12.8,0.704,0.202,1.268,43.70,-1.0,0.0,0,1,0,0,0,-1,0.00,0.00
21.340,25.0,7.6,0.704,0.076,1.268,32.58,-1.0,0.0,0,1,0,0,0,-1,0.00,0.00
21.406,25.0,2.3,0.704,0.000,1.268,19.25,-1.0,0.0,0,1,0,0,0,-1,0.00,0.00
21.457,25.0,0.0,0.704,0.000,1.268,14.74,-1.0,0.0,0,1,0,0,0,-1,0.00,0.00
21.524,25.0,0.0,0.704,0.000,1.268,8.65,-1.0,0.0,0,1,0,0,0,-1,0.00,0.00
21.590,19.7,0.0,0.497,0.000,1.183,5.80,-1.0,0.0,0,1,0,0,0,-1,0.00,0.00
21.640,15.7,0.0,0.314,0.000,1.011,3.89,-1.0,0.0,0,1,0,0,0,-1,0.00,0.00
21.690,11.7,0.0,0.158,0.000,0.851,2.98,-1.0,0.0,0,1,0,0,0,-1,0.00,0.00
21.757,6.4,0.0,0.041,0.000,0.615,2.00,-1.0,0.0,0,1,0,1,0,-1,1.00,0.00
21.823,1.0,0.0,0.000,0.000,0.361,1.17,-1.0,0.0,0,1,0,1,0,-1,1.00,0.00
21.890,0.0,0.0,0.000,0.000,0.242,0.78,-1.0,0.0,0,1,0,1,0,-1,1.00,0.00
21.940,0.0,0.0,0.000,0.000,0.162,0.53,-1.0,0.0,0,1,0,1,0,-1,1.00,0.00
22.009,0.0,0.0,0.000,0.000,0.109,0.35,-1.0,0.0,0,1,0,1,0,-1,1.00,-1.00
22.073,0.0,0.0,0.000,0.000,0.073,0.24,-1.0,0.0,0,1,0,1,0,-1,1.00,-1.00
22.123,0.0,0.0,0.000,0.000,0.049,0.16,-1.0,0.0,0,1,0,1,0,-1,1.00,-1.00
22.189,0.0,0.0,0.000,0.000,0.033,0.11,-1.0,0.0,0,1,0,1,0,-1,1.00,-1.00
22.240,0.0,0.0,0.000,0.000,0.022,0.07,-1.0,0.0,0,1,0,1,0,-1,1.00,-1.00
22.290,0.0,0.0,0.000,0.000,0.017,0.05,-1.0,0.0,0,1,0,1,0,-1,1.00,-1.00
22.357,0.0,0.0,0.000,0.000,0.011,0.04,-1.0,0.0,0,1,0,1,0,-1,1.00,0.00
22.423,0.0,0.0,0.000,0.000,0.007,0.02,-1.0,0.0,0,1,0,0,0,-1,0.00,0.00
22.474,0.0,0.0,0.000,0.000,0.005,0.02,-1.0,0.0,0,1,0,0,0,-1,0.00,0.00
22.540,0.0,0.0,0.000,0.000,0.003,0.01,-1.0,0.0,0,1,0,0,0,-1,0.00,0.00
22.590,0.0,0.0,0.000,0.000,0.002,0.01,-1.0,0.0,0,1,0,0,0,-1,0.00,0.00
22.657,0.0,0.0,0.000,0.000,0.002,0.00,-1.0,0.0,0,1,0,1,0,-1,1.00,0.00
22.709,0.0,0.0,0.000,0.000,0.001,0.00,-1.0,0.0,0,1,0,1,0,-1,1.00,0.00
22.774,0.0,0.0,0.000,0.000,0.001,0.00,-1.0,0.0,0,1,0,1,0,-1,1.00,0.00
22.839,0.0,0.0,0.000,0.000,0.000,0.00,-1.0,0.0,0,1,0,1,0,-1,1.00,0.00
22.889,0.0,0.0,0.000,0.000,0.000,0.00,-1.0,0.0,0,1,0,1,0,-1,1.00,0.00
22.940,0.0,0.0,0.000,0.000,0.000,0.00,-1.0,0.0,0,1,0,1,0,-1,1.00,0.00
22.992,0.0,0.0,0.000,0.000,0.000,0.00,-1.0,0.0,0,1,0,1,0,-1,1.00,-1.00
23.056,0.0,0.0,0.000,0.000,0.000,0.00,-1.0,0.0,0,1,0,1,0,-1,1.00,-1.00
23.107,0.0,0.0,0.000,0.000,0.000,0.00,-1.0,0.0,0,1,0,1,0,-1,1.00,-1.00
23.157,0.0,0.0,0.000,0.000,0.000,0.00,-1.0,0.0,0,1,0,1,0,-1,1.00,-1.00
23.223,0.0,0.0,0.000,0.000,0.000,0.00,-1.0,0.0,0,1,0,1,0,-1,1.00,-1.00
23.289,0.0,0.0,0.000,0.000,0.000,0.00,-1.0,0.0,0,1,0,1,0,-1,1.00,0.00
23.373,0.0,0.0,0.000,0.000,0.000,0.00,-1.0,0.0,0,1,0,1,0,-1,1.00,1.00
23.427,0.0,0.0,0.000,0.000,0.000,0.00,-1.0,0.0,0,1,0,1,0,-1,1.00,1.00
23.494,0.0,0.0,0.000,0.000,0.000,0.00,-1.0,0.0,0,1,0,1,0,-1,1.00,1.00
23.560,0.0,0.0,0.000,0.000,0.000,0.00,-1.0,0.0,0,1,0,1,0,-1,1.00,1.00
23.626,0.0,0.0,0.000,0.000,0.000,0.00,-1.0,0.0,0,1,0,1,0,-1,1.00,1.00
23.677,0.0,0.0,0.000,0.000,0.000,0.00,-1.0,0.0,0,1,0,1,0,-1,1.00,1.00
23.729,0.0,0.0,0.000,0.000,0.000,0.00,-1.0,0.0,0,1,0,1,0,-1,1.00,1.00
23.793,0.0,0.0,0.000,0.000,0.000,0.00,-1.0,0.0,0,1,0,1,0,-1,1.00,0.00
23.844,0.0,0.0,0.000,0.000,0.000,0.00,-1.0,0.0,0,1,0,1,0,-1,1.00,0.00
23.894,0.0,0.0,0.000,0.000,0.000,0.00,-1.0,0.0,0,1,0,1,0,-1,1.00,-1.00
23.961,0.0,0.0,0.000,0.000,0.000,0.00,-1.0,0.0,0,1,0,1,0,-1,1.00,-1.00
24.027,0.0,0.0,0.000,0.000,0.000,0.00,-1.0,0.0,0,1,0,1,0,-1,1.00,-1.00
24.093,0.0,0.0,0.000,0.000,0.000,0.00,-1.0,0.0,0,1,0,1,0,-1,1.00,-1.00
24.159,4.0,0.0,0.000,0.000,0.000,0.00,-1.0,0.0,0,1,0,1,0,-1,1.00,-1.00
24.210,8.1,0.0,0.004,0.000,0.001,0.00,-1.0,0.0,0,1,0,1,0,-1,1.00,-1.00
24.276,13.3,0.0,0.126,0.000,0.044,0.00,-1.0,0.0,0,1,0,1,0,-1,1.00,0.00
24.326,17.4,0.0,0.275,0.000,0.163,0.00,-1.0,0.0,0,1,0,1,0,-1,1.00,0.00
24.393,22.7,0.0,0.513,0.000,0.368,0.00,-1.0,0.0,0,1,0,1,0,-1,1.00,-1.00
24.443,25.0,0.0,0.704,0.000,0.635,0.00,-1.0,0.0,0,1,0,1,0,-1,1.00,-1.00
24.494,21.0,0.0,0.565,0.000,0.738,0.00,-1.0,0.0,0,1,0,1,0,-1,1.00,-1.00
24.560,15.6,0.0,0.314,0.000,0.724,0.00,-1.0,0.0,0,1,0,1,0,-1,1.00,-1.00
24.626,10.4,0.0,0.115,0.000,0.577,0.00,-1.0,0.0,0,1,0,1,0,-1,1.00,0.00
24.677,6.3,0.0,0.045,0.000,0.467,0.00,-1.0,0.0,0,1,0,0,0,-1,0.00,1.00
24.743,1.0,0.0,0.000,0.000,0.274,0.00,-1.0,0.0,0,1,0,0,0,-1,0.00,1.00
24.810,0.0,0.0,0.000,0.000,0.184,0.00,-1.0,0.0,0,1,0,0,0,-1,0.00,1.00
24.860,0.0,0.0,0.000,0.000,0.123,0.00,-1.0,0.0,0,1,0,0,0,-1,0.00,1.00
24.927,0.0,0.0,0.000,0.000,0.083,0.00,-1.0,0.0,0,1,0,0,0,-1,0.00,1.00
24.993,0.0,0.0,0.000,0.000,0.055,0.00,-1.0,0.0,0,1,0,0,0,-1,0.00,1.00
25.060,0.0,0.0,0.000,0.000,0.032,0.00,-1.0,0.0,0,1,0,0,0,-1,0.00,1.00
25.110,0.0,0.0,0.000,0.000,0.025,0.00,-1.0,0.0,0,1,0,0,0,-1,0.00,0.00
25.176,0.0,0.0,0.000,0.000,0.017,0.00,-1.0,0.0,0,1,0,0,0,-1,0.00,0.00
25.226,0.0,0.0,0.000,0.000,0.011,0.00,-1.0,0.0,0,1,0,0,0,-1,0.00,0.00
25.294,0.0,0.0,0.000,0.000,0.007,0.00,-1.0,0.0,0,1,0,0,0,-1,0.00,0.00
25.360,0.0,0.0,0.000,0.000,0.005,0.00,-1.0,0.0,0,1,0,0,0,-1,0.00,0.00
25.410,0.0,0.0,0.000,0.000,0.003,0.00,-1.0,0.0,0,1,0,1,0,-1,1.00,0.00
25.477,0.0,0.0,0.000,0.000,0.002,0.00,-1.0,0.0,0,1,0,1,0,-1,1.00,0.00
25.529,0.0,0.0,0.000,0.000,0.002,0.00,-1.0,0.0,0,1,0,1,0,-1,1.00,0.00
25.593,0.0,0.0,0.000,0.000,0.001,0.00,-1.0,0.0,0,1,0,1,0,-1,1.00,0.00
25.644,0.0,0.0,0.000,0.000,0.001,0.00,-1.0,0.0,0,1,0,1,0,-1,1.00,0.00
25.709,0.0,0.0,0.000,0.000,0.000,0.00,-1.0,0.0,0,1,0,1,0,-1,1.00,0.00
25.778,0.0,0.0,0.000,0.000,0.000,0.00,-1.0,0.0,0,1,0,0,0,-1,0.00,0.00
25.842,0.0,0.0,0.000,0.000,0.000,0.00,-1.0,0.0,0,1,0,0,0,-1,0.00,0.00
25.893,0.0,0.0,0.000,0.000,0.000,0.00,-1.0,0.0,0,1,0,0,0,-1,0.00,0.00
25.960,0.0,0.0,0.000,0.000,0.000,0.00,-1.0,0.0,0,1,0,0,0,-1,0.00,0.00
26.027,0.0,0.0,0.000,0.000,0.000,0.00,-1.0,0.0,0,1,0,0,0,-1,0.00,0.00
26.094,5.3,0.0,0.000,0.000,0.000,0.00,-1.0,0.0,0,1,0,0,0,-1,0.00,0.00
26.159,10.6,0.0,0.025,0.000,0.007,0.00,-1.0,0.0,0,1,0,0,0,-1,0.00,0.00
26.213,14.9,0.0,0.171,0.000,0.082,0.00,-1.0,0.0,0,1,0,0,0,-1,0.00,0.00
26.277,20.0,0.0,0.379,0.000,0.231,0.00,-1.0,0.0,0,1,0,0,0,-1,0.00,0.00
26.327,24.0,0.0,0.574,0.000,0.462,0.00,-1.0,0.0,0,1,0,0,0,-1,0.00,0.00
26.393,25.0,0.0,0.704,0.000,0.718,0.00,-1.0,0.0,0,1,0,0,0,-1,0.00,0.00
26.460,25.0,0.0,0.704,0.000,0.899,0.00,-1.0,0.0,0,1,0,0,0,-1,0.00,0.00
26.531,25.0,0.0,0.704,0.000,1.052,0.00,-1.0,0.0,0,1,0,0,0,-1,0.00,0.00
26.593,25.0,0.0,0.704,0.000,1.123,0.00,-1.0,0.0,0,1,0,0,0,-1,0.00,0.00
26.660,25.0,0.0,0.704,0.000,1.171,0.00,-1.0,0.0,0,1,0,0,0,-1,0.00,0.00
26.710,21.0,0.0,0.565,0.000,1.156,0.00,-1.0,0.0,0,1,0,0,0,-1,0.00,0.00
26.760,16.9,0.0,0.365,0.000,1.026,0.00,-1.0,0.0,0,1,0,0,0,-1,0.00,0.00
26.826,11.6,0.0,0.157,0.000,0.806,0.00,-1.0,0.0,0,1,0,0,0,-1,0.00,0.00
26.877,7.6,0.0,0.044,0.000,0.650,0.00,-1.0,0.0,0,1,0,0,0,-1,0.00,0.00
26.927,3.6,0.0,0.000,0.000,0.439,0.00,-1.0,0.0,0,1,0,0,0,-1,0.00,0.00
26.995,0.0,0.0,0.000,0.000,0.294,0.00,-1.0,0.0,0,1,0,0,0,-1,0.00,0.00
27.060,0.0,0.0,0.000,0.000,0.197,0.00,-1.0,0.0,0,1,0,0,0,-1,0.00,0.00
27.110,0.0,0.0,0.000,0.000,0.132,0.00,-1.0,0.0,0,1,0,0,0,-1,0.00,0.00
27.177,0.0,0.0,0.000,0.000,0.089,0.00,-1.0,0.0,0,1,0,0,0,-1,0.00,0.00
27.243,0.0,0.0,0.000,0.000,0.052,0.00,-1.0,0.0,0,1,0,0,0,-1,0.00,0.00
27.309,0.0,0.0,0.000,0.000,0.035,0.00,-1.0,0.0,0,1,0,0,0,-1,0.00,0.00
27.360,0.0,0.0,0.000,0.000,0.027,0.00,-1.0,0.0,0,1,0,0,0,-1,0.00,0.00
27.411,0.0,0.0,0.000,0.000,0.018,0.00,-1.0,0.0,0,1,0,0,0,-1,0.00,0.00
27.476,0.0,0.0,0.000,0.000,0.012,0.00,-1.0,0.0,0,1,0,0,0,-1,0.00,0.00
27.526,0.0,0.0,0.000,0.000,0.008,0.00,-1.0,0.0,0,1,0,0,0,-1,0.00,0.00
27.594,0.0,0.0,0.000,0.000,0.005,0.00,-1.0,0.0,0,1,0,0,0,-1,0.00,0.00
27.644,0.0,0.0,0.000,0.000,0.004,0.00,-1.0,0.0,0,1,0,0,0,-1,0.00,0.00
27.711,0.0,0.0,0.000,0.000,0.002,0.00,-1.0,0.0,0,1,0,0,0,-1,0.00,0.00
27.777,0.0,0.0,0.000,0.000,0.002,0.00,-1.0,0.0,0,1,0,0,0,-1,0.00,0.00
27.843,0.0,0.0,0.000,0.000,0.001,0.00,-1.0,0.0,0,1,0,0,0,-1,0.00,0.00
27.910,0.0,0.0,0.000,0.000,0.001,0.00,-1.0,0.0,0,1,0,0,0,-1,0.00,0.00
28.046,0.0,0.0,0.000,0.000,0.000,0.00,-1.0,0.0,0,1,0,0,0,-1,0.00,0.00
28.096,0.0,0.0,0.000,0.000,0.000,0.00,-1.0,0.0,0,1,0,0,0,-1,0.00,0.00
28.161,0.0,0.0,0.000,0.000,0.000,0.00,-1.0,0.0,0,1,0,0,0,-1,0.00,0.00
28.211,0.0,0.0,0.000,0.000,0.000,0.00,-1.0,0.0,0,1,0,0,0,-1,0.00,0.00
28.278,0.0,0.0,0.000,0.000,0.000,0.00,-1.0,0.0,0,1,0,0,0,-1,0.00,0.00
28.344,0.0,0.0,0.000,0.000,0.000,0.00,-1.0,0.0,0,1,0,0,0,-1,0.00,0.00
28.395,0.0,0.0,0.000,0.000,0.000,0.00,-1.0,0.0,0,1,0,0,0,-1,0.00,0.00
28.461,0.0,0.0,0.000,0.000,0.000,0.00,-1.0,0.0,0,1,0,0,0,-1,0.00,0.00
28.529,0.0,0.0,0.000,0.000,0.000,0.00,-1.0,0.0,0,1,0,0,0,-1,0.00,0.00
28.595,1.3,0.0,0.000,0.000,0.000,0.00,-1.0,0.0,0,1,0,0,0,-1,0.00,0.00
28.662,6.6,0.0,0.000,0.000,0.000,0.00,-1.0,0.0,0,1,0,0,0,-1,0.00,0.00
28.712,10.7,0.0,0.050,0.000,0.016,0.00,-1.0,0.0,0,1,0,0,0,-1,0.00,0.00
28.777,15.9,0.0,0.169,0.000,0.088,0.00,-1.0,0.0,0,1,0,0,0,-1,0.00,0.00
28.828,19.9,0.0,0.386,0.000,0.254,0.00,-1.0,0.0,0,1,0,0,0,-1,0.00,0.00
28.879,24.0,0.0,0.509,0.000,0.396,0.00,-1.0,0.0,0,1,0,0,0,-1,0.00,0.00
28.944,25.0,0.0,0.704,0.000,0.748,0.00,-1.0,0.0,0,1,0,0,0,-1,0.00,0.00
28.996,25.0,0.0,0.704,0.000,0.870,0.00,-1.0,0.0,0,1,0,0,0,-1,0.00,0.00
29.062,25.0,2.7,0.704,0.000,1.034,0.00,-1.0,0.0,0,1,0,0,0,-1,0.00,0.00
29.127,25.0,7.9,0.704,0.003,1.111,0.04,-1.0,0.0,0,1,0,0,0,-1,0.00,0.00
29.178,25.0,12.0,0.704,0.051,1.148,0.83,-1.0,0.0,0,1,0,0,0,-1,0.00,0.00
29.228,25.0,16.0,0.704,0.217,1.188,5.71,-1.0,0.0,0,1,0,0,0,-1,0.00,0.00
29.296,25.0,21.5,0.704,0.443,1.214,14.34,-1.0,0.0,0,1,0,0,0,-1,0.00,0.00
29.362,25.0,25.0,0.704,0.704,1.236,31.63,-1.0,0.0,0,1,0,0,0,-1,0.00,0.00
29.428,25.0,25.0,0.704,0.704,1.247,42.10,-1.0,0.0,0,1,0,0,0,-1,0.00,0.00
29.496,25.0,25.0,0.704,0.704,1.254,49.12,-1.0,0.0,0,1,0,0,0,-1,0.00,0.00
29.549,25.0,25.0,0.704,0.704,1.258,53.83,-1.0,0.0,0,1,0,0,0,-1,0.00,0.00
29.612,25.0,25.0,0.704,0.704,1.262,56.98,-1.0,0.0,0,1,0,0,0,-1,0.00,0.00
29.662,25.0,25.0,0.704,0.704,1.264,59.10,-1.0,0.0,0,1,0,0,0,-1,0.00,0.00
29.715,25.0,25.0,0.704,0.704,1.265,60.10,-1.0,0.0,0,1,0,0,0,-1,0.00,0.00
29.779,25.0,25.0,0.704,0.704,1.266,61.19,-1.0,0.0,0,1,0,0,0,-1,0.00,0.00
29.845,25.0,25.0,0.704,0.704,1.267,62.10,-1.0,0.0,0,1,0,0,0,-1,0.00,0.00
29.911,25.0,25.0,0.704,0.704,1.267,62.53,-1.0,0.0,0,1,0,0,0,-1,0.00,0.00
29.961,25.0,25.0,0.704,0.704,1.267,62.81,-1.0,0.0,0,1,0,0,0,-1,0.00,0.00
30.013,25.0,25.0,0.704,0.704,1.267,62.95,-1.0,0.0,0,1,0,0,0,-1,0.00,0.00
30.078,25.0,25.0,0.704,0.704,1.268,63.10,-1.0,0.0,0,1,0,0,0,-1,0.00,0.00
30.145,25.0,25.0,0.704,0.704,1.268,63.22,-1.0,0.0,0,1,0,0,0,-1,0.00,0.00
30.195,25.0,25.0,0.704,0.704,1.268,63.26,-1.0,0.0,0,1,0,0,0,-1,0.00,0.00
30.261,25.0,25.0,0.704,0.704,1.268,63.32,-1.0,0.0,0,1,0,0,0,-1,0.00,0.00
30.314,25.0,25.0,0.704,0.704,1.268,63.33,-1.0,0.0,0,1,0,0,0,-1,0.00,0.00
30.378,25.0,25.0,0.704,0.704,1.268,63.35,-1.0,0.0,0,1,0,0,0,-1,0.00,0.00
30.430,25.0,25.0,0.704,0.704,1.268,63.37,-1.0,0.0,0,1,0,0,0,-1,0.00,0.00
30.494,25.0,25.0,0.704,0.704,1.268,63.38,-1.0,0.0,0,1,0,0,0,-1,0.00,0.00
30.545,25.0,25.0,0.704,0.704,1.268,63.38,-1.0,0.0,0,1,0,0,0,-1,0.00,1.00
30.611,25.0,25.0,0.704,0.704,1.268,63.39,-1.0,0.0,0,1,0,0,0,-1,0.00,1.00
30.679,25.0,25.0,0.704,0.704,1.268,63.39,-1.0,0.0,0,1,0,0,0,-1,0.00,1.00
30.746,25.0,25.0,0.704,0.704,1.268,63.39,-1.0,0.0,0,1,0,0,0,-1,0.00,1.00
30.812,25.0,25.0,0.704,0.704,1.268,63.39,-1.0,0.0,0,1,0,0,0,-1,0.00,1.00
30.880,25.0,25.0,0.704,0.704,1.268,63.39,-1.0,0.0,0,1,0,0,0,-1,0.00,0.00
30.945,25.0,25.0,0.704,0.704,1.268,63.39,-1.0,0.0,0,1,0,0,0,-1,0.00,0.00
31.012,25.0,25.0,0.704,0.704,1.268,63.39,-1.0,0.0,0,1,0,0,0,-1,0.00,0.00
31.078,25.0,19.7,0.704,0.560,1.268,61.05,-1.0,0.0,0,1,0,0,0,-1,0.00,0.00
31.129,25.0,15.6,0.704,0.314,1.268,51.83,-1.0,0.0,0,1,0,0,0,-1,0.00,0.00
31.197,25.0,10.2,0.704,0.116,1.268,40.20,-1.0,0.0,0,1,0,0,0,-1,0.00,0.00
31.261,25.0,5.0,0.704,0.002,1.268,24.74,-1.0,0.0,0,1,0,0,0,-1,0.00,0.00
31.328,25.0,0.0,0.704,0.000,1.268,16.59,-1.0,0.0,0,1,0,0,0,-1,0.00,0.00
31.378,25.0,0.0,0.704,0.000,1.268,12.70,-1.0,0.0,0,1,0,0,0,-1,0.00,0.00
31.429,25.0,0.0,0.704,0.000,1.268,8.52,-1.0,0.0,0,1,0,0,0,-1,0.00,0.00
31.479,25.0,0.0,0.704,0.000,1.268,6.52,-1.0,0.0,0,1,0,0,0,-1,0.00,0.00
31.545,25.0,0.0,0.704,0.000,1.268,3.83,-1.0,0.0,0,1,0,0,0,-1,0.00,0.00
31.596,25.0,0.0,0.704,0.000,1.268,2.93,-1.0,0.0,0,1,0,0,0,-1,0.00,0.00
31.646,25.0,0.0,0.704,0.000,1.268,1.96,-1.0,0.0,0,1,0,0,0,-1,0.00,0.00
31.711,25.0,0.0,0.704,0.000,1.268,1.32,-1.0,0.0,0,1,0,1,0,-1,1.00,0.00
31.779,25.0,0.0,0.704,0.000,1.268,0.88,-1.0,0.0,0,1,0,1,0,-1,1.00,0.00
31.845,25.0,0.0,0.704,0.000,1.268,0.52,-1.0,0.0,0,1,0,1,0,-1,1.00,0.00
31.911,25.0,0.0,0.704,0.000,1.268,0.35,-1.0,0.0,0,1,0,1,0,-1,1.00,0.00
31.979,25.0,-4.0,0.704,0.000,1.268,0.23,-1.0,0.0,0,1,0,0,0,-1,0.00,0.00
32.045,25.0,-9.3,0.704,-0.023,1.268,-0.16,-1.0,0.0,0,1,0,0,0,-1,0.00,0.00
32.096,25.0,-13.4,0.704,-0.125,1.268,-2.03,-1.0,0.0,0,1,0,0,0,-1,0.00,0.00
32.146,25.0,-14.5,0.704,-0.267,1.268,-7.94,-1.0,0.0,0,1,0,0,0,-1,0.00,0.00
32.212,25.0,-9.2,0.704,-0.085,1.268,-9.28,-1.0,0.0,0,1,0,0,0,-1,0.00,0.00
32.278,25.0,-3.9,0.704,-0.004,1.268,-6.91,-1.0,0.0,0,1,0,0,0,-1,0.00,0.00
32.345,25.0,-1.4,0.704,0.000,1.268,-4.06,-1.0,0.0,0,1,0,0,0,-1,0.00,0.00
32.395,25.0,-5.4,0.704,0.000,1.268,-3.11,-1.0,0.0,0,1,0,0,0,-1,0.00,0.00
32.462,25.0,-10.7,0.704,-0.053,1.268,-2.72,-1.0,0.0,0,1,0,0,0,-1,0.00,0.00
32.529,25.0,-16.1,0.704,-0.218,1.268,-7.03,-1.0,0.0,0,1,0,0,0,-1,0.00,0.00
32.595,25.0,-21.4,0.704,-0.444,1.268,-15.32,-1.0,0.0,0,1,0,0,0,-1,0.00,0.00
32.661,25.0,-25.0,0.704,-0.704,1.268,-32.17,-1.0,0.0,0,1,0,0,0,-1,0.00,0.00
32.712,25.0,-23.6,0.704,-0.704,1.268,-39.48,-1.0,0.0,0,1,0,0,0,-1,0.00,0.00
32.778,25.0,-18.3,0.704,-0.491,1.268,-42.91,-1.0,0.0,0,1,0,0,0,-1,0.00,0.00
32.828,25.0,-14.3,0.704,-0.253,1.268,-37.82,-1.0,0.0,0,1,0,0,0,-1,0.00,0.00
32.894,25.0,-9.0,0.704,-0.077,1.268,-29.48,-1.0,0.0,0,1,0,0,0,-1,0.00,0.00
32.944,25.0,-5.0,0.704,-0.001,1.268,-20.34,-1.0,0.0,0,1,0,0,0,-1,0.00,0.00
33.012,25.0,0.0,0.704,0.000,1.268,-13.63,-1.0,0.0,0,1,0,0,0,-1,0.00,0.00
33.077,25.0,0.0,0.704,0.000,1.268,-9.14,-1.0,0.0,0,1,0,0,0,-1,0.00,0.00
33.128,25.0,0.0,0.704,0.000,1.268,-6.12,-1.0,0.0,0,1,0,0,0,-1,0.00,0.00
33.194,25.0,0.0,0.704,0.000,1.268,-4.11,-1.0,0.0,0,1,0,0,0,-1,0.00,0.00
33.246,25.0,0.0,0.704,0.000,1.268,-2.75,-1.0,0.0,0,1,0,0,0,-1,0.00,0.00
33.312,25.0,2.6,0.704,0.000,1.268,-1.84,-1.0,0.0,0,1,0,0,0,-1,0.00,0.00
33.380,25.0,8.1,0.704,0.004,1.268,-1.04,-1.0,0.0,0,1,0,0,0,-1,0.00,0.00
33.445,25.0,13.3,0.704,0.122,1.268,1.94,-1.0,0.0,0,1,0,0,0,-1,0.00,0.00
33.495,25.0,17.3,0.704,0.268,1.268,6.13,-1.0,0.0,0,1,0,0,0,-1,0.00,0.00
33.547,25.0,15.7,0.704,0.320,1.268,14.21,-1.0,0.0,0,1,0,0,0,-1,0.00,0.00
33.611,25.0,10.6,0.704,0.120,1.268,14.73,-1.0,0.0,0,1,0,0,0,-1,0.00,0.00
33.662,25.0,6.5,0.704,0.023,1.268,11.33,-1.0,0.0,0,1,0,0,0,-1,0.00,0.00
33.729,25.0,1.2,0.704,0.000,1.268,7.60,-1.0,0.0,0,1,0,0,0,-1,0.00,0.00
33.796,25.0,-4.2,0.704,0.000,1.268,5.09,-1.0,0.0,0,1,0,0,0,-1,0.00,0.00
33.861,25.0,-9.4,0.704,-0.025,1.268,2.66,-1.0,0.0,0,1,0,0,0,-1,0.00,0.00
33.911,25.0,-13.4,0.704,-0.130,1.268,-0.29,-1.0,0.0,0,1,0,0,0,-1,0.00,0.00
33.978,25.0,-18.7,0.704,-0.272,1.268,-6.90,-1.0,0.0,0,1,0,0,0,-1,0.00,0.00
34.032,25.0,-23.0,0.704,-0.516,1.268,-18.30,-1.0,0.0,0,1,0,0,0,-1,0.00,0.00
34.094,25.0,-25.0,0.704,-0.704,1.268,-31.75,-1.0,0.0,0,1,0,0,0,-1,0.00,0.00
34.145,25.0,-25.0,0.704,-0.704,1.268,-42.18,-1.0,0.0,0,1,0,0,0,-1,0.00,0.00
34.211,25.0,-25.0,0.704,-0.704,1.268,-49.17,-1.0,0.0,0,1,0,0,0,-1,0.00,0.00
34.279,25.0,-25.0,0.704,-0.704,1.268,-53.86,-1.0,0.0,0,1,0,0,0,-1,0.00,0.00
34.344,25.0,-25.0,0.704,-0.704,1.268,-57.80,-1.0,0.0,0,1,0,0,0,-1,0.00,0.00
34.395,25.0,-25.0,0.704,-0.704,1.268,-59.11,-1.0,0.0,0,1,0,0,0,-1,0.00,0.00
34.445,25.0,-25.0,0.704,-0.704,1.268,-60.52,-1.0,0.0,0,1,0,0,0,-1,0.00,0.00
34.496,25.0,-25.0,0.704,-0.704,1.268,-61.20,-1.0,0.0,0,1,0,0,0,-1,0.00,0.00
34.561,25.0,-25.0,0.704,-0.704,1.268,-62.11,-1.0,0.0,0,1,0,0,0,-1,0.00,0.00
34.611,25.0,-25.0,0.704,-0.704,1.268,-62.41,-1.0,0.0,0,1,0,0,0,-1,0.00,0.00
34.677,25.0,-25.0,0.704,-0.704,1.268,-62.73,-1.0,0.0,0,1,0,0,0,-1,0.00,0.00
34.733,25.0,-25.0,0.704,-0.704,1.268,-62.95,-1.0,0.0,0,1,0,0,0,-1,0.00,0.00
34.795,25.0,-25.0,0.704,-0.704,1.268,-63.10,-1.0,0.0,0,1,0,0,0,-1,0.00,0.00
34.861,25.0,-25.0,0.704,-0.704,1.268,-63.22,-1.0,0.0,0,1,0,0,0,-1,0.00,0.00
34.911,25.0,-25.0,0.704,-0.704,1.268,-63.26,-1.0,0.0,0,1,0,0,0,-1,0.00,0.00
34.964,25.0,-25.0,0.704,-0.704,1.268,-63.31,-1.0,0.0,0,1,0,0,0,-1,0.00,0.00
35.029,25.0,-25.0,0.704,-0.704,1.268,-63.34,-1.0,0.0,0,1,0,0,0,-1,0.00,0.00
35.079,25.0,-25.0,0.704,-0.704,1.268,-63.35,-1.0,0.0,0,1,0,0,0,-1,0.00,0.00
35.144,25.0,-25.0,0.704,-0.704,1.268,-63.37,-1.0,0.0,0,1,0,0,0,-1,0.00,0.00
35.195,25.0,-25.0,0.704,-0.704,1.268,-63.37,-1.0,0.0,0,1,0,0,0,-1,0.00,0.00
35.263,25.0,-25.0,0.704,-0.704,1.268,-63.38,-1.0,0.0,0,1,0,0,0,-1,0.00,0.00
35.328,25.0,-25.0,0.704,-0.704,1.268,-63.39,-1.0,0.0,0,1,0,0,0,-1,0.00,0.00
35.395,25.0,-25.0,0.704,-0.704,1.268,-63.39,-1.0,0.0,0,1,0,0,0,-1,0.00,0.00
35.447,25.0,-25.0,0.704,-0.704,1.268,-63.39,-1.0,0.0,0,1,0,0,0,-1,0.00,0.00
35.512,25.0,-25.0,0.704,-0.704,1.268,-63.39,-1.0,0.0,0,1,0,0,0,-1,0.00,0.00
35.578,23.7,-23.7,0.704,-0.704,1.268,-63.39,-1.0,0.0,0,1,0,0,0,-1,0.00,0.00
35.629,19.7,-19.7,0.494,-0.494,1.181,-59.06,-1.0,0.0,0,1,0,0,0,-1,0.00,0.00
35.679,15.6,-15.6,0.370,-0.370,1.072,-53.61,-1.0,0.0,0,1,0,0,0,-1,0.00,0.00
35.745,10.3,-10.3,0.117,-0.117,0.760,-37.98,-1.0,0.0,0,1,0,0,0,-1,0.00,0.00
35.811,5.1,-5.1,0.002,-0.002,0.526,-26.32,-1.0,0.0,0,1,0,0,0,-1,0.00,0.00
35.861,1.1,-1.1,0.000,0.000,0.353,-17.64,-1.0,0.0,0,1,0,0,0,-1,0.00,0.00
35.912,0.0,0.0,0.000,0.000,0.270,-13.51,-1.0,0.0,0,1,0,0,0,-1,0.00,0.00
35.979,0.0,0.0,0.000,0.000,0.181,-9.06,-1.0,0.0,0,1,0,0,0,-1,0.00,0.00
36.045,0.0,0.0,0.000,0.000,0.106,-5.31,-1.0,0.0,0,1,0,0,0,-1,0.00,0.00
36.112,0.0,0.0,0.000,0.000,0.071,-3.56,-1.0,0.0,0,1,0,0,0,-1,0.00,0.00
36.178,0.0,0.0,0.000,0.000,0.048,-2.39,-1.0,0.0,0,1,0,0,0,-1,0.00,0.00
36.229,0.0,0.0,0.000,0.000,0.032,-1.60,-1.0,0.0,0,1,0,0,0,-1,0.00,0.00
36.295,0.0,0.0,0.000,0.000,0.021,-1.07,-1.0,0.0,0,1,0,0,0,-1,0.00,0.00
36.345,0.0,0.0,0.000,0.000,0.014,-0.72,-1.0,0.0,0,1,0,0,0,-1,0.00,0.00
36.412,0.0,0.0,0.000,0.000,0.010,-0.48,-1.0,0.0,0,1,0,0,0,-1,0.00,0.00
36.479,0.0,0.0,0.000,0.000,0.006,-0.32,-1.0,0.0,0,1,0,0,0,-1,0.00,0.00
36.544,0.0,0.0,0.000,0.000,0.004,-0.19,-1.0,0.0,0,1,0,0,0,-1,0.00,0.00
36.595,0.0,0.0,0.000,0.000,0.003,-0.15,-1.0,0.0,0,1,0,0,0,-1,0.00,0.00
36.661,0.0,0.0,0.000,0.000,0.002,-0.09,-1.0,0.0,0,1,0,0,0,-1,0.00,0.00
36.712,0.0,0.0,0.000,0.000,0.001,-0.07,-1.0,0.0,0,1,0,0,0,-1,0.00,0.00
36.778,0.0,0.0,0.000,0.000,0.001,-0.04,-1.0,0.0,0,1,0,0,0,-1,0.00,0.00
36.828,0.0,0.0,0.000,0.000,0.001,-0.03,-1.0,0.0,0,1,0,0,0,-1,0.00,0.00
36.878,0.0,0.0,0.000,0.000,0.000,-0.02,-1.0,0.0,0,1,0,0,0,-1,0.00,0.00
36.947,0.0,0.0,0.000,0.000,0.000,-0.01,-1.0,0.0,0,1,0,0,0,-1,0.00,0.00
37.010,0.0,0.0,0.000,0.000,0.000,-0.01,-1.0,0.0,0,1,0,0,0,-1,0.00,0.00
37.061,0.0,0.0,0.000,0.000,0.000,-0.01,-1.0,0.0,0,1,0,0,0,-1,0.00,0.00
37.129,0.0,0.0,0.000,0.000,0.000,0.00,-1.0,0.0,0,1,0,0,0,-1,0.00,0.00
37.179,0.0,0.0,0.000,0.000,0.000,0.00,-1.0,0.0,0,1,0,0,0,-1,0.00,0.00
37.244,0.0,0.0,0.000,0.000,0.000,0.00,-1.0,0.0,0,1,0,0,0,-1,0.00,0.00
37.295,0.0,0.0,0.000,0.000,0.000,0.00,-1.0,0.0,0,1,0,0,0,-1,0.00,0.00
37.345,0.0,0.0,0.000,0.000,0.000,0.00,-1.0,0.0,0,1,0,0,0,-1,0.00,0.00
37.396,0.0,0.0,0.000,0.000,0.000,0.00,-1.0,0.0,0,1,0,0,0,-1,0.00,0.00
37.463,0.0,0.0,0.000,0.000,0.000,0.00,-1.0,0.0,0,1,0,0,0,-1,0.00,0.00
37.527,0.0,0.0,0.000,0.000,0.000,0.00,-1.0,0.0,0,1,0,0,0,-1,0.00,0.00
37.578,0.0,0.0,0.000,0.000,0.000,0.00,-1.0,0.0,0,1,0,0,0,-1,0.00,0.00
37.628,0.0,0.0,0.000,0.000,0.000,0.00,-1.0,0.0,0,1,0,0,0,-1,0.00,0.00
37.679,0.0,0.0,0.000,0.000,0.000,0.00,-1.0,0.0,0,1,0,0,0,-1,0.00,0.00
37.745,0.0,0.0,0.000,0.000,0.000,0.00,-1.0,0.0,0,1,0,0,0,-1,0.00,0.00
37.812,0.0,0.0,0.000,0.000,0.000,0.00,-1.0,0.0,0,1,0,0,0,-1,0.00,0.00
37.878,0.0,0.0,0.000,0.000,0.000,0.00,-1.0,0.0,0,1,0,0,0,-1,0.00,0.00
37.928,0.0,0.0,0.000,0.000,0.000,0.00,-1.0,0.0,0,1,0,0,0,-1,0.00,0.00
37.995,0.0,0.0,0.000,0.000,0.000,0.00,-1.0,0.0,0,1,0,0,0,-1,0.00,0.00
38.061,0.0,0.0,0.000,0.000,0.000,0.00,-1.0,0.0,0,1,0,0,0,-1,0.00,0.00
38.129,0.0,0.0,0.000,0.000,0.000,0.00,-1.0,0.0,0,1,0,0,0,-1,0.00,0.00
38.182,0.0,0.0,0.000,0.000,0.000,0.00,-1.0,0.0,0,1,0,0,0,-1,0.00,0.00
38.244,0.0,0.0,0.000,0.000,0.000,0.00,-1.0,0.0,0,1,0,0,0,-1,0.00,0.00
38.296,0.0,0.0,0.000,0.000,0.000,0.00,-1.0,0.0,0,1,0,0,0,-1,0.00,0.00
38.362,0.0,0.0,0.000,0.000,0.000,0.00,-1.0,0.0,0,1,0,0,0,-1,0.00,0.00
38.428,0.0,0.0,0.000,0.000,0.000,0.00,-1.0,0.0,0,1,0,0,0,-1,0.00,0.00
38.495,0.0,0.0,0.000,0.000,0.000,0.00,-1.0,0.0,0,1,0,0,0,-1,0.00,0.00
38.563,0.0,0.0,0.000,0.000,0.000,0.00,-1.0,0.0,0,1,0,0,0,-1,0.00,0.00
38.629,0.0,0.0,0.000,0.000,0.000,0.00,-1.0,0.0,0,1,0,0,0,-1,0.00,0.00
38.696,0.0,0.0,0.000,0.000,0.000,0.00,-1.0,0.0,0,1,0,0,0,-1,0.00,0.00
38.762,0.0,0.0,0.000,0.000,0.000,0.00,-1.0,0.0,0,1,0,0,0,-1,0.00,0.00
38.828,0.0,0.0,0.000,0.000,0.000,0.00,-1.0,0.0,0,1,0,0,0,-1,0.00,0.00
38.878,0.0,0.0,0.000,0.000,0.000,0.00,-1.0,0.0,0,1,0,0,0,-1,0.00,0.00
38.928,0.0,0.0,0.000,0.000,0.000,0.00,-1.0,0.0,0,1,0,0,0,-1,0.00,0.00
38.995,0.0,0.0,0.000,0.000,0.000,0.00,-1.0,0.0,0,1,0,0,0,-1,0.00,0.00
39.061,0.0,0.0,0.000,0.000,0.000,0.00,-1.0,0.0,0,1,0,0,0,-1,0.00,0.00
39.111,0.0,0.0,0.000,0.000,0.000,0.00,-1.0,0.0,0,1,0,0,0,-1,0.00,0.00
39.162,0.0,0.0,0.000,0.000,0.000,0.00,-1.0,0.0,0,1,0,0,0,-1,0.00,0.00
39.228,0.0,0.0,0.000,0.000,0.000,0.00,-1.0,0.0,0,1,0,0,0,-1,0.00,0.00
39.278,0.0,0.0,0.000,0.000,0.000,0.00,-1.0,0.0,0,1,0,0,0,-1,0.00,0.00
39.328,0.0,0.0,0.000,0.000,0.000,0.00,-1.0,0.0,0,1,0,0,0,-1,0.00,0.00
39.394,0.0,0.0,0.000,0.000,0.000,0.00,-1.0,0.0,0,1,0,0,0,-1,0.00,0.00
39.444,0.0,0.0,0.000,0.000,0.000,0.00,-1.0,0.0,0,1,0,0,0,-1,0.00,0.00
39.495,0.0,0.0,0.000,0.000,0.000,0.00,-1.0,0.0,0,1,0,0,0,-1,0.00,0.00
39.546,0.0,0.0,0.000,0.000,0.000,0.00,-1.0,0.0,0,1,0,0,0,-1,0.00,0.00
39.612,0.0,0.0,0.000,0.000,0.000,0.00,-1.0,0.0,0,1,0,0,0,-1,0.00,0.00
39.678,0.0,0.0,0.000,0.000,0.000,0.00,-1.0,0.0,0,1,0,0,0,-1,0.00,0.00
39.745,0.0,0.0,0.000,0.000,0.000,0.00,-1.0,0.0,0,1,0,0,0,-1,0.00,0.00
39.811,0.0,0.0,0.000,0.000,0.000,0.00,-1.0,0.0,0,1,0,0,0,-1,0.00,0.00
39.862,0.0,0.0,0.000,0.000,0.000,0.00,-1.0,0.0,0,1,0,0,0,-1,0.00,0.00
39.912,0.0,0.0,0.000,0.000,0.000,0.00,-1.0,0.0,0,1,0,0,0,-1,0.00,0.00
39.978,0.0,0.0,0.000,0.000,0.000,0.00,-1.0,0.0,0,1,0,0,0,-1,0.00,0.00
40.046,0.0,0.0,0.000,0.000,0.000,0.00,-1.0,0.0,0,1,0,0,0,-1,0.00,0.00
40.111,0.0,0.0,0.000,0.000,0.000,0.00,-1.0,0.0,0,1,0,0,0,-1,0.00,0.00
40.179,0.0,0.0,0.000,0.000,0.000,0.00,-1.0,0.0,0,1,0,0,0,-1,0.00,0.00
40.246,0.0,0.0,0.000,0.000,0.000,0.00,-1.0,0.0,0,1,0,0,0,-1,0.00,0.00
40.312,0.0,0.0,0.000,0.000,0.000,0.00,-1.0,0.0,0,1,0,0,0,-1,0.00,0.00
40.378,0.0,0.0,0.000,0.000,0.000,0.00,-1.0,0.0,0,1,0,0,0,-1,0.00,0.00
40.428,0.0,0.0,0.000,0.000,0.000,0.00,-1.0,0.0,0,1,0,0,0,-1,0.00,0.00
40.479,0.0,0.0,0.000,0.000,0.000,0.00,-1.0,0.0,0,1,0,0,0,-1,0.00,0.00
40.544,0.0,0.0,0.000,0.000,0.000,0.00,-1.0,0.0,0,1,0,0,0,-1,0.00,0.00
40.596,0.0,0.0,0.000,0.000,0.000,0.00,-1.0,0.0,0,1,0,0,0,-1,0.00,0.00
40.662,0.0,0.0,0.000,0.000,0.000,0.00,-1.0,0.0,0,1,0,0,0,-1,0.00,0.00
40.727,0.0,0.0,0.000,0.000,0.000,0.00,-1.0,0.0,0,1,0,0,0,-1,0.00,0.00
40.778,0.0,0.0,0.000,0.000,0.000,0.00,-1.0,0.0,0,1,0,0,0,-1,0.00,0.00
40.828,0.0,0.0,0.000,0.000,0.000,0.00,-1.0,0.0,0,1,0,0,0,-1,0.00,0.00
40.895,0.0,0.0,0.000,0.000,0.000,0.00,-1.0,0.0,0,1,0,0,0,-1,0.00,0.00
40.962,0.0,0.0,0.000,0.000,0.000,0.00,-1.0,0.0,0,1,0,0,0,-1,0.00,0.00
41.029,0.0,0.0,0.000,0.000,0.000,0.00,-1.0,0.0,0,1,0,0,0,-1,0.00,0.00
41.095,0.0,0.0,0.000,0.000,0.000,0.00,-1.0,0.0,0,1,0,0,0,-1,0.00,0.00
41.161,0.0,0.0,0.000,0.000,0.000,0.00,-1.0,0.0,0,1,0,0,0,-1,0.00,0.00
41.229,0.0,0.0,0.000,0.000,0.000,0.00,-1.0,0.0,0,1,0,0,0,-1,0.00,0.00
41.295,0.0,0.0,0.000,0.000,0.000,0.00,-1.0,0.0,0,1,0,0,0,-1,0.00,0.00
41.345,0.0,0.0,0.000,0.000,0.000,0.00,-1.0,0.0,0,1,0,0,0,-1,0.00,0.00
41.412,0.0,0.0,0.000,0.000,0.000,0.00,-1.0,0.0,0,1,0,0,0,-1,0.00,0.00
41.478,0.0,0.0,0.000,0.000,0.000,0.00,-1.0,0.0,0,1,0,0,0,-1,0.00,0.00
41.529,0.0,0.0,0.000,0.000,0.000,0.00,-1.0,0.0,0,1,0,0,0,-1,0.00,0.00
41.595,0.0,0.0,0.000,0.000,0.000,0.00,-1.0,0.0,0,1,0,0,0,-1,0.00,0.00
41.661,0.0,0.0,0.000,0.000,0.000,0.00,-1.0,0.0,0,1,0,0,0,-1,0.00,0.00
41.712,0.0,0.0,0.000,0.000,0.000,0.00,-1.0,0.0,0,1,0,0,0,-1,0.00,0.00
41.778,0.0,0.0,0.000,0.000,0.000,0.00,-1.0,0.0,0,1,0,0,0,-1,0.00,0.00
41.829,-2.8,0.0,0.000,0.000,0.000,0.00,-1.0,0.0,0,1,0,0,0,-1,0.00,0.00
41.879,-6.8,0.0,0.000,0.000,0.000,0.00,-1.0,0.0,0,1,0,0,0,-1,0.00,0.00
41.944,-12.0,0.0,-0.087,0.000,-0.035,0.00,-1.0,0.0,0,1,0,0,0,-1,0.00,0.00
41.995,-16.1,0.0,-0.218,0.000,-0.101,0.00,-1.0,0.0,0,1,0,0,0,-1,0.00,0.00
42.061,-21.4,0.0,-0.445,0.000,-0.333,0.00,-1.0,0.0,0,1,0,0,0,-1,0.00,0.00
42.112,-25.0,0.0,-0.650,0.000,-0.515,0.00,-1.0,0.0,0,1,0,0,0,-1,0.00,0.00
42.163,-25.0,0.0,-0.704,0.000,-0.763,0.00,-1.0,0.0,0,1,0,0,0,-1,0.00,0.00
42.227,-25.0,0.0,-0.704,0.000,-0.930,0.00,-1.0,0.0,0,1,0,0,0,-1,0.00,0.00
42.277,-25.0,0.0,-0.704,0.000,-1.009,0.00,-1.0,0.0,0,1,0,0,0,-1,0.00,0.00
42.328,-25.0,0.0,-0.704,0.000,-1.094,0.00,-1.0,0.0,0,1,0,0,0,-1,0.00,0.00
42.397,-25.0,0.0,-0.704,0.000,-1.151,0.00,-1.0,0.0,0,1,0,0,0,-1,0.00,0.00
42.462,-25.0,0.0,-0.704,0.000,-1.200,0.00,-1.0,0.0,0,1,0,0,0,-1,0.00,0.00
42.528,-25.0,0.0,-0.704,0.000,-1.222,0.00,-1.0,0.0,0,1,0,0,0,-1,0.00,0.00
42.596,-20.8,0.0,-0.558,0.000,-1.204,0.00,-1.0,0.0,0,1,0,0,0,-1,0.00,0.00
42.662,-15.5,0.0,-0.307,0.000,-0.994,0.00,-1.0,0.0,0,1,0,0,0,-1,0.00,0.00
42.727,-10.3,-4.0,-0.114,0.000,-0.757,0.00,-1.0,0.0,0,1,0,0,0,-1,0.00,0.00
42.778,-6.3,-8.0,-0.043,0.000,-0.605,0.00,-1.0,0.0,0,1,0,0,0,-1,0.00,0.00
42.828,-2.2,-12.0,0.000,-0.091,-0.406,-1.75,-1.0,0.0,0,1,0,0,0,-1,0.00,0.00
42.894,0.0,-17.3,0.000,-0.271,-0.272,-6.95,-1.0,0.0,0,1,0,0,0,-1,0.00,0.00
42.945,4.1,-21.4,0.000,-0.445,-0.182,-16.22,-1.0,0.0,0,1,0,0,0,-1,0.00,0.00
43.012,9.4,-25.0,0.025,-0.704,-0.115,-29.65,-1.0,0.0,0,1,0,0,0,-1,0.00,0.00
43.079,14.8,-25.0,0.125,-0.704,-0.023,-40.78,-1.0,0.0,0,1,0,0,0,-1,0.00,0.00
43.145,20.1,-25.0,0.387,-0.704,0.218,-50.13,-1.0,0.0,0,1,0,0,0,-1,0.00,0.00
43.211,22.8,-25.0,0.653,-0.704,0.485,-54.50,-1.0,0.0,0,1,0,0,0,-1,0.00,0.00
43.264,18.5,-23.4,0.451,-0.704,0.628,-57.43,-1.0,0.0,0,1,0,0,0,-1,0.00,0.00
43.329,13.3,-18.2,0.220,-0.427,0.580,-52.97,-1.0,0.0,0,1,0,0,0,-1,0.00,0.00
43.395,8.0,-12.9,0.053,-0.203,0.455,-43.94,-1.0,0.0,0,1,0,0,0,-1,0.00,0.00
43.462,2.7,-7.6,0.000,-0.044,0.272,-29.14,-1.0,0.0,0,1,0,0,0,-1,0.00,0.00
43.528,0.0,-2.3,0.000,0.000,0.182,-19.55,-1.0,0.0,0,1,0,0,0,-1,0.00,0.00
43.595,0.0,0.0,0.000,0.000,0.122,-13.10,-1.0,0.0,0,1,0,0,0,-1,0.00,0.00
43.662,0.0,0.0,0.000,0.000,0.072,-7.69,-1.0,0.0,0,1,0,0,0,-1,0.00,0.00
43.729,0.0,0.0,0.000,0.000,0.048,-5.15,-1.0,0.0,0,1,0,0,0,-1,0.00,0.00
43.796,0.0,0.0,0.000,0.000,0.032,-3.45,-1.0,0.0,0,1,0,0,0,-1,0.00,0.00
43.861,0.0,0.0,0.000,0.000,0.019,-2.03,-1.0,0.0,0,1,0,0,0,-1,0.00,0.00
43.912,0.0,0.0,0.000,0.000,0.014,-1.55,-1.0,0.0,0,1,0,0,0,-1,0.00,0.00
43.979,0.0,0.0,0.000,0.000,0.010,-1.04,-1.0,0.0,0,1,0,0,0,-1,0.00,0.00
44.045,0.0,0.0,0.000,0.000,0.006,-0.61,-1.0,0.0,0,1,0,0,0,-1,0.00,0.00
44.111,0.0,0.0,0.000,0.000,0.004,-0.41,-1.0,0.0,0,1,0,0,0,-1,0.00,0.00
44.162,0.0,0.0,0.000,0.000,0.003,-0.27,-1.0,0.0,0,1,0,0,0,-1,0.00,0.00
44.213,0.0,0.0,0.000,0.000,0.002,-0.21,-1.0,0.0,0,1,0,0,0,-1,0.00,0.00
44.278,0.0,0.0,0.000,0.000,0.001,-0.14,-1.0,0.0,0,1,0,0,0,-1,0.00,0.00
44.344,0.0,0.0,0.000,0.000,0.001,-0.08,-1.0,0.0,0,1,0,0,0,-1,0.00,0.00
44.411,0.0,0.0,0.000,0.000,0.001,-0.06,-1.0,0.0,0,1,0,0,0,-1,0.00,0.00
44.479,0.0,0.0,0.000,0.000,0.000,-0.04,-1.0,0.0,0,1,0,0,0,-1,0.00,0.00
44.544,0.0,0.0,0.000,0.000,0.000,-0.02,-1.0,0.0,0,1,0,0,0,-1,0.00,0.00
44.611,0.0,0.0,0.000,0.000,0.000,-0.01,-1.0,0.0,0,1,0,0,0,-1,0.00,0.00
44.662,0.0,0.0,0.000,0.000,0.000,-0.01,-1.0,0.0,0,1,0,0,0,-1,0.00,0.00
44.712,0.0,0.0,0.000,0.000,0.000,-0.01,-1.0,0.0,0,1,0,0,0,-1,0.00,0.00
44.779,0.0,0.0,0.000,0.000,0.000,-0.01,-1.0,0.0,0,1,0,0,0,-1,0.00,0.00
44.845,0.0,0.0,0.000,0.000,0.000,0.00,-1.0,0.0,0,1,0,0,0,-1,0.00,0.00
44.912,0.0,0.0,0.000,0.000,0.000,0.00,-1.0,0.0,0,1,0,0,0,-1,0.00,0.00
44.978,0.0,0.0,0.000,0.000,0.000,0.00,-1.0,0.0,0,1,0,0,0,-1,0.00,0.00
45.028,0.0,0.0,0.000,0.000,0.000,0.00,-1.0,0.0,0,1,0,0,0,-1,0.00,0.00
45.078,0.0,0.0,0.000,0.000,0.000,0.00,-1.0,0.0,0,1,0,0,0,-1,0.00,0.00
45.144,0.0,0.0,0.000,0.000,0.000,0.00,-1.0,0.0,0,1,0,0,0,-1,0.00,0.00
45.195,0.0,0.0,0.000,0.000,0.000,0.00,-1.0,0.0,0,1,0,0,0,-1,0.00,0.00
45.262,0.0,0.0,0.000,0.000,0.000,0.00,-1.0,0.0,0,1,0,0,0,-1,0.00,0.00
45.328,0.0,0.0,0.000,0.000,0.000,0.00,-1.0,0.0,0,1,0,0,0,-1,0.00,0.00
45.395,0.0,0.0,0.000,0.000,0.000,0.00,-1.0,0.0,0,1,0,0,0,-1,0.00,0.00
45.449,0.0,0.0,0.000,0.000,0.000,0.00,-1.0,0.0,0,1,0,0,0,-1,0.00,0.00
45.511,0.0,0.0,0.000,0.000,0.000,0.00,-1.0,0.0,0,1,0,0,0,-1,0.00,0.00
45.562,0.0,0.0,0.000,0.000,0.000,0.00,-1.0,0.0,0,1,0,0,0,-1,0.00,0.00
45.612,0.0,0.0,0.000,0.000,0.000,0.00,-1.0,0.0,0,1,0,0,0,-1,0.00,0.00
45.679,0.0,0.0,0.000,0.000,0.000,0.00,-1.0,0.0,0,1,0,0,0,-1,0.00,0.00
45.745,0.0,0.0,0.000,0.000,0.000,0.00,-1.0,0.0,0,1,0,0,0,-1,0.00,0.00
45.812,0.0,0.0,0.000,0.000,0.000,0.00,-1.0,0.0,0,1,0,0,0,-1,0.00,0.00
45.876,0.0,0.0,0.000,0.000,0.000,0.00,-1.0,0.0,0,1,0,0,0,-1,0.00,0.00
45.928,0.0,0.0,0.000,0.000,0.000,0.00,-1.0,0.0,0,1,0,0,0,-1,0.00,0.00
45.979,0.0,0.0,0.000,0.000,0.000,0.00,-1.0,0.0,0,1,0,0,0,-1,0.00,0.00
46.045,0.0,0.0,0.000,0.000,0.000,0.00,-1.0,0.0,0,1,0,0,0,-1,0.00,0.00
46.095,0.0,0.0,0.000,0.000,0.000,0.00,-1.0,0.0,0,1,0,0,0,-1,0.00,0.00
46.145,0.0,0.0,0.000,0.000,0.000,0.00,-1.0,0.0,0,1,0,0,0,-1,0.00,0.00
46.196,0.0,0.0,0.000,0.000,0.000,0.00,-1.0,0.0,0,1,0,0,0,-1,0.00,0.00
46.261,0.0,0.0,0.000,0.000,0.000,0.00,-1.0,0.0,0,1,0,0,0,-1,0.00,0.00
46.312,0.0,0.0,0.000,0.000,0.000,0.00,-1.0,0.0,0,1,0,0,0,-1,0.00,0.00
46.362,0.0,0.0,0.000,0.000,0.000,0.00,-1.0,0.0,0,1,0,0,0,-1,0.00,0.00
46.428,0.0,0.0,0.000,0.000,0.000,0.00,-1.0,0.0,0,1,0,0,0,-1,0.00,0.00
46.495,0.0,0.0,0.000,0.000,0.000,0.00,-1.0,0.0,0,1,0,0,0,-1,0.00,0.00
46.561,0.0,0.0,0.000,0.000,0.000,0.00,-1.0,0.0,0,1,0,0,0,-1,0.00,0.00
46.612,0.0,0.0,0.000,0.000,0.000,0.00,-1.0,0.0,0,1,0,0,0,-1,0.00,0.00
46.678,0.0,0.0,0.000,0.000,0.000,0.00,-1.0,0.0,0,1,0,0,0,-1,0.00,0.00
46.729,0.0,0.0,0.000,0.000,0.000,0.00,-1.0,0.0,0,1,0,0,0,-1,0.00,0.00
46.795,0.0,0.0,0.000,0.000,0.000,0.00,-1.0,0.0,0,1,0,0,0,-1,0.00,0.00
46.862,0.0,0.0,0.000,0.000,0.000,0.00,-1.0,0.0,0,1,0,0,0,-1,0.00,0.00
46.928,0.0,0.0,0.000,0.000,0.000,0.00,-1.0,0.0,0,1,0,0,0,-1,0.00,0.00
46.994,0.0,0.0,0.000,0.000,0.000,0.00,-1.0,0.0,0,1,0,0,0,-1,0.00,0.00
47.045,0.0,0.0,0.000,0.000,0.000,0.00,-1.0,0.0,0,1,0,0,0,-1,0.00,0.00
47.112,0.0,0.0,0.000,0.000,0.000,0.00,-1.0,0.0,0,1,0,0,0,-1,0.00,0.00
47.163,0.0,0.0,0.000,0.000,0.000,0.00,-1.0,0.0,0,1,0,0,0,-1,0.00,0.00
47.229,0.0,0.0,0.000,0.000,0.000,0.00,-1.0,0.0,0,1,0,0,0,-1,0.00,0.00
47.295,0.0,0.0,0.000,0.000,0.000,0.00,-1.0,0.0,0,1,0,0,0,-1,0.00,0.00
47.345,0.0,0.0,0.000,0.000,0.000,0.00,-1.0,0.0,0,1,0,0,0,-1,0.00,0.00
47.412,0.0,0.0,0.000,0.000,0.000,0.00,-1.0,0.0,0,1,0,0,0,-1,0.00,0.00
47.462,0.0,0.0,0.000,0.000,0.000,0.00,-1.0,0.0,0,1,0,0,0,-1,0.00,0.00
47.528,0.0,0.0,0.000,0.000,0.000,0.00,-1.0,0.0,0,1,0,0,0,-1,0.00,0.00
47.578,0.0,0.0,0.000,0.000,0.000,0.00,-1.0,0.0,0,1,0,0,0,-1,0.00,0.00
47.644,0.0,0.0,0.000,0.000,0.000,0.00,-1.0,0.0,0,1,0,0,0,-1,0.00,0.00
47.696,0.0,0.0,0.000,0.000,0.000,0.00,-1.0,0.0,0,1,0,0,0,-1,0.00,0.00
47.762,0.0,0.0,0.000,0.000,0.000,0.00,-1.0,0.0,0,1,0,0,0,-1,0.00,0.00
47.812,0.0,0.0,0.000,0.000,0.000,0.00,-1.0,0.0,0,1,0,0,0,-1,0.00,0.00
47.878,0.0,0.0,0.000,0.000,0.000,0.00,-1.0,0.0,0,1,0,0,0,-1,0.00,0.00
47.929,0.0,0.0,0.000,0.000,0.000,0.00,-1.0,0.0,0,1,0,0,0,-1,0.00,0.00
47.999,0.0,0.0,0.000,0.000,0.000,0.00,-1.0,0.0,0,1,0,0,0,-1,0.00,0.00
48.062,0.0,0.0,0.000,0.000,0.000,0.00,-1.0,0.0,0,1,0,0,0,-1,0.00,0.00
48.129,0.0,0.0,0.000,0.000,0.000,0.00,-1.0,0.0,0,1,0,0,0,-1,0.00,0.00
48.196,0.0,0.0,0.000,0.000,0.000,0.00,-1.0,0.0,0,1,0,0,0,-1,0.00,0.00
48.246,0.0,0.0,0.000,0.000,0.000,0.00,-1.0,0.0,0,1,0,0,0,-1,0.00,0.00
48.311,0.0,0.0,0.000,0.000,0.000,0.00,-1.0,0.0,0,1,0,0,0,-1,0.00,0.00
48.362,0.0,0.0,0.000,0.000,0.000,0.00,-1.0,0.0,0,1,0,0,0,-1,0.00,0.00
48.428,0.0,0.0,0.000,0.000,0.000,0.00,-1.0,0.0,0,1,0,0,0,-1,0.00,0.00
48.495,0.0,0.0,0.000,0.000,0.000,0.00,-1.0,0.0,0,1,0,0,0,-1,0.00,0.00
48.562,0.0,0.0,0.000,0.000,0.000,0.00,-1.0,0.0,0,1,0,0,0,-1,0.00,0.00
48.612,0.0,0.0,0.000,0.000,0.000,0.00,-1.0,0.0,0,1,0,0,0,-1,0.00,0.00
48.679,0.0,0.0,0.000,0.000,0.000,0.00,-1.0,0.0,0,1,0,0,0,-1,0.00,0.00
48.745,0.0,0.0,0.000,0.000,0.000,0.00,-1.0,0.0,0,1,0,0,0,-1,0.00,0.00
48.812,0.0,0.0,0.000,0.000,0.000,0.00,-1.0,0.0,0,1,0,0,0,-1,0.00,0.00
48.877,0.0,0.0,0.000,0.000,0.000,0.00,-1.0,0.0,0,1,0,0,0,-1,0.00,0.00
48.928,0.0,0.0,0.000,0.000,0.000,0.00,-1.0,0.0,0,1,0,0,0,-1,0.00,0.00
48.994,0.0,0.0,0.000,0.000,0.000,0.00,-1.0,0.0,0,1,0,0,0,-1,0.00,0.00
49.046,0.0,0.0,0.000,0.000,0.000,0.00,-1.0,0.0,0,1,0,0,0,-1,0.00,0.00
49.111,0.0,0.0,0.000,0.000,0.000,0.00,-1.0,0.0,0,1,0,0,0,-1,0.00,0.00
49.161,0.0,0.0,0.000,0.000,0.000,0.00,-1.0,0.0,0,1,0,0,0,-1,0.00,0.00
49.212,0.0,0.0,0.000,0.000,0.000,0.00,-1.0,0.0,0,1,0,0,0,-1,0.00,0.00
49.279,0.0,0.0,0.000,0.000,0.000,0.00,-1.0,0.0,0,1,0,0,0,-1,0.00,0.00
49.329,0.0,0.0,0.000,0.000,0.000,0.00,-1.0,0.0,0,1,0,0,0,-1,0.00,0.00
49.396,0.0,0.0,0.000,0.000,0.000,0.00,-1.0,0.0,0,1,0,0,0,-1,0.00,0.00
49.461,0.0,0.0,0.000,0.000,0.000,0.00,-1.0,0.0,0,1,0,0,0,-1,0.00,0.00
49.512,0.0,0.0,0.000,0.000,0.000,0.00,-1.0,0.0,0,1,0,0,0,-1,0.00,0.00
49.578,0.0,0.0,0.000,0.000,0.000,0.00,-1.0,0.0,0,1,0,0,0,-1,0.00,0.00
49.645,0.0,0.0,0.000,0.000,0.000,0.00,-1.0,0.0,0,1,0,0,0,-1,0.00,0.00
49.711,0.0,0.0,0.000,0.000,0.000,0.00,-1.0,0.0,0,1,0,0,0,-1,0.00,0.00
49.762,0.0,0.0,0.000,0.000,0.000,0.00,-1.0,0.0,0,1,0,0,0,-1,0.00,0.00
49.828,0.0,0.0,0.000,0.000,0.000,0.00,-1.0,0.0,0,1,0,0,0,-1,0.00,0.00
49.897,0.0,0.0,0.000,0.000,0.000,0.00,-1.0,0.0,0,1,0,0,0,-1,0.00,0.00
49.961,0.0,0.0,0.000,0.000,0.000,0.00,-1.0,0.0,0,1,0,0,0,-1,0.00,0.00
50.011,0.0,0.0,0.000,0.000,0.000,0.00,-1.0,0.0,0,1,0,0,0,-1,0.00,0.00
50.062,0.0,0.0,0.000,0.000,0.000,0.00,-1.0,0.0,0,1,0,0,0,-1,0.00,0.00
50.112,0.0,0.0,0.000,0.000,0.000,0.00,-1.0,0.0,0,1,0,0,0,-1,0.00,0.00
50.178,0.0,0.0,0.000,0.000,0.000,0.00,-1.0,0.0,0,1,0,0,0,-1,0.00,0.00
50.245,0.0,0.0,0.000,0.000,0.000,0.00,-1.0,0.0,0,1,0,0,0,-1,0.00,0.00
50.312,0.0,0.0,0.000,0.000,0.000,0.00,-1.0,0.0,0,1,0,0,0,-1,0.00,0.00
50.378,0.0,0.0,0.000,0.000,0.000,0.00,-1.0,0.0,0,1,0,0,0,-1,0.00,0.00
50.429,0.0,0.0,0.000,0.000,0.000,0.00,-1.0,0.0,0,1,0,0,0,-1,0.00,0.00
50.494,0.0,0.0,0.000,0.000,0.000,0.00,-1.0,0.0,0,1,0,0,0,-1,0.00,0.00
50.562,0.0,0.0,0.000,0.000,0.000,0.00,-1.0,0.0,0,1,0,0,0,-1,0.00,0.00
50.612,0.0,0.0,0.000,0.000,0.000,0.00,-1.0,0.0,0,1,0,0,0,-1,0.00,0.00
50.662,0.0,0.0,0.000,0.000,0.000,0.00,-1.0,0.0,0,1,0,0,0,-1,0.00,0.00
50.713,0.0,0.0,0.000,0.000,0.000,0.00,-1.0,0.0,0,1,0,0,0,-1,0.00,0.00
50.777,0.0,0.0,0.000,0.000,0.000,0.00,-1.0,0.0,0,1,0,0,0,-1,0.00,0.00
50.828,0.0,0.0,0.000,0.000,0.000,0.00,-1.0,0.0,0,1,0,0,0,-1,0.00,0.00
50.895,0.0,0.0,0.000,0.000,0.000,0.00,-1.0,0.0,0,1,0,0,0,-1,0.00,0.00
50.963,0.0,0.0,0.000,0.000,0.000,0.00,-1.0,0.0,0,1,0,0,0,-1,0.00,0.00
51.028,0.0,0.0,0.000,0.000,0.000,0.00,-1.0,0.0,0,1,0,0,0,-1,0.00,0.00
51.078,0.0,0.0,0.000,0.000,0.000,0.00,-1.0,0.0,0,1,0,0,0,-1,0.00,0.00
51.129,0.0,0.0,0.000,0.000,0.000,0.00,-1.0,0.0,0,1,0,0,0,-1,0.00,0.00
51.194,0.0,0.0,0.000,0.000,0.000,0.00,-1.0,0.0,0,1,0,0,0,-1,0.00,0.00
51.245,0.0,0.0,0.000,0.000,0.000,0.00,-1.0,0.0,0,1,0,0,0,-1,0.00,0.00
51.312,0.0,0.0,0.000,0.000,0.000,0.00,-1.0,0.0,0,1,0,0,0,-1,0.00,0.00
51.378,0.0,0.0,0.000,0.000,0.000,0.00,-1.0,0.0,0,1,0,0,0,-1,0.00,0.00
51.445,0.0,0.0,0.000,0.000,0.000,0.00,-1.0,0.0,0,1,0,0,0,-1,0.00,0.00
51.512,0.0,0.0,0.000,0.000,0.000,0.00,-1.0,0.0,0,1,0,0,0,-1,0.00,0.00
51.578,0.0,0.0,0.000,0.000,0.000,0.00,-1.0,0.0,0,1,0,0,0,-1,0.00,0.00
51.646,0.0,0.0,0.000,0.000,0.000,0.00,-1.0,0.0,0,1,0,0,0,-1,0.00,0.00
51.711,0.0,0.0,0.000,0.000,0.000,0.00,-1.0,0.0,0,1,0,0,0,-1,0.00,0.00
51.762,0.0,0.0,0.000,0.000,0.000,0.00,-1.0,0.0,0,1,0,0,0,-1,0.00,0.00
51.828,0.0,0.0,0.000,0.000,0.000,0.00,-1.0,0.0,0,1,0,0,0,-1,0.00,0.00
51.895,0.0,0.0,0.000,0.000,0.000,0.00,-1.0,0.0,0,1,0,0,0,-1,0.00,0.00
51.945,0.0,0.0,0.000,0.000,0.000,0.00,-1.0,0.0,0,1,0,0,0,-1,0.00,0.00
52.012,0.0,0.0,0.000,0.000,0.000,0.00,-1.0,0.0,0,1,0,0,0,-1,0.00,0.00
52.078,0.0,0.0,0.000,0.000,0.000,0.00,-1.0,0.0,0,1,0,0,0,-1,0.00,0.00
52.129,0.0,0.0,0.000,0.000,0.000,0.00,-1.0,0.0,0,1,0,0,0,-1,0.00,0.00
52.194,0.0,0.0,0.000,0.000,0.000,0.00,-1.0,0.0,0,1,0,0,0,-1,0.00,0.00
52.245,0.0,0.0,0.000,0.000,0.000,0.00,-1.0,0.0,0,1,0,0,0,-1,0.00,0.00
52.312,0.0,0.0,0.000,0.000,0.000,0.00,-1.0,0.0,0,1,0,0,0,-1,0.00,0.00
52.378,0.0,0.0,0.000,0.000,0.000,0.00,-1.0,0.0,0,1,0,0,0,-1,0.00,0.00
52.428,0.0,0.0,0.000,0.000,0.000,0.00,-1.0,0.0,0,1,0,0,0,-1,0.00,0.00
52.496,0.0,0.0,0.000,0.000,0.000,0.00,-1.0,0.0,0,1,0,0,0,-1,0.00,0.00
52.561,0.0,0.0,0.000,0.000,0.000,0.00,-1.0,0.0,0,1,0,0,0,-1,0.00,0.00
52.628,0.0,0.0,0.000,0.000,0.000,0.00,-1.0,0.0,0,1,0,0,0,-1,0.00,0.00
52.695,0.0,0.0,0.000,0.000,0.000,0.00,-1.0,0.0,0,1,0,0,0,-1,0.00,0.00
52.746,0.0,0.0,0.000,0.000,0.000,0.00,-1.0,0.0,0,1,0,0,0,-1,0.00,0.00
52.811,0.0,0.0,0.000,0.000,0.000,0.00,-1.0,0.0,0,1,0,0,0,-1,0.00,0.00
52.879,0.0,0.0,0.000,0.000,0.000,0.00,-1.0,0.0,0,1,0,0,0,-1,0.00,0.00
52.929,0.0,0.0,0.000,0.000,0.000,0.00,-1.0,0.0,0,1,0,0,0,-1,0.00,0.00
52.994,0.0,0.0,0.000,0.000,0.000,0.00,-1.0,0.0,0,1,0,0,0,-1,0.00,0.00
53.061,0.0,0.0,0.000,0.000,0.000,0.00,-1.0,0.0,0,1,0,0,0,-1,0.00,0.00
53.129,0.0,0.0,0.000,0.000,0.000,0.00,-1.0,0.0,0,1,0,0,0,-1,0.00,0.00
53.196,0.0,0.0,0.000,0.000,0.000,0.00,-1.0,0.0,0,1,0,0,0,-1,0.00,0.00
53.263,0.0,0.0,0.000,0.000,0.000,0.00,-1.0,0.0,0,1,0,0,0,-1,0.00,0.00
53.328,0.0,0.0,0.000,0.000,0.000,0.00,-1.0,0.0,0,1,0,0,0,-1,0.00,0.00
53.378,0.0,0.0,0.000,0.000,0.000,0.00,-1.0,0.0,0,1,0,0,0,-1,0.00,0.00
53.445,0.0,0.0,0.000,0.000,0.000,0.00,-1.0,0.0,0,1,0,0,0,-1,0.00,0.00
53.512,0.0,0.0,0.000,0.000,0.000,0.00,-1.0,0.0,0,1,0,0,0,-1,0.00,0.00
53.578,0.0,0.0,0.000,0.000,0.000,0.00,-1.0,0.0,0,1,0,0,0,-1,0.00,0.00
53.644,0.0,0.0,0.000,0.000,0.000,0.00,-1.0,0.0,0,1,0,0,0,-1,0.00,0.00
53.695,0.0,0.0,0.000,0.000,0.000,0.00,-1.0,0.0,0,1,0,0,0,-1,0.00,0.00
53.746,0.0,0.0,0.000,0.000,0.000,0.00,-1.0,0.0,0,1,0,0,0,-1,0.00,0.00
53.811,0.0,0.0,0.000,0.000,0.000,0.00,-1.0,0.0,0,1,0,0,0,-1,0.00,0.00
53.862,0.0,0.0,0.000,0.000,0.000,0.00,-1.0,0.0,0,1,0,0,0,-1,0.00,0.00
53.928,0.0,0.0,0.000,0.000,0.000,0.00,-1.0,0.0,0,1,0,0,0,-1,0.00,0.00
53.979,0.0,0.0,0.000,0.000,0.000,0.00,-1.0,0.0,0,1,0,0,0,-1,0.00,0.00
54.045,0.0,0.0,0.000,0.000,0.000,0.00,-1.0,0.0,0,1,0,0,0,-1,0.00,0.00
54.111,0.0,0.0,0.000,0.000,0.000,0.00,-1.0,0.0,0,1,0,0,0,-1,0.00,0.00
54.162,0.0,0.0,0.000,0.000,0.000,0.00,-1.0,0.0,0,1,0,0,0,-1,0.00,0.00
54.213,0.0,0.0,0.000,0.000,0.000,0.00,-1.0,0.0,0,1,0,0,0,-1,0.00,0.00
54.277,0.0,0.0,0.000,0.000,0.000,0.00,-1.0,0.0,0,1,0,0,0,-1,0.00,0.00
54.328,0.0,0.0,0.000,0.000,0.000,0.00,-1.0,0.0,0,1,0,0,0,-1,0.00,0.00
54.378,0.0,0.0,0.000,0.000,0.000,0.00,-1.0,0.0,0,1,0,0,0,-1,0.00,0.00
54.445,0.0,0.0,0.000,0.000,0.000,0.00,-1.0,0.0,0,1,0,0,0,-1,0.00,0.00
54.511,0.0,0.0,0.000,0.000,0.000,0.00,-1.0,0.0,0,1,0,0,0,-1,0.00,0.00
54.562,0.0,0.0,0.000,0.000,0.000,0.00,-1.0,0.0,0,1,0,0,0,-1,0.00,0.00
54.628,0.0,0.0,0.000,0.000,0.000,0.00,-1.0,0.0,0,1,0,0,0,-1,0.00,0.00
54.680,0.0,0.0,0.000,0.000,0.000,0.00,-1.0,0.0,0,1,0,0,0,-1,0.00,0.00
54.745,0.0,0.0,0.000,0.000,0.000,0.00,-1.0,0.0,0,1,0,0,0,-1,0.00,0.00
54.795,0.0,0.0,0.000,0.000,0.000,0.00,-1.0,0.0,0,1,0,0,0,-1,0.00,0.00
54.861,0.0,0.0,0.000,0.000,0.000,0.00,-1.0,0.0,0,1,0,0,0,-1,0.00,0.00
54.912,0.0,0.0,0.000,0.000,0.000,0.00,-1.0,0.0,0,1,0,0,0,-1,0.00,0.00
54.978,0.0,0.0,0.000,0.000,0.000,0.00,-1.0,0.0,0,1,0,0,0,-1,0.00,0.00
55.045,0.0,0.0,0.000,0.000,0.000,0.00,-1.0,0.0,0,1,0,0,0,-1,0.00,0.00
55.096,0.0,0.0,0.000,0.000,0.000,0.00,-1.0,0.0,0,1,0,0,0,-1,0.00,0.00
55.161,0.0,0.0,0.000,0.000,0.000,0.00,-1.0,0.0,0,1,0,0,0,-1,0.00,0.00
55.212,0.0,0.0,0.000,0.000,0.000,0.00,-1.0,0.0,0,1,0,0,0,-1,0.00,0.00
55.278,0.0,0.0,0.000,0.000,0.000,0.00,-1.0,0.0,0,1,0,0,0,-1,0.00,0.00
55.346,0.0,0.0,0.000,0.000,0.000,0.00,-1.0,0.0,0,1,0,0,0,-1,0.00,0.00
55.411,0.0,0.0,0.000,0.000,0.000,0.00,-1.0,0.0,0,1,0,0,0,-1,0.00,0.00
55.461,0.0,0.0,0.000,0.000,0.000,0.00,-1.0,0.0,0,1,0,0,0,-1,0.00,0.00
55.528,0.0,0.0,0.000,0.000,0.000,0.00,-1.0,0.0,0,1,0,0,0,-1,0.00,0.00
55.578,0.0,0.0,0.000,0.000,0.000,0.00,-1.0,0.0,0,1,0,0,0,-1,0.00,0.00
55.629,0.0,0.0,0.000,0.000,0.000,0.00,-1.0,0.0,0,1,0,0,0,-1,0.00,0.00
55.695,0.0,0.0,0.000,0.000,0.000,0.00,-1.0,0.0,0,1,0,0,0,-1,0.00,0.00
55.745,0.0,0.0,0.000,0.000,0.000,0.00,-1.0,0.0,0,1,0,0,0,-1,0.00,0.00
55.795,0.0,0.0,0.000,0.000,0.000,0.00,-1.0,0.0,0,1,0,0,0,-1,0.00,0.00
55.861,0.0,0.0,0.000,0.000,0.000,0.00,-1.0,0.0,0,1,0,0,0,-1,0.00,0.00
55.928,0.0,0.0,0.000,0.000,0.000,0.00,-1.0,0.0,0,1,0,0,0,-1,0.00,0.00
55.995,0.0,0.0,0.000,0.000,0.000,0.00,-1.0,0.0,0,1,0,0,0,-1,0.00,0.00
56.061,0.0,0.0,0.000,0.000,0.000,0.00,-1.0,0.0,0,1,0,0,0,-1,0.00,0.00
56.128,0.0,0.0,0.000,0.000,0.000,0.00,-1.0,0.0,0,1,0,0,0,-1,0.00,0.00
56.180,0.0,0.0,0.000,0.000,0.000,0.00,-1.0,0.0,0,1,0,0,0,-1,0.00,0.00
56.247,0.0,0.0,0.000,0.000,0.000,0.00,-1.0,0.0,0,1,0,0,0,-1,0.00,0.00
56.311,0.0,0.0,0.000,0.000,0.000,0.00,-1.0,0.0,0,1,0,0,0,-1,0.00,0.00
56.379,0.0,0.0,0.000,0.000,0.000,0.00,-1.0,0.0,0,1,0,0,0,-1,0.00,0.00
56.446,0.0,0.0,0.000,0.000,0.000,0.00,-1.0,0.0,0,1,0,0,0,-1,0.00,0.00
56.510,0.0,0.0,0.000,0.000,0.000,0.00,-1.0,0.0,0,1,0,0,0,-1,0.00,0.00
56.563,0.0,0.0,0.000,0.000,0.000,0.00,-1.0,0.0,0,1,0,0,0,-1,0.00,0.00
56.629,0.0,0.0,0.000,0.000,0.000,0.00,-1.0,0.0,0,1,0,0,0,-1,0.00,0.00
56.694,0.0,0.0,0.000,0.000,0.000,0.00,-1.0,0.0,0,1,0,0,0,-1,0.00,0.00
56.745,0.0,0.0,0.000,0.000,0.000,0.00,-1.0,0.0,0,1,0,0,0,-1,0.00,0.00
56.798,0.0,0.0,0.000,0.000,0.000,0.00,-1.0,0.0,0,1,0,0,0,-1,0.00,0.00
56.861,0.0,0.0,0.000,0.000,0.000,0.00,-1.0,0.0,0,1,0,0,0,-1,0.00,0.00
56.912,0.0,0.0,0.000,0.000,0.000,0.00,-1.0,0.0,0,1,0,0,0,-1,0.00,0.00
56.962,0.0,0.0,0.000,0.000,0.000,0.00,-1.0,0.0,0,1,0,0,0,-1,0.00,0.00
57.028,0.0,0.0,0.000,0.000,0.000,0.00,-1.0,0.0,0,1,0,0,0,-1,0.00,0.00
57.078,0.0,0.0,0.000,0.000,0.000,0.00,-1.0,0.0,0,1,0,0,0,-1,0.00,0.00
57.129,0.0,0.0,0.000,0.000,0.000,0.00,-1.0,0.0,0,1,0,0,0,-1,0.00,0.00
57.195,0.0,0.0,0.000,0.000,0.000,0.00,-1.0,0.0,0,1,0,0,0,-1,0.00,0.00
57.261,0.0,0.0,0.000,0.000,0.000,0.00,-1.0,0.0,0,1,0,0,0,-1,0.00,0.00
57.311,0.0,0.0,0.000,0.000,0.000,0.00,-1.0,0.0,0,1,0,0,0,-1,0.00,0.00
57.361,0.0,0.0,0.000,0.000,0.000,0.00,-1.0,0.0,0,1,0,0,0,-1,0.00,0.00
57.412,0.0,0.0,0.000,0.000,0.000,0.00,-1.0,0.0,0,1,0,0,0,-1,0.00,0.00
57.463,0.0,0.0,0.000,0.000,0.000,0.00,-1.0,0.0,0,1,0,0,0,-1,0.00,0.00
57.527,0.0,0.0,0.000,0.000,0.000,0.00,-1.0,0.0,0,1,0,0,0,-1,0.00,0.00
57.579,0.0,0.0,0.000,0.000,0.000,0.00,-1.0,0.0,0,1,0,0,0,-1,0.00,0.00
57.645,0.0,0.0,0.000,0.000,0.000,0.00,-1.0,0.0,0,1,0,0,0,-1,0.00,0.00
57.712,0.0,0.0,0.000,0.000,0.000,0.00,-1.0,0.0,0,1,0,0,0,-1,0.00,0.00
57.763,0.0,0.0,0.000,0.000,0.000,0.00,-1.0,0.0,0,1,0,0,0,-1,0.00,0.00
57.827,0.0,0.0,0.000,0.000,0.000,0.00,-1.0,0.0,0,1,0,0,0,-1,0.00,0.00
57.879,0.0,0.0,0.000,0.000,0.000,0.00,-1.0,0.0,0,1,0,0,0,-1,0.00,0.00
57.946,0.0,0.0,0.000,0.000,0.000,0.00,-1.0,0.0,0,1,0,0,0,-1,0.00,0.00
58.011,0.0,0.0,0.000,0.000,0.000,0.00,-1.0,0.0,0,1,0,0,0,-1,0.00,0.00
58.061,0.0,0.0,0.000,0.000,0.000,0.00,-1.0,0.0,0,1,0,0,0,-1,0.00,0.00
58.129,0.0,0.0,0.000,0.000,0.000,0.00,-1.0,0.0,0,1,0,0,0,-1,0.00,0.00
58.194,0.0,0.0,0.000,0.000,0.000,0.00,-1.0,0.0,0,1,0,0,0,-1,0.00,0.00
58.245,0.0,0.0,0.000,0.000,0.000,0.00,-1.0,0.0,0,1,0,0,0,-1,0.00,0.00
58.312,0.0,0.0,0.000,0.000,0.000,0.00,-1.0,0.0,0,1,0,0,0,-1,0.00,0.00
58.377,0.0,0.0,0.000,0.000,0.000,0.00,-1.0,0.0,0,1,0,0,0,-1,0.00,0.00
58.429,0.0,0.0,0.000,0.000,0.000,0.00,-1.0,0.0,0,1,0,0,0,-1,0.00,0.00
58.494,0.0,0.0,0.000,0.000,0.000,0.00,-1.0,0.0,0,1,0,0,0,-1,0.00,0.00
58.545,0.0,0.0,0.000,0.000,0.000,0.00,-1.0,0.0,0,1,0,0,0,-1,0.00,0.00
58.595,0.0,0.0,0.000,0.000,0.000,0.00,-1.0,0.0,0,1,0,0,0,-1,0.00,0.00
58.662,0.0,0.0,0.000,0.000,0.000,0.00,-1.0,0.0,0,1,0,0,0,-1,0.00,0.00
58.728,0.0,0.0,0.000,0.000,0.000,0.00,-1.0,0.0,0,1,0,0,0,-1,0.00,0.00
58.779,0.0,0.0,0.000,0.000,0.000,0.00,-1.0,0.0,0,1,0,0,0,-1,0.00,0.00
58.845,0.0,0.0,0.000,0.000,0.000,0.00,-1.0,0.0,0,1,0,0,0,-1,0.00,0.00
58.901,0.0,0.0,0.000,0.000,0.000,0.00,-1.0,0.0,0,1,0,0,0,-1,0.00,0.00
58.967,0.0,0.0,0.000,0.000,0.000,0.00,-1.0,0.0,0,1,0,0,0,-1,0.00,0.00
59.033,0.0,0.0,0.000,0.000,0.000,0.00,-1.0,0.0,0,1,0,0,0,-1,0.00,0.00
59.084,0.0,0.0,0.000,0.000,0.000,0.00,-1.0,0.0,0,1,0,0,0,-1,0.00,0.00
59.134,0.0,0.0,0.000,0.000,0.000,0.00,-1.0,0.0,0,1,0,0,0,-1,0.00,0.00
59.201,0.0,0.0,0.000,0.000,0.000,0.00,-1.0,0.0,0,1,0,0,0,-1,0.00,0.00
59.266,0.0,0.0,0.000,0.000,0.000,0.00,-1.0,0.0,0,1,0,0,0,-1,0.00,0.00
59.334,0.0,0.0,0.000,0.000,0.000,0.00,-1.0,0.0,0,1,0,0,0,-1,0.00,0.00
59.400,0.0,0.0,0.000,0.000,0.000,0.00,-1.0,0.0,0,1,0,0,0,-1,0.00,0.00
59.466,0.0,0.0,0.000,0.000,0.000,0.00,-1.0,0.0,0,1,0,0,0,-1,0.00,0.00
59.517,0.0,0.0,0.000,0.000,0.000,0.00,-1.0,0.0,0,1,0,0,0,-1,0.00,0.00
59.584,0.0,0.0,0.000,0.000,0.000,0.00,-1.0,0.0,0,1,0,0,0,-1,0.00,0.00
59.650,0.0,0.0,0.000,0.000,0.000,0.00,-1.0,0.0,0,1,0,0,0,-1,0.00,0.00
59.700,0.0,0.0,0.000,0.000,0.000,0.00,-1.0,0.0,0,1,0,0,0,-1,0.00,0.00
59.766,0.0,0.0,0.000,0.000,0.000,0.00,-1.0,0.0,0,1,0,0,0,-1,0.00,0.00
59.834,0.0,0.0,0.000,0.000,0.000,0.00,-1.0,0.0,0,1,0,0,0,-1,0.00,0.00
59.900,0.0,0.0,0.000,0.000,0.000,0.00,-1.0,0.0,0,1,0,0,0,-1,0.00,0.00
59.967,0.0,0.0,0.000,0.000,0.000,0.00,-1.0,0.0,0,1,0,0,0,-1,0.00,0.00
60.033,0.0,0.0,0.000,0.000,0.000,0.00,-1.0,0.0,0,1,0,0,0,-1,0.00,0.00
60.083,0.0,0.0,0.000,0.000,0.000,0.00,-1.0,0.0,0,1,0,0,0,-1,0.00,0.00
60.150,0.0,0.0,0.000,0.000,0.000,0.00,-1.0,0.0,0,1,0,0,0,-1,0.00,0.00
60.217,0.0,0.0,0.000,0.000,0.000,0.00,-1.0,0.0,0,1,0,0,0,-1,0.00,0.00
60.283,0.0,0.0,0.000,0.000,0.000,0.00,-1.0,0.0,0,1,0,0,0,-1,0.00,0.00
60.350,0.0,0.0,0.000,0.000,0.000,0.00,-1.0,0.0,0,1,0,0,0,-1,0.00,0.00
60.400,0.0,0.0,0.000,0.000,0.000,0.00,-1.0,0.0,0,1,0,0,0,-1,0.00,0.00
60.467,0.0,0.0,0.000,0.000,0.000,0.00,-1.0,0.0,0,1,0,0,0,-1,0.00,0.00
60.533,0.0,0.0,0.000,0.000,0.000,0.00,-1.0,0.0,0,1,0,0,0,-1,0.00,0.00
60.583,0.0,0.0,0.000,0.000,0.000,0.00,-1.0,0.0,0,1,0,0,0,-1,0.00,0.00
60.649,0.0,0.0,0.000,0.000,0.000,0.00,-1.0,0.0,0,1,0,0,0,-1,0.00,0.00
60.700,0.0,0.0,0.000,0.000,0.000,0.00,-1.0,0.0,0,1,0,0,0,-1,0.00,0.00
60.767,0.0,0.0,0.000,0.000,0.000,0.00,-1.0,0.0,0,1,0,0,0,-1,0.00,0.00
60.833,0.0,0.0,0.000,0.000,0.000,0.00,-1.0,0.0,0,1,0,0,0,-1,0.00,0.00
60.900,0.0,0.0,0.000,0.000,0.000,0.00,-1.0,0.0,0,1,0,0,0,-1,0.00,0.00
60.951,0.0,0.0,0.000,0.000,0.000,0.00,-1.0,0.0,0,1,0,0,0,-1,0.00,0.00
61.015,0.0,0.0,0.000,0.000,0.000,0.00,-1.0,0.0,0,1,0,0,0,-1,0.00,0.00
61.067,0.0,0.0,0.000,0.000,0.000,0.00,-1.0,0.0,0,1,0,0,0,-1,0.00,0.00
61.133,0.0,0.0,0.000,0.000,0.000,0.00,-1.0,0.0,0,1,0,0,0,-1,0.00,0.00
61.183,0.0,0.0,0.000,0.000,0.000,0.00,-1.0,0.0,0,1,0,0,0,-1,0.00,0.00
61.233,0.0,0.0,0.000,0.000,0.000,0.00,-1.0,0.0,0,1,0,0,0,-1,0.00,0.00
61.299,0.0,0.0,0.000,0.000,0.000,0.00,-1.0,0.0,0,1,0,0,0,-1,0.00,0.00
61.349,0.0,0.0,0.000,0.000,0.000,0.00,-1.0,0.0,0,1,0,0,0,-1,0.00,0.00
61.400,0.0,0.0,0.000,0.000,0.000,0.00,-1.0,0.0,0,1,0,0,0,-1,0.00,0.00
61.451,0.0,0.0,0.000,0.000,0.000,0.00,-1.0,0.0,0,1,0,0,0,-1,0.00,0.00
61.517,0.0,0.0,0.000,0.000,0.000,0.00,-1.0,0.0,0,1,0,0,0,-1,0.00,0.00
61.567,0.0,0.0,0.000,0.000,0.000,0.00,-1.0,0.0,0,1,0,0,0,-1,0.00,0.00
61.635,0.0,0.0,0.000,0.000,0.000,0.00,-1.0,0.0,0,1,0,0,0,-1,0.00,0.00
61.699,0.0,0.0,0.000,0.000,0.000,0.00,-1.0,0.0,0,1,0,0,0,-1,0.00,0.00
61.750,0.0,0.0,0.000,0.000,0.000,0.00,-1.0,0.0,0,1,0,0,0,-1,0.00,0.00
61.816,0.0,0.0,0.000,0.000,0.000,0.00,-1.0,0.0,0,1,0,0,0,-1,0.00,0.00
61.867,0.0,0.0,0.000,0.000,0.000,0.00,-1.0,0.0,0,1,0,0,0,-1,0.00,0.00
61.934,0.0,0.0,0.000,0.000,0.000,0.00,-1.0,0.0,0,1,0,0,0,-1,0.00,0.00
62.000,0.0,0.0,0.000,0.000,0.000,0.00,-1.0,0.0,0,1,0,0,0,-1,0.00,0.00
62.066,0.0,0.0,0.000,0.000,0.000,0.00,-1.0,0.0,0,1,0,0,0,-1,0.00,0.00
62.116,0.0,0.0,0.000,0.000,0.000,0.00,-1.0,0.0,0,1,0,0,0,-1,0.00,0.00
62.167,0.0,0.0,0.000,0.000,0.000,0.00,-1.0,0.0,0,1,0,0,0,-1,0.00,0.00
62.233,0.0,0.0,0.000,0.000,0.000,0.00,-1.0,0.0,0,1,0,0,0,-1,0.00,0.00
62.299,0.0,0.0,0.000,0.000,0.000,0.00,-1.0,0.0,0,1,0,0,0,-1,0.00,0.00
62.349,0.0,0.0,0.000,0.000,0.000,0.00,-1.0,0.0,0,1,0,0,0,-1,0.00,0.00
62.416,0.0,0.0,0.000,0.000,0.000,0.00,-1.0,0.0,0,1,0,0,0,-1,0.00,0.00
62.467,0.0,0.0,0.000,0.000,0.000,0.00,-1.0,0.0,0,1,0,0,0,-1,0.00,0.00
62.532,0.0,0.0,0.000,0.000,0.000,0.00,-1.0,0.0,0,1,0,0,0,-1,0.00,0.00
62.583,0.0,0.0,0.000,0.000,0.000,0.00,-1.0,0.0,0,1,0,0,0,-1,0.00,0.00
62.649,0.0,0.0,0.000,0.000,0.000,0.00,-1.0,0.0,0,1,0,0,0,-1,0.00,0.00
62.700,0.0,0.0,0.000,0.000,0.000,0.00,-1.0,0.0,0,1,0,0,0,-1,0.00,0.00
62.750,0.0,0.0,0.000,0.000,0.000,0.00,-1.0,0.0,0,1,0,0,0,-1,0.00,0.00
62.816,0.0,0.0,0.000,0.000,0.000,0.00,-1.0,0.0,0,1,0,0,0,-1,0.00,0.00
62.866,0.0,0.0,0.000,0.000,0.000,0.00,-1.0,0.0,0,1,0,0,0,-1,0.00,0.00
62.933,0.0,0.0,0.000,0.000,0.000,0.00,-1.0,0.0,0,1,0,0,0,-1,0.00,0.00
62.983,0.0,0.0,0.000,0.000,0.000,0.00,-1.0,0.0,0,1,0,0,0,-1,0.00,0.00
63.033,0.0,0.0,0.000,0.000,0.000,0.00,-1.0,0.0,0,1,0,0,0,-1,0.00,0.00
63.083,0.0,0.0,0.000,0.000,0.000,0.00,-1.0,0.0,0,1,0,0,0,-1,0.00,0.00
63.134,0.0,0.0,0.000,0.000,0.000,0.00,-1.0,0.0,0,1,0,0,0,-1,0.00,0.00
63.199,0.0,0.0,0.000,0.000,0.000,0.00,-1.0,0.0,0,1,0,0,0,-1,0.00,0.00
63.250,0.0,0.0,0.000,0.000,0.000,0.00,-1.0,0.0,0,1,0,0,0,-1,0.00,0.00
63.300,0.0,0.0,0.000,0.000,0.000,0.00,-1.0,0.0,0,1,0,0,0,-1,0.00,0.00
63.367,0.0,0.0,0.000,0.000,0.000,0.00,-1.0,0.0,0,1,0,0,0,-1,0.00,0.00
63.434,0.0,0.0,0.000,0.000,0.000,0.00,-1.0,0.0,0,1,0,0,0,-1,0.00,0.00
63.499,0.0,0.0,0.000,0.000,0.000,0.00,-1.0,0.0,0,1,0,0,0,-1,0.00,0.00
63.549,0.0,0.0,0.000,0.000,0.000,0.00,-1.0,0.0,0,1,0,0,0,-1,0.00,0.00
63.601,0.0,0.0,0.000,0.000,0.000,0.00,-1.0,0.0,0,1,0,0,0,-1,0.00,0.00
63.666,0.0,0.0,0.000,0.000,0.000,0.00,-1.0,0.0,0,1,0,0,0,-1,0.00,0.00
63.733,0.0,0.0,0.000,0.000,0.000,0.00,-1.0,0.0,0,1,0,0,0,-1,0.00,0.00
63.800,0.0,0.0,0.000,0.000,0.000,0.00,-1.0,0.0,0,1,0,0,0,-1,0.00,0.00
63.850,0.0,0.0,0.000,0.000,0.000,0.00,-1.0,0.0,0,1,0,0,0,-1,0.00,0.00
63.916,0.0,0.0,0.000,0.000,0.000,0.00,-1.0,0.0,0,1,0,0,0,-1,0.00,0.00
63.983,0.0,0.0,0.000,0.000,0.000,0.00,-1.0,0.0,0,1,0,0,0,-1,0.00,0.00
64.034,0.0,0.0,0.000,0.000,0.000,0.00,-1.0,0.0,0,1,0,0,0,-1,0.00,0.00
64.100,0.0,0.0,0.000,0.000,0.000,0.00,-1.0,0.0,0,1,0,0,0,-1,0.00,0.00
64.166,0.0,0.0,0.000,0.000,0.000,0.00,-1.0,0.0,0,1,0,0,0,-1,0.00,0.00
64.216,0.0,0.0,0.000,0.000,0.000,0.00,-1.0,0.0,0,1,0,0,0,-1,0.00,0.00
64.283,0.0,0.0,0.000,0.000,0.000,0.00,-1.0,0.0,0,1,0,0,0,-1,0.00,0.00
64.333,0.0,0.0,0.000,0.000,0.000,0.00,-1.0,0.0,0,1,0,0,0,-1,0.00,0.00
64.400,0.0,0.0,0.000,0.000,0.000,0.00,-1.0,0.0,0,1,0,0,0,-1,0.00,0.00
64.466,0.0,0.0,0.000,0.000,0.000,0.00,-1.0,0.0,0,1,0,0,0,-1,0.00,0.00
64.534,0.0,0.0,0.000,0.000,0.000,0.00,-1.0,0.0,0,1,0,0,0,-1,0.00,0.00
64.599,0.0,0.0,0.000,0.000,0.000,0.00,-1.0,0.0,0,1,0,0,0,-1,0.00,0.00
64.650,0.0,0.0,0.000,0.000,0.000,0.00,-1.0,0.0,0,1,0,0,0,-1,0.00,0.00
64.717,0.0,0.0,0.000,0.000,0.000,0.00,-1.0,0.0,0,1,0,0,0,-1,0.00,0.00
64.783,0.0,0.0,0.000,0.000,0.000,0.00,-1.0,0.0,0,1,0,0,0,-1,0.00,0.00
64.833,0.0,0.0,0.000,0.000,0.000,0.00,-1.0,0.0,0,1,0,0,0,-1,0.00,0.00
64.899,0.0,0.0,0.000,0.000,0.000,0.00,-1.0,0.0,0,1,0,0,0,-1,0.00,0.00
64.950,0.0,0.0,0.000,0.000,0.000,0.00,-1.0,0.0,0,1,0,0,0,-1,0.00,0.00
65.017,0.0,0.0,0.000,0.000,0.000,0.00,-1.0,0.0,0,1,0,0,0,-1,0.00,0.00
65.083,0.0,0.0,0.000,0.000,0.000,0.00,-1.0,0.0,0,1,0,0,0,-1,0.00,0.00
65.134,0.0,0.0,0.000,0.000,0.000,0.00,-1.0,0.0,0,1,0,0,0,-1,0.00,0.00
65.200,0.0,0.0,0.000,0.000,0.000,0.00,-1.0,0.0,0,1,0,0,0,-1,0.00,0.00
65.267,0.0,0.0,0.000,0.000,0.000,0.00,-1.0,0.0,0,1,0,0,0,-1,0.00,0.00
65.333,0.0,0.0,0.000,0.000,0.000,0.00,-1.0,0.0,0,1,0,0,0,-1,0.00,0.00
65.400,0.0,0.0,0.000,0.000,0.000,0.00,-1.0,0.0,0,1,0,0,0,-1,0.00,0.00
65.450,0.0,0.0,0.000,0.000,0.000,0.00,-1.0,0.0,0,1,0,0,0,-1,0.00,0.00
65.501,0.0,0.0,0.000,0.000,0.000,0.00,-1.0,0.0,0,1,0,0,0,-1,0.00,0.00
65.566,0.0,0.0,0.000,0.000,0.000,0.00,-1.0,0.0,0,1,0,0,0,-1,0.00,0.00
65.617,0.0,0.0,0.000,0.000,0.000,0.00,-1.0,0.0,0,1,0,0,0,-1,0.00,0.00
65.684,0.0,0.0,0.000,0.000,0.000,0.00,-1.0,0.0,0,1,0,0,0,-1,0.00,0.00
65.750,0.0,0.0,0.000,0.000,0.000,0.00,-1.0,0.0,0,1,0,0,0,-1,0.00,0.00
65.800,0.0,0.0,0.000,0.000,0.000,0.00,-1.0,0.0,0,1,0,0,0,-1,0.00,0.00
65.866,0.0,0.0,0.000,0.000,0.000,0.00,-1.0,0.0,0,1,0,0,0,-1,0.00,0.00
65.917,0.0,0.0,0.000,0.000,0.000,0.00,-1.0,0.0,0,1,0,0,0,-1,0.00,0.00
65.984,0.0,0.0,0.000,0.000,0.000,0.00,-1.0,0.0,0,1,0,0,0,-1,0.00,0.00
66.050,0.0,0.0,0.000,0.000,0.000,0.00,-1.0,0.0,0,1,0,0,0,-1,0.00,0.00
66.100,0.0,0.0,0.000,0.000,0.000,0.00,-1.0,0.0,0,1,0,0,0,-1,0.00,0.00
66.166,0.0,0.0,0.000,0.000,0.000,0.00,-1.0,0.0,0,1,0,0,0,-1,0.00,0.00
66.217,0.0,0.0,0.000,0.000,0.000,0.00,-1.0,0.0,0,1,0,0,0,-1,0.00,0.00
66.283,0.0,0.0,0.000,0.000,0.000,0.00,-1.0,0.0,0,1,0,0,0,-1,0.00,0.00
66.350,0.0,0.0,0.000,0.000,0.000,0.00,-1.0,0.0,0,1,0,0,0,-1,0.00,0.00
66.416,0.0,0.0,0.000,0.000,0.000,0.00,-1.0,0.0,0,1,0,0,0,-1,0.00,0.00
66.467,0.0,0.0,0.000,0.000,0.000,0.00,-1.0,0.0,0,1,0,0,0,-1,0.00,0.00
66.533,0.0,0.0,0.000,0.000,0.000,0.00,-1.0,0.0,0,1,0,0,0,-1,0.00,0.00
66.584,0.0,0.0,0.000,0.000,0.000,0.00,-1.0,0.0,0,1,0,0,0,-1,0.00,0.00
66.650,0.0,0.0,0.000,0.000,0.000,0.00,-1.0,0.0,0,1,0,0,0,-1,0.00,0.00
66.717,0.0,0.0,0.000,0.000,0.000,0.00,-1.0,0.0,0,1,0,0,0,-1,0.00,0.00
66.783,0.0,0.0,0.000,0.000,0.000,0.00,-1.0,0.0,0,1,0,0,0,-1,0.00,0.00
66.833,0.0,0.0,0.000,0.000,0.000,0.00,-1.0,0.0,0,1,0,0,0,-1,0.00,0.00
66.883,0.0,0.0,0.000,0.000,0.000,0.00,-1.0,0.0,0,1,0,0,0,-1,0.00,0.00
66.950,0.0,0.0,0.000,0.000,0.000,0.00,-1.0,0.0,0,1,0,0,0,-1,0.00,0.00
67.017,0.0,0.0,0.000,0.000,0.000,0.00,-1.0,0.0,0,1,0,0,0,-1,0.00,0.00
67.084,0.0,0.0,0.000,0.000,0.000,0.00,-1.0,0.0,0,1,0,0,0,-1,0.00,0.00
67.150,0.0,0.0,0.000,0.000,0.000,0.00,-1.0,0.0,0,1,0,0,0,-1,0.00,0.00
67.216,0.0,0.0,0.000,0.000,0.000,0.00,-1.0,0.0,0,1,0,0,0,-1,0.00,0.00
67.266,0.0,0.0,0.000,0.000,0.000,0.00,-1.0,0.0,0,1,0,0,0,-1,0.00,0.00
67.316,0.0,0.0,0.000,0.000,0.000,0.00,-1.0,0.0,0,1,0,0,0,-1,0.00,0.00
67.367,0.0,0.0,0.000,0.000,0.000,0.00,-1.0,0.0,0,1,0,0,0,-1,0.00,0.00
67.433,0.0,0.0,0.000,0.000,0.000,0.00,-1.0,0.0,0,1,0,0,0,-1,0.00,0.00
67.485,0.0,0.0,0.000,0.000,0.000,0.00,-1.0,0.0,0,1,0,0,0,-1,0.00,0.00
67.550,0.0,0.0,0.000,0.000,0.000,0.00,-1.0,0.0,0,1,0,0,0,-1,0.00,0.00
67.616,0.0,0.0,0.000,0.000,0.000,0.00,-1.0,0.0,0,1,0,0,0,-1,0.00,0.00
67.683,0.0,0.0,0.000,0.000,0.000,0.00,-1.0,0.0,0,1,0,0,0,-1,0.00,0.00
67.751,0.0,0.0,0.000,0.000,0.000,0.00,-1.0,0.0,0,1,0,0,0,-1,0.00,0.00
67.816,0.0,0.0,0.000,0.000,0.000,0.00,-1.0,0.0,0,1,0,0,0,-1,0.00,0.00
67.883,0.0,0.0,0.000,0.000,0.000,0.00,-1.0,0.0,0,1,0,0,0,-1,0.00,0.00
67.934,0.0,0.0,0.000,0.000,0.000,0.00,-1.0,0.0,0,1,0,0,0,-1,0.00,0.00
68.000,0.0,0.0,0.000,0.000,0.000,0.00,-1.0,0.0,0,1,0,0,0,-1,0.00,0.00
68.067,0.0,0.0,0.000,0.000,0.000,0.00,-1.0,0.0,0,1,0,0,0,-1,0.00,0.00
68.133,0.0,0.0,0.000,0.000,0.000,0.00,-1.0,0.0,0,1,0,0,0,-1,0.00,0.00
68.200,0.0,0.0,0.000,0.000,0.000,0.00,-1.0,0.0,0,1,0,0,0,-1,0.00,0.00
68.265,0.0,0.0,0.000,0.000,0.000,0.00,-1.0,0.0,0,1,0,0,0,-1,0.00,0.00
68.317,0.0,0.0,0.000,0.000,0.000,0.00,-1.0,0.0,0,1,0,0,0,-1,0.00,0.00
68.383,0.0,0.0,0.000,0.000,0.000,0.00,-1.0,0.0,0,1,0,0,0,-1,0.00,0.00
68.449,0.0,0.0,0.000,0.000,0.000,0.00,-1.0,0.0,0,1,0,0,0,-1,0.00,0.00
68.500,0.0,0.0,0.000,0.000,0.000,0.00,-1.0,0.0,0,1,0,0,0,-1,0.00,0.00
68.566,0.0,0.0,0.000,0.000,0.000,0.00,-1.0,0.0,0,1,0,0,0,-1,0.00,0.00
68.634,0.0,0.0,0.000,0.000,0.000,0.00,-1.0,0.0,0,1,0,0,0,-1,0.00,0.00
68.700,0.0,0.0,0.000,0.000,0.000,0.00,-1.0,0.0,0,1,0,0,0,-1,0.00,0.00
68.767,0.0,0.0,0.000,0.000,0.000,0.00,-1.0,0.0,0,1,0,0,0,-1,0.00,0.00
68.834,0.0,0.0,0.000,0.000,0.000,0.00,-1.0,0.0,0,1,0,0,0,-1,0.00,0.00
68.900,0.0,0.0,0.000,0.000,0.000,0.00,-1.0,0.0,0,1,0,0,0,-1,0.00,0.00
68.966,0.0,0.0,0.000,0.000,0.000,0.00,-1.0,0.0,0,1,0,0,0,-1,0.00,0.00
69.034,0.0,0.0,0.000,0.000,0.000,0.00,-1.0,0.0,0,1,0,0,0,-1,0.00,0.00
69.100,0.0,0.0,0.000,0.000,0.000,0.00,-1.0,0.0,0,1,0,0,0,-1,0.00,0.00
69.166,0.0,0.0,0.000,0.000,0.000,0.00,-1.0,0.0,0,1,0,0,0,-1,0.00,0.00
69.216,0.0,0.0,0.000,0.000,0.000,0.00,-1.0,0.0,0,1,0,0,0,-1,0.00,0.00
69.267,0.0,0.0,0.000,0.000,0.000,0.00,-1.0,0.0,0,1,0,0,0,-1,0.00,0.00
69.317,0.0,0.0,0.000,0.000,0.000,0.00,-1.0,0.0,0,1,0,0,0,-1,0.00,0.00
69.383,0.0,0.0,0.000,0.000,0.000,0.00,-1.0,0.0,0,1,0,0,0,-1,0.00,0.00
69.449,0.0,0.0,0.000,0.000,0.000,0.00,-1.0,0.0,0,1,0,0,0,-1,0.00,0.00
69.500,0.0,0.0,0.000,0.000,0.000,0.00,-1.0,0.0,0,1,0,0,0,-1,0.00,0.00
69.550,0.0,0.0,0.000,0.000,0.000,0.00,-1.0,0.0,0,1,0,0,0,-1,0.00,0.00
69.616,0.0,0.0,0.000,0.000,0.000,0.00,-1.0,0.0,0,1,0,0,0,-1,0.00,0.00
69.684,0.0,0.0,0.000,0.000,0.000,0.00,-1.0,0.0,0,1,0,0,0,-1,0.00,0.00
69.750,0.0,0.0,0.000,0.000,0.000,0.00,-1.0,0.0,0,1,0,0,0,-1,0.00,0.00
69.817,0.0,0.0,0.000,0.000,0.000,0.00,-1.0,0.0,0,1,0,0,0,-1,0.00,0.00
69.883,0.0,0.0,0.000,0.000,0.000,0.00,-1.0,0.0,0,1,0,0,0,-1,0.00,0.00
69.937,0.0,0.0,0.000,0.000,0.000,0.00,-1.0,0.0,0,1,0,0,0,-1,0.00,0.00
69.999,0.0,0.0,0.000,0.000,0.000,0.00,-1.0,0.0,0,1,0,0,0,-1,0.00,0.00
70.050,0.0,0.0,0.000,0.000,0.000,0.00,-1.0,0.0,0,1,0,0,0,-1,0.00,0.00
70.117,0.0,0.0,0.000,0.000,0.000,0.00,-1.0,0.0,0,1,0,0,0,-1,0.00,0.00
70.183,0.0,0.0,0.000,0.000,0.000,0.00,-1.0,0.0,0,1,0,0,0,-1,0.00,0.00
70.233,0.0,0.0,0.000,0.000,0.000,0.00,-1.0,0.0,0,1,0,0,0,-1,0.00,0.00
70.299,0.0,0.0,0.000,0.000,0.000,0.00,-1.0,0.0,0,1,0,0,0,-1,0.00,0.00
70.350,0.0,0.0,0.000,0.000,0.000,0.00,-1.0,0.0,0,1,0,0,0,-1,0.00,0.00
70.417,0.0,0.0,0.000,0.000,0.000,0.00,-1.0,0.0,0,1,0,0,0,-1,0.00,0.00
70.483,0.0,0.0,0.000,0.000,0.000,0.00,-1.0,0.0,0,1,0,0,0,-1,0.00,0.00
70.550,0.0,0.0,0.000,0.000,0.000,0.00,-1.0,0.0,0,1,0,0,0,-1,0.00,0.00
70.617,0.0,0.0,0.000,0.000,0.000,0.00,-1.0,0.0,0,1,0,0,0,-1,0.00,0.00
70.667,0.0,0.0,0.000,0.000,0.000,0.00,-1.0,0.0,0,1,0,0,0,-1,0.00,0.00
70.717,0.0,0.0,0.000,0.000,0.000,0.00,-1.0,0.0,0,1,0,0,0,-1,0.00,0.00
70.784,0.0,0.0,0.000,0.000,0.000,0.00,-1.0,0.0,0,1,0,0,0,-1,0.00,0.00
70.850,0.0,0.0,0.000,0.000,0.000,0.00,-1.0,0.0,0,1,0,0,0,-1,0.00,0.00
70.900,0.0,0.0,0.000,0.000,0.000,0.00,-1.0,0.0,0,1,0,0,0,-1,0.00,0.00
70.950,0.0,0.0,0.000,0.000,0.000,0.00,-1.0,0.0,0,1,0,0,0,-1,0.00,0.00
71.000,0.0,0.0,0.000,0.000,0.000,0.00,-1.0,0.0,0,1,0,0,0,-1,0.00,0.00
71.051,0.0,0.0,0.000,0.000,0.000,0.00,-1.0,0.0,0,1,0,0,0,-1,0.00,0.00
71.116,0.0,0.0,0.000,0.000,0.000,0.00,-1.0,0.0,0,1,0,0,0,-1,0.00,0.00
71.166,0.0,0.0,0.000,0.000,0.000,0.00,-1.0,0.0,0,1,0,0,0,-1,0.00,0.00
71.235,0.0,0.0,0.000,0.000,0.000,0.00,-1.0,0.0,0,1,0,0,0,-1,0.00,0.00
71.301,0.0,0.0,0.000,0.000,0.000,0.00,-1.0,0.0,0,1,0,0,0,-1,0.00,0.00
71.366,0.0,0.0,0.000,0.000,0.000,0.00,-1.0,0.0,0,1,0,0,0,-1,0.00,0.00
71.433,0.0,0.0,0.000,0.000,0.000,0.00,-1.0,0.0,0,1,0,0,0,-1,0.00,0.00
71.484,0.0,0.0,0.000,0.000,0.000,0.00,-1.0,0.0,0,1,0,0,0,-1,0.00,0.00
71.534,0.0,0.0,0.000,0.000,0.000,0.00,-1.0,0.0,0,1,0,0,0,-1,0.00,0.00
71.600,0.0,0.0,0.000,0.000,0.000,0.00,-1.0,0.0,0,1,0,0,0,-1,0.00,0.00
71.650,0.0,0.0,0.000,0.000,0.000,0.00,-1.0,0.0,0,1,0,0,0,-1,0.00,0.00
71.716,0.0,0.0,0.000,0.000,0.000,0.00,-1.0,0.0,0,1,0,0,0,-1,0.00,0.00
71.766,0.0,0.0,0.000,0.000,0.000,0.00,-1.0,0.0,0,1,0,0,0,-1,0.00,0.00
71.816,0.0,0.0,0.000,0.000,0.000,0.00,-1.0,0.0,0,1,0,0,0,-1,0.00,0.00
71.884,0.0,0.0,0.000,0.000,0.000,0.00,-1.0,0.0,0,1,0,0,0,-1,0.00,0.00
71.950,0.0,0.0,0.000,0.000,0.000,0.00,-1.0,0.0,0,1,0,0,0,-1,0.00,0.00
72.000,0.0,0.0,0.000,0.000,0.000,0.00,-1.0,0.0,0,1,0,0,0,-1,0.00,0.00
72.067,0.0,0.0,0.000,0.000,0.000,0.00,-1.0,0.0,0,1,0,0,0,-1,0.00,0.00
72.120,0.0,0.0,0.000,0.000,0.000,0.00,-1.0,0.0,0,1,0,0,0,-1,0.00,0.00
72.183,0.0,0.0,0.000,0.000,0.000,0.00,-1.0,0.0,0,1,0,0,0,-1,0.00,0.00
72.234,0.0,0.0,0.000,0.000,0.000,0.00,-1.0,0.0,0,1,0,0,0,-1,0.00,0.00
72.301,0.0,0.0,0.000,0.000,0.000,0.00,-1.0,0.0,0,1,0,0,0,-1,0.00,0.00
72.366,0.0,0.0,0.000,0.000,0.000,0.00,-1.0,0.0,0,1,0,0,0,-1,0.00,0.00
72.416,0.0,0.0,0.000,0.000,0.000,0.00,-1.0,0.0,0,1,0,0,0,-1,0.00,0.00
72.466,0.0,0.0,0.000,0.000,0.000,0.00,-1.0,0.0,0,1,0,0,0,-1,0.00,0.00
72.517,0.0,0.0,0.000,0.000,0.000,0.00,-1.0,0.0,0,1,0,0,0,-1,0.00,0.00
72.584,0.0,0.0,0.000,0.000,0.000,0.00,-1.0,0.0,0,1,0,0,0,-1,0.00,0.00
72.650,0.0,0.0,0.000,0.000,0.000,0.00,-1.0,0.0,0,1,0,0,0,-1,0.00,0.00
72.700,0.0,0.0,0.000,0.000,0.000,0.00,-1.0,0.0,0,1,0,0,0,-1,0.00,0.00
72.750,0.0,0.0,0.000,0.000,0.000,0.00,-1.0,0.0,0,1,0,0,0,-1,0.00,0.00
72.816,0.0,0.0,0.000,0.000,0.000,0.00,-1.0,0.0,0,1,0,0,0,-1,0.00,0.00
72.866,0.0,0.0,0.000,0.000,0.000,0.00,-1.0,0.0,0,1,0,0,0,-1,0.00,0.00
72.917,0.0,0.0,0.000,0.000,0.000,0.00,-1.0,0.0,0,1,0,0,0,-1,0.00,0.00
72.986,0.0,0.0,0.000,0.000,0.000,0.00,-1.0,0.0,0,1,0,0,0,-1,0.00,0.00
73.050,0.0,0.0,0.000,0.000,0.000,0.00,-1.0,0.0,0,1,0,0,0,-1,0.00,0.00
73.101,0.0,0.0,0.000,0.000,0.000,0.00,-1.0,0.0,0,1,0,0,0,-1,0.00,0.00
73.167,0.0,0.0,0.000,0.000,0.000,0.00,-1.0,0.0,0,1,0,0,0,-1,0.00,0.00
73.233,0.0,0.0,0.000,0.000,0.000,0.00,-1.0,0.0,0,1,0,0,0,-1,0.00,0.00
73.283,0.0,0.0,0.000,0.000,0.000,0.00,-1.0,0.0,0,1,0,0,0,-1,0.00,0.00
73.350,0.0,0.0,0.000,0.000,0.000,0.00,-1.0,0.0,0,1,0,0,0,-1,0.00,0.00
73.416,0.0,0.0,0.000,0.000,0.000,0.00,-1.0,0.0,0,1,0,0,0,-1,0.00,0.00
73.466,0.0,0.0,0.000,0.000,0.000,0.00,-1.0,0.0,0,1,0,0,0,-1,0.00,0.00
73.517,0.0,0.0,0.000,0.000,0.000,0.00,-1.0,0.0,0,1,0,0,0,-1,0.00,0.00
73.584,0.0,0.0,0.000,0.000,0.000,0.00,-1.0,0.0,0,1,0,0,0,-1,0.00,0.00
73.649,0.0,0.0,0.000,0.000,0.000,0.00,-1.0,0.0,0,1,0,0,0,-1,0.00,0.00
73.716,0.0,0.0,0.000,0.000,0.000,0.00,-1.0,0.0,0,1,0,0,0,-1,0.00,0.00
73.783,0.0,0.0,0.000,0.000,0.000,0.00,-1.0,0.0,0,1,0,0,0,-1,0.00,0.00
73.833,0.0,0.0,0.000,0.000,0.000,0.00,-1.0,0.0,0,1,0,0,0,-1,0.00,0.00
73.884,0.0,0.0,0.000,0.000,0.000,0.00,-1.0,0.0,0,1,0,0,0,-1,0.00,0.00
73.950,0.0,0.0,0.000,0.000,0.000,0.00,-1.0,0.0,0,1,0,0,0,-1,0.00,0.00
74.016,0.0,0.0,0.000,0.000,0.000,0.00,-1.0,0.0,0,1,0,0,0,-1,0.00,0.00
74.084,0.0,0.0,0.000,0.000,0.000,0.00,-1.0,0.0,0,1,0,0,0,-1,0.00,0.00
74.134,0.0,0.0,0.000,0.000,0.000,0.00,-1.0,0.0,0,1,0,0,0,-1,0.00,0.00
74.200,0.0,0.0,0.000,0.000,0.000,0.00,-1.0,0.0,0,1,0,0,0,-1,0.00,0.00
74.266,0.0,0.0,0.000,0.000,0.000,0.00,-1.0,0.0,0,1,0,0,0,-1,0.00,0.00
74.317,0.0,0.0,0.000,0.000,0.000,0.00,-1.0,0.0,0,1,0,0,0,-1,0.00,0.00
74.367,0.0,0.0,0.000,0.000,0.000,0.00,-1.0,0.0,0,1,0,0,0,-1,0.00,0.00
74.434,0.0,0.0,0.000,0.000,0.000,0.00,-1.0,0.0,0,1,0,0,0,-1,0.00,0.00
74.484,0.0,0.0,0.000,0.000,0.000,0.00,-1.0,0.0,0,1,0,0,0,-1,0.00,0.00
74.549,0.0,0.0,0.000,0.000,0.000,0.00,-1.0,0.0,0,1,0,0,0,-1,0.00,0.00
74.601,0.0,0.0,0.000,0.000,0.000,0.00,-1.0,0.0,0,1,0,0,0,-1,0.00,0.00
74.667,0.0,0.0,0.000,0.000,0.000,0.00,-1.0,0.0,0,1,0,0,0,-1,0.00,0.00
74.733,0.0,0.0,0.000,0.000,0.000,0.00,-1.0,0.0,0,1,0,0,0,-1,0.00,0.00
74.800,0.0,0.0,0.000,0.000,0.000,0.00,-1.0,0.0,0,1,0,0,0,-1,0.00,0.00
74.866,0.0,0.0,0.000,0.000,0.000,0.00,-1.0,0.0,0,1,0,0,0,-1,0.00,0.00
74.917,0.0,0.0,0.000,0.000,0.000,0.00,-1.0,0.0,0,1,0,0,0,-1,0.00,0.00
74.983,0.0,0.0,0.000,0.000,0.000,0.00,-1.0,0.0,0,1,0,0,0,-1,0.00,0.00
75.034,0.0,0.0,0.000,0.000,0.000,0.00,-1.0,0.0,0,1,0,0,0,-1,0.00,0.00
75.100,0.0,0.0,0.000,0.000,0.000,0.00,-1.0,0.0,0,1,0,0,0,-1,0.00,0.00
75.150,0.0,0.0,0.000,0.000,0.000,0.00,-1.0,0.0,0,1,0,0,0,-1,0.00,0.00
75.216,0.0,0.0,0.000,0.000,0.000,0.00,-1.0,0.0,0,1,0,0,0,-1,0.00,0.00
75.284,0.0,0.0,0.000,0.000,0.000,0.00,-1.0,0.0,0,1,0,0,0,-1,0.00,0.00
75.350,0.0,0.0,0.000,0.000,0.000,0.00,-1.0,0.0,0,1,0,0,0,-1,0.00,0.00
75.400,0.0,0.0,0.000,0.000,0.000,0.00,-1.0,0.0,0,1,0,0,0,-1,0.00,0.00
75.466,0.0,0.0,0.000,0.000,0.000,0.00,-1.0,0.0,0,1,0,0,0,-1,0.00,0.00
75.517,0.0,0.0,0.000,0.000,0.000,0.00,-1.0,0.0,0,1,0,0,0,-1,0.00,0.00
75.582,0.0,0.0,0.000,0.000,0.000,0.00,-1.0,0.0,0,1,0,0,0,-1,0.00,0.00
75.634,0.0,0.0,0.000,0.000,0.000,0.00,-1.0,0.0,0,1,0,0,0,-1,0.00,0.00
75.701,0.0,0.0,0.000,0.000,0.000,0.00,-1.0,0.0,0,1,0,0,0,-1,0.00,0.00
75.767,0.0,0.0,0.000,0.000,0.000,0.00,-1.0,0.0,0,1,0,0,0,-1,0.00,0.00
75.831,0.0,0.0,0.000,0.000,0.000,0.00,-1.0,0.0,0,1,0,0,0,-1,0.00,0.00
75.883,0.0,0.0,0.000,0.000,0.000,0.00,-1.0,0.0,0,1,0,0,0,-1,0.00,0.00
75.934,0.0,0.0,0.000,0.000,0.000,0.00,-1.0,0.0,0,1,0,0,0,-1,0.00,0.00
76.000,0.0,0.0,0.000,0.000,0.000,0.00,-1.0,0.0,0,1,0,0,0,-1,0.00,0.00
76.066,0.0,0.0,0.000,0.000,0.000,0.00,-1.0,0.0,0,1,0,0,0,-1,0.00,0.00
76.116,0.0,0.0,0.000,0.000,0.000,0.00,-1.0,0.0,0,1,0,0,0,-1,0.00,0.00
76.167,0.0,0.0,0.000,0.000,0.000,0.00,-1.0,0.0,0,1,0,0,0,-1,0.00,0.00
76.233,0.0,0.0,0.000,0.000,0.000,0.00,-1.0,0.0,0,1,0,0,0,-1,0.00,0.00
76.300,0.0,0.0,0.000,0.000,0.000,0.00,-1.0,0.0,0,1,0,0,0,-1,0.00,0.00
76.350,0.0,0.0,0.000,0.000,0.000,0.00,-1.0,0.0,0,1,0,0,0,-1,0.00,0.00
76.416,0.0,0.0,0.000,0.000,0.000,0.00,-1.0,0.0,0,1,0,0,0,-1,0.00,0.00
76.466,0.0,0.0,0.000,0.000,0.000,0.00,-1.0,0.0,0,1,0,0,0,-1,0.00,0.00
76.517,0.0,0.0,0.000,0.000,0.000,0.00,-1.0,0.0,0,1,0,0,0,-1,0.00,0.00
76.582,0.0,0.0,0.000,0.000,0.000,0.00,-1.0,0.0,0,1,0,0,0,-1,0.00,0.00
76.650,0.0,0.0,0.000,0.000,0.000,0.00,-1.0,0.0,0,1,0,0,0,-1,0.00,0.00
76.716,0.0,0.0,0.000,0.000,0.000,0.00,-1.0,0.0,0,1,0,0,0,-1,0.00,0.00
76.767,0.0,0.0,0.000,0.000,0.000,0.00,-1.0,0.0,0,1,0,0,0,-1,0.00,0.00
76.832,0.0,0.0,0.000,0.000,0.000,0.00,-1.0,0.0,0,1,0,0,0,-1,0.00,0.00
76.900,0.0,0.0,0.000,0.000,0.000,0.00,-1.0,0.0,0,1,0,0,0,-1,0.00,0.00
76.967,0.0,0.0,0.000,0.000,0.000,0.00,-1.0,0.0,0,1,0,0,0,-1,0.00,0.00
77.033,0.0,0.0,0.000,0.000,0.000,0.00,-1.0,0.0,0,1,0,0,0,-1,0.00,0.00
77.083,0.0,0.0,0.000,0.000,0.000,0.00,-1.0,0.0,0,1,0,0,0,-1,0.00,0.00
77.133,0.0,0.0,0.000,0.000,0.000,0.00,-1.0,0.0,0,1,0,0,0,-1,0.00,0.00
77.184,0.0,0.0,0.000,0.000,0.000,0.00,-1.0,0.0,0,1,0,0,0,-1,0.00,0.00
77.249,0.0,0.0,0.000,0.000,0.000,0.00,-1.0,0.0,0,1,0,0,0,-1,0.00,0.00
77.316,0.0,0.0,0.000,0.000,0.000,0.00,-1.0,0.0,0,1,0,0,0,-1,0.00,0.00
77.367,0.0,0.0,0.000,0.000,0.000,0.00,-1.0,0.0,0,1,0,0,0,-1,0.00,0.00
77.417,0.0,0.0,0.000,0.000,0.000,0.00,-1.0,0.0,0,1,0,0,0,-1,0.00,0.00
77.483,0.0,0.0,0.000,0.000,0.000,0.00,-1.0,0.0,0,1,0,0,0,-1,0.00,0.00
77.550,0.0,0.0,0.000,0.000,0.000,0.00,-1.0,0.0,0,1,0,0,0,-1,0.00,0.00
77.616,0.0,0.0,0.000,0.000,0.000,0.00,-1.0,0.0,0,1,0,0,0,-1,0.00,0.00
77.666,0.0,0.0,0.000,0.000,0.000,0.00,-1.0,0.0,0,1,0,0,0,-1,0.00,0.00
77.733,0.0,0.0,0.000,0.000,0.000,0.00,-1.0,0.0,0,1,0,0,0,-1,0.00,0.00
77.783,0.0,0.0,0.000,0.000,0.000,0.00,-1.0,0.0,0,1,0,0,0,-1,0.00,0.00
77.851,0.0,0.0,0.000,0.000,0.000,0.00,-1.0,0.0,0,1,0,0,0,-1,0.00,0.00
77.916,0.0,0.0,0.000,0.000,0.000,0.00,-1.0,0.0,0,1,0,0,0,-1,0.00,0.00
77.983,0.0,0.0,0.000,0.000,0.000,0.00,-1.0,0.0,0,1,0,0,0,-1,0.00,0.00
78.033,0.0,0.0,0.000,0.000,0.000,0.00,-1.0,0.0,0,1,0,0,0,-1,0.00,0.00
78.084,0.0,0.0,0.000,0.000,0.000,0.00,-1.0,0.0,0,1,0,0,0,-1,0.00,0.00
78.150,0.0,0.0,0.000,0.000,0.000,0.00,-1.0,0.0,0,1,0,0,0,-1,0.00,0.00
78.200,0.0,0.0,0.000,0.000,0.000,0.00,-1.0,0.0,0,1,0,0,0,-1,0.00,0.00
78.267,0.0,0.0,0.000,0.000,0.000,0.00,-1.0,0.0,0,1,0,0,0,-1,0.00,0.00
78.332,0.0,0.0,0.000,0.000,0.000,0.00,-1.0,0.0,0,1,0,0,0,-1,0.00,0.00
78.383,0.0,0.0,0.000,0.000,0.000,0.00,-1.0,0.0,0,1,0,0,0,-1,0.00,0.00
78.433,0.0,0.0,0.000,0.000,0.000,0.00,-1.0,0.0,0,1,0,0,0,-1,0.00,0.00
78.499,0.0,0.0,0.000,0.000,0.000,0.00,-1.0,0.0,0,1,0,0,0,-1,0.00,0.00
78.550,0.0,0.0,0.000,0.000,0.000,0.00,-1.0,0.0,0,1,0,0,0,-1,0.00,0.00
78.600,0.0,0.0,0.000,0.000,0.000,0.00,-1.0,0.0,0,1,0,0,0,-1,0.00,0.00
78.666,0.0,0.0,0.000,0.000,0.000,0.00,-1.0,0.0,0,1,0,0,0,-1,0.00,0.00
78.733,0.0,0.0,0.000,0.000,0.000,0.00,-1.0,0.0,0,1,0,0,0,-1,0.00,0.00
78.800,0.0,0.0,0.000,0.000,0.000,0.00,-1.0,0.0,0,1,0,0,0,-1,0.00,0.00
78.868,0.0,0.0,0.000,0.000,0.000,0.00,-1.0,0.0,0,1,0,0,0,-1,0.00,0.00
78.933,0.0,0.0,0.000,0.000,0.000,0.00,-1.0,0.0,0,1,0,0,0,-1,0.00,0.00
78.999,0.0,0.0,0.000,0.000,0.000,0.00,-1.0,0.0,0,1,0,0,0,-1,0.00,0.00
79.050,0.0,0.0,0.000,0.000,0.000,0.00,-1.0,0.0,0,1,0,0,0,-1,0.00,0.00
79.116,0.0,0.0,0.000,0.000,0.000,0.00,-1.0,0.0,0,1,0,0,0,-1,0.00,0.00
79.167,0.0,0.0,0.000,0.000,0.000,0.00,-1.0,0.0,0,1,0,0,0,-1,0.00,0.00
79.233,0.0,0.0,0.000,0.000,0.000,0.00,-1.0,0.0,0,1,0,0,0,-1,0.00,0.00
79.284,0.0,0.0,0.000,0.000,0.000,0.00,-1.0,0.0,0,1,0,0,0,-1,0.00,0.00
79.350,0.0,0.0,0.000,0.000,0.000,0.00,-1.0,0.0,0,1,0,0,0,-1,0.00,0.00
79.401,0.0,0.0,0.000,0.000,0.000,0.00,-1.0,0.0,0,1,0,0,0,-1,0.00,0.00
79.466,0.0,0.0,0.000,0.000,0.000,0.00,-1.0,0.0,0,1,0,0,0,-1,0.00,0.00
79.517,0.0,0.0,0.000,0.000,0.000,0.00,-1.0,0.0,0,1,0,0,0,-1,0.00,0.00
79.583,0.0,0.0,0.000,0.000,0.000,0.00,-1.0,0.0,0,1,0,0,0,-1,0.00,0.00
79.637,0.0,0.0,0.000,0.000,0.000,0.00,-1.0,0.0,0,1,0,0,0,-1,0.00,0.00
79.700,0.0,0.0,0.000,0.000,0.000,0.00,-1.0,0.0,0,1,0,0,0,-1,0.00,0.00
79.750,0.0,0.0,0.000,0.000,0.000,0.00,-1.0,0.0,0,1,0,0,0,-1,0.00,0.00
79.816,0.0,0.0,0.000,0.000,0.000,0.00,-1.0,0.0,0,1,0,0,0,-1,0.00,0.00
79.867,0.0,0.0,0.000,0.000,0.000,0.00,-1.0,0.0,0,1,0,0,0,-1,0.00,0.00
79.933,0.0,0.0,0.000,0.000,0.000,0.00,-1.0,0.0,0,1,0,0,0,-1,0.00,0.00
79.983,0.0,0.0,0.000,0.000,0.000,0.00,-1.0,0.0,0,1,0,0,0,-1,0.00,0.00
80.034,0.0,0.0,0.000,0.000,0.000,0.00,-1.0,0.0,0,1,0,0,0,-1,0.00,0.00
80.100,0.0,0.0,0.000,0.000,0.000,0.00,-1.0,0.0,0,1,0,0,0,-1,0.00,0.00
80.166,0.0,0.0,0.000,0.000,0.000,0.00,-1.0,0.0,0,1,0,0,0,-1,0.00,0.00
80.233,0.0,0.0,0.000,0.000,0.000,0.00,-1.0,0.0,0,1,0,0,0,-1,0.00,0.00
80.284,0.0,0.0,0.000,0.000,0.000,0.00,-1.0,0.0,0,1,0,0,0,-1,0.00,0.00
80.350,0.0,0.0,0.000,0.000,0.000,0.00,-1.0,0.0,0,1,0,0,0,-1,0.00,0.00
80.400,0.0,0.0,0.000,0.000,0.000,0.00,-1.0,0.0,0,1,0,0,0,-1,0.00,0.00
80.467,0.0,0.0,0.000,0.000,0.000,0.00,-1.0,0.0,0,1,0,0,0,-1,0.00,0.00
80.517,0.0,0.0,0.000,0.000,0.000,0.00,-1.0,0.0,0,1,0,0,0,-1,0.00,0.00
80.584,0.0,0.0,0.000,0.000,0.000,0.00,-1.0,0.0,0,1,0,0,0,-1,0.00,0.00
80.634,0.0,0.0,0.000,0.000,0.000,0.00,-1.0,0.0,0,1,0,0,0,-1,0.00,0.00
80.700,0.0,0.0,0.000,0.000,0.000,0.00,-1.0,0.0,0,1,0,0,0,-1,0.00,0.00
80.766,0.0,0.0,0.000,0.000,0.000,0.00,-1.0,0.0,0,1,0,0,0,-1,0.00,0.00
80.816,0.0,0.0,0.000,0.000,0.000,0.00,-1.0,0.0,0,1,0,0,0,-1,0.00,0.00
80.867,0.0,0.0,0.000,0.000,0.000,0.00,-1.0,0.0,0,1,0,0,0,-1,0.00,0.00
80.932,0.0,0.0,0.000,0.000,0.000,0.00,-1.0,0.0,0,1,0,0,0,-1,0.00,0.00
80.983,0.0,0.0,0.000,0.000,0.000,0.00,-1.0,0.0,0,1,0,0,0,-1,0.00,0.00
81.050,0.0,0.0,0.000,0.000,0.000,0.00,-1.0,0.0,0,1,0,0,0,-1,0.00,0.00
81.117,0.0,0.0,0.000,0.000,0.000,0.00,-1.0,0.0,0,1,0,0,0,-1,0.00,0.00
81.183,0.0,0.0,0.000,0.000,0.000,0.00,-1.0,0.0,0,1,0,0,0,-1,0.00,0.00
81.250,0.0,0.0,0.000,0.000,0.000,0.00,-1.0,0.0,0,1,0,0,0,-1,0.00,0.00
81.300,0.0,0.0,0.000,0.000,0.000,0.00,-1.0,0.0,0,1,0,0,0,-1,0.00,0.00
81.366,0.0,0.0,0.000,0.000,0.000,0.00,-1.0,0.0,0,1,0,0,0,-1,0.00,0.00
81.416,0.0,0.0,0.000,0.000,0.000,0.00,-1.0,0.0,0,1,0,0,0,-1,0.00,0.00
81.467,0.0,0.0,0.000,0.000,0.000,0.00,-1.0,0.0,0,1,0,0,0,-1,0.00,0.00
81.533,0.0,0.0,0.000,0.000,0.000,0.00,-1.0,0.0,0,1,0,0,0,-1,0.00,0.00
81.600,0.0,0.0,0.000,0.000,0.000,0.00,-1.0,0.0,0,1,0,0,0,-1,0.00,0.00
81.650,0.0,0.0,0.000,0.000,0.000,0.00,-1.0,0.0,0,1,0,0,0,-1,0.00,0.00
81.716,0.0,0.0,0.000,0.000,0.000,0.00,-1.0,0.0,0,1,0,0,0,-1,0.00,0.00
81.767,0.0,0.0,0.000,0.000,0.000,0.00,-1.0,0.0,0,1,0,0,0,-1,0.00,0.00
81.833,0.0,0.0,0.000,0.000,0.000,0.00,-1.0,0.0,0,1,0,0,0,-1,0.00,0.00
81.884,0.0,0.0,0.000,0.000,0.000,0.00,-1.0,0.0,0,1,0,0,0,-1,0.00,0.00
81.950,0.0,0.0,0.000,0.000,0.000,0.00,-1.0,0.0,0,1,0,0,0,-1,0.00,0.00
82.000,0.0,0.0,0.000,0.000,0.000,0.00,-1.0,0.0,0,1,0,0,0,-1,0.00,0.00
82.051,0.0,0.0,0.000,0.000,0.000,0.00,-1.0,0.0,0,1,0,0,0,-1,0.00,0.00
82.116,0.0,0.0,0.000,0.000,0.000,0.00,-1.0,0.0,0,1,0,0,0,-1,0.00,0.00
82.183,0.0,0.0,0.000,0.000,0.000,0.00,-1.0,0.0,0,1,0,0,0,-1,0.00,0.00
82.250,0.0,0.0,0.000,0.000,0.000,0.00,-1.0,0.0,0,1,0,0,0,-1,0.00,0.00
82.300,0.0,0.0,0.000,0.000,0.000,0.00,-1.0,0.0,0,1,0,0,0,-1,0.00,0.00
82.350,0.0,0.0,0.000,0.000,0.000,0.00,-1.0,0.0,0,1,0,0,0,-1,0.00,0.00
82.416,0.0,0.0,0.000,0.000,0.000,0.00,-1.0,0.0,0,1,0,0,0,-1,0.00,0.00
82.483,0.0,0.0,0.000,0.000,0.000,0.00,-1.0,0.0,0,1,0,0,0,-1,0.00,0.00
82.535,0.0,0.0,0.000,0.000,0.000,0.00,-1.0,0.0,0,1,0,0,0,-1,0.00,0.00
82.599,0.0,0.0,0.000,0.000,0.000,0.00,-1.0,0.0,0,1,0,0,0,-1,0.00,0.00
82.649,0.0,0.0,0.000,0.000,0.000,0.00,-1.0,0.0,0,1,0,0,0,-1,0.00,0.00
82.700,0.0,0.0,0.000,0.000,0.000,0.00,-1.0,0.0,0,1,0,0,0,-1,0.00,0.00
82.751,0.0,0.0,0.000,0.000,0.000,0.00,-1.0,0.0,0,1,0,0,0,-1,0.00,0.00
82.816,0.0,0.0,0.000,0.000,0.000,0.00,-1.0,0.0,0,1,0,0,0,-1,0.00,0.00
82.884,0.0,0.0,0.000,0.000,0.000,0.00,-1.0,0.0,0,1,0,0,0,-1,0.00,0.00
82.949,0.0,0.0,0.000,0.000,0.000,0.00,-1.0,0.0,0,1,0,0,0,-1,0.00,0.00
83.017,0.0,0.0,0.000,0.000,0.000,0.00,-1.0,0.0,0,1,0,0,0,-1,0.00,0.00
83.083,0.0,0.0,0.000,0.000,0.000,0.00,-1.0,0.0,0,1,0,0,0,-1,0.00,0.00
83.150,0.0,0.0,0.000,0.000,0.000,0.00,-1.0,0.0,0,1,0,0,0,-1,0.00,0.00
83.200,0.0,0.0,0.000,0.000,0.000,0.00,-1.0,0.0,0,1,0,0,0,-1,0.00,0.00
83.250,0.0,0.0,0.000,0.000,0.000,0.00,-1.0,0.0,0,1,0,0,0,-1,0.00,0.00
83.316,0.0,0.0,0.000,0.000,0.000,0.00,-1.0,0.0,0,1,0,0,0,-1,0.00,0.00
83.367,0.0,0.0,0.000,0.000,0.000,0.00,-1.0,0.0,0,1,0,0,0,-1,0.00,0.00
83.433,0.0,0.0,0.000,0.000,0.000,0.00,-1.0,0.0,0,1,0,0,0,-1,0.00,0.00
83.483,0.0,0.0,0.000,0.000,0.000,0.00,-1.0,0.0,0,1,0,0,0,-1,0.00,0.00
83.533,0.0,0.0,0.000,0.000,0.000,0.00,-1.0,0.0,0,1,0,0,0,-1,0.00,0.00
83.600,0.0,0.0,0.000,0.000,0.000,0.00,-1.0,0.0,0,1,0,0,0,-1,0.00,0.00
83.650,0.0,0.0,0.000,0.000,0.000,0.00,-1.0,0.0,0,1,0,0,0,-1,0.00,0.00
83.717,0.0,0.0,0.000,0.000,0.000,0.00,-1.0,0.0,0,1,0,0,0,-1,0.00,0.00
83.784,0.0,0.0,0.000,0.000,0.000,0.00,-1.0,0.0,0,1,0,0,0,-1,0.00,0.00
83.849,0.0,0.0,0.000,0.000,0.000,0.00,-1.0,0.0,0,1,0,0,0,-1,0.00,0.00
83.900,0.0,0.0,0.000,0.000,0.000,0.00,-1.0,0.0,0,1,0,0,0,-1,0.00,0.00
83.967,0.0,0.0,0.000,0.000,0.000,0.00,-1.0,0.0,0,1,0,0,0,-1,0.00,0.00
84.033,0.0,0.0,0.000,0.000,0.000,0.00,-1.0,0.0,0,1,0,0,0,-1,0.00,0.00
84.084,0.0,0.0,0.000,0.000,0.000,0.00,-1.0,0.0,0,1,0,0,0,-1,0.00,0.00
84.134,0.0,0.0,0.000,0.000,0.000,0.00,-1.0,0.0,0,1,0,0,0,-1,0.00,0.00
84.184,0.0,0.0,0.000,0.000,0.000,0.00,-1.0,0.0,0,1,0,0,0,-1,0.00,0.00
84.250,0.0,0.0,0.000,0.000,0.000,0.00,-1.0,0.0,0,1,0,0,0,-1,0.00,0.00
84.316,0.0,0.0,0.000,0.000,0.000,0.00,-1.0,0.0,0,1,0,0,0,-1,0.00,0.00
84.367,0.0,0.0,0.000,0.000,0.000,0.00,-1.0,0.0,0,1,0,0,0,-1,0.00,0.00
84.433,0.0,0.0,0.000,0.000,0.000,0.00,-1.0,0.0,0,1,0,0,0,-1,0.00,0.00
84.499,0.0,0.0,0.000,0.000,0.000,0.00,-1.0,0.0,0,1,0,0,0,-1,0.00,0.00
84.567,0.0,0.0,0.000,0.000,0.000,0.00,-1.0,0.0,0,1,0,0,0,-1,0.00,0.00
84.634,0.0,0.0,0.000,0.000,0.000,0.00,-1.0,0.0,0,1,0,0,0,-1,0.00,0.00
84.685,0.0,0.0,0.000,0.000,0.000,0.00,-1.0,0.0,0,1,0,0,0,-1,0.00,0.00
84.752,0.0,0.0,0.000,0.000,0.000,0.00,-1.0,0.0,0,1,0,0,0,-1,0.00,0.00
84.816,0.0,0.0,0.000,0.000,0.000,0.00,-1.0,0.0,0,1,0,0,0,-1,0.00,0.00
84.866,0.0,0.0,0.000,0.000,0.000,0.00,-1.0,0.0,0,1,0,0,0,-1,0.00,0.00
84.934,0.0,0.0,0.000,0.000,0.000,0.00,-1.0,0.0,0,1,0,0,0,-1,0.00,0.00
84.984,0.0,0.0,0.000,0.000,0.000,0.00,-1.0,0.0,0,1,0,0,0,-1,0.00,0.00
85.049,0.0,0.0,0.000,0.000,0.000,0.00,-1.0,0.0,0,1,0,0,0,-1,0.00,0.00
85.116,0.0,0.0,0.000,0.000,0.000,0.00,-1.0,0.0,0,1,0,0,0,-1,0.00,0.00
85.182,0.0,0.0,0.000,0.000,0.000,0.00,-1.0,0.0,0,1,0,0,0,-1,0.00,0.00
85.234,0.0,0.0,0.000,0.000,0.000,0.00,-1.0,0.0,0,1,0,0,0,-1,0.00,0.00
85.284,0.0,0.0,0.000,0.000,0.000,0.00,-1.0,0.0,0,1,0,0,0,-1,0.00,0.00
85.351,0.0,0.0,0.000,0.000,0.000,0.00,-1.0,0.0,0,1,0,0,0,-1,0.00,0.00
85.416,0.0,0.0,0.000,0.000,0.000,0.00,-1.0,0.0,0,1,0,0,0,-1,0.00,0.00
85.466,0.0,0.0,0.000,0.000,0.000,0.00,-1.0,0.0,0,1,0,0,0,-1,0.00,0.00
85.534,0.0,0.0,0.000,0.000,0.000,0.00,-1.0,0.0,0,1,0,0,0,-1,0.00,0.00
85.600,0.0,0.0,0.000,0.000,0.000,0.00,-1.0,0.0,0,1,0,0,0,-1,0.00,0.00
85.650,0.0,0.0,0.000,0.000,0.000,0.00,-1.0,0.0,0,1,0,0,0,-1,0.00,0.00
85.700,0.0,0.0,0.000,0.000,0.000,0.00,-1.0,0.0,0,1,0,0,0,-1,0.00,0.00
85.767,0.0,0.0,0.000,0.000,0.000,0.00,-1.0,0.0,0,1,0,0,0,-1,0.00,0.00
85.818,0.0,0.0,0.000,0.000,0.000,0.00,-1.0,0.0,0,1,0,0,0,-1,0.00,0.00
85.868,0.0,0.0,0.000,0.000,0.000,0.00,-1.0,0.0,0,1,0,0,0,-1,0.00,0.00
85.932,0.0,0.0,0.000,0.000,0.000,0.00,-1.0,0.0,0,1,0,0,0,-1,0.00,0.00
85.983,0.0,0.0,0.000,0.000,0.000,0.00,-1.0,0.0,0,1,0,0,0,-1,0.00,0.00
86.051,0.0,0.0,0.000,0.000,0.000,0.00,-1.0,0.0,0,1,0,0,0,-1,0.00,0.00
86.116,0.0,0.0,0.000,0.000,0.000,0.00,-1.0,0.0,0,1,0,0,0,-1,0.00,0.00
86.167,0.0,0.0,0.000,0.000,0.000,0.00,-1.0,0.0,0,1,0,0,0,-1,0.00,0.00
86.233,0.0,0.0,0.000,0.000,0.000,0.00,-1.0,0.0,0,1,0,0,0,-1,0.00,0.00
86.300,0.0,0.0,0.000,0.000,0.000,0.00,-1.0,0.0,0,1,0,0,0,-1,0.00,0.00
86.366,0.0,0.0,0.000,0.000,0.000,0.00,-1.0,0.0,0,1,0,0,0,-1,0.00,0.00
